customerID,gender,SeniorCitizen,Partner,Dependents,tenure,tenure_group,Contract,PaymentMethod,InternetService,MonthlyCharges,TotalCharges,Churn,Probabilidad_Churn,Segmento_Riesgo,Ingreso_Mensual_En_Riesgo
7590-VHVEG,0,0,1,0,1,0-12 meses,Month-to-month,Electronic check,DSL,29.85,29.85,No,0.7538,Alto,29.85
5575-GNVDE,1,0,0,0,34,25-48 meses,One year,Mailed check,DSL,56.95,1889.5,No,0.1808,Bajo,0.0
3668-QPYBK,1,0,0,0,2,0-12 meses,Month-to-month,Mailed check,DSL,53.85,108.15,Yes,0.6137,Alto,53.85
7795-CFOCW,1,0,0,0,45,25-48 meses,One year,Bank transfer (automatic),DSL,42.3,1840.75,No,0.1523,Bajo,0.0
9237-HQITU,0,0,0,0,2,0-12 meses,Month-to-month,Electronic check,Fiber optic,70.7,151.65,Yes,0.8392,Alto,70.7
9305-CDSKC,0,0,0,0,8,0-12 meses,Month-to-month,Electronic check,Fiber optic,99.65,820.5,Yes,0.8965,Alto,99.65
1452-KIOVK,1,0,0,1,22,13-24 meses,Month-to-month,Credit card (automatic),Fiber optic,89.1,1949.4,No,0.6262,Alto,89.1
6713-OKOMC,0,0,0,0,10,0-12 meses,Month-to-month,Mailed check,DSL,29.75,301.9,No,0.4344,Medio,0.0
7892-POOKP,0,0,1,0,28,25-48 meses,Month-to-month,Electronic check,Fiber optic,104.8,3046.05,Yes,0.6973,Alto,104.8
6388-TABGU,1,0,0,1,62,49-72 meses,One year,Bank transfer (automatic),DSL,56.15,3487.95,No,0.1342,Bajo,0.0
9763-GRSKD,1,0,1,1,13,13-24 meses,Month-to-month,Mailed check,DSL,49.95,587.45,No,0.3584,Medio,0.0
7469-LKBCI,1,0,0,0,16,13-24 meses,Two year,Credit card (automatic),No,18.95,326.8,No,0.0888,Bajo,0.0
8091-TTVAX,1,0,1,0,58,49-72 meses,One year,Credit card (automatic),Fiber optic,100.35,5681.1,No,0.3882,Medio,0.0
0280-XJGEX,1,0,0,0,49,49-72 meses,Month-to-month,Bank transfer (automatic),Fiber optic,103.7,5036.3,Yes,0.5992,Medio,0.0
5129-JLPIS,1,0,0,0,25,25-48 meses,Month-to-month,Electronic check,Fiber optic,105.5,2686.05,No,0.6115,Alto,105.5
3655-SNQYZ,0,0,1,1,69,49-72 meses,Two year,Credit card (automatic),Fiber optic,113.25,7895.15,No,0.1187,Bajo,0.0
8191-XWSZG,0,0,0,0,52,49-72 meses,One year,Mailed check,No,20.65,1022.95,No,0.0611,Bajo,0.0
9959-WOFKT,1,0,0,1,71,49-72 meses,Two year,Bank transfer (automatic),Fiber optic,106.7,7382.25,No,0.2759,Bajo,0.0
4190-MFLUW,0,0,1,1,10,0-12 meses,Month-to-month,Credit card (automatic),DSL,55.2,528.35,Yes,0.4146,Medio,0.0
4183-MYFRB,0,0,0,0,21,13-24 meses,Month-to-month,Electronic check,Fiber optic,90.05,1862.9,No,0.7071,Alto,90.05
8779-QRDMV,1,1,0,0,1,0-12 meses,Month-to-month,Electronic check,DSL,39.65,39.65,Yes,0.8313,Alto,39.65
1680-VDCWW,1,0,1,0,12,0-12 meses,One year,Bank transfer (automatic),No,19.8,202.25,No,0.1569,Bajo,0.0
1066-JKSGK,1,0,0,0,1,0-12 meses,Month-to-month,Mailed check,No,20.15,20.15,Yes,0.566,Medio,0.0
3638-WEABW,0,0,1,0,58,49-72 meses,Two year,Credit card (automatic),DSL,59.9,3505.1,No,0.0878,Bajo,0.0
6322-HRPFA,1,0,1,1,49,49-72 meses,Month-to-month,Credit card (automatic),DSL,59.6,2970.3,No,0.1872,Bajo,0.0
6865-JZNKO,0,0,0,0,30,25-48 meses,Month-to-month,Bank transfer (automatic),DSL,55.3,1530.6,No,0.2866,Bajo,0.0
6467-CHFZW,1,0,1,1,47,25-48 meses,Month-to-month,Electronic check,Fiber optic,99.35,4749.15,Yes,0.6715,Alto,99.35
8665-UTDHZ,1,0,1,1,1,0-12 meses,Month-to-month,Electronic check,DSL,30.2,30.2,Yes,0.6931,Alto,30.2
5248-YGIJN,1,0,1,0,72,49-72 meses,Two year,Credit card (automatic),DSL,90.25,6369.45,No,0.0281,Bajo,0.0
8773-HHUOZ,0,0,0,1,17,13-24 meses,Month-to-month,Mailed check,DSL,64.7,1093.1,Yes,0.4767,Medio,0.0
3841-NFECX,0,1,1,0,71,49-72 meses,Two year,Credit card (automatic),Fiber optic,96.35,6766.95,No,0.1251,Bajo,0.0
4929-XIHVW,1,1,1,0,2,0-12 meses,Month-to-month,Credit card (automatic),Fiber optic,95.5,181.65,No,0.8284,Alto,95.5
6827-IEAUQ,0,0,1,1,27,25-48 meses,One year,Mailed check,DSL,66.15,1874.45,No,0.1896,Bajo,0.0
7310-EGVHZ,1,0,0,0,1,0-12 meses,Month-to-month,Bank transfer (automatic),No,20.2,20.2,No,0.5227,Medio,0.0
3413-BMNZE,1,1,0,0,1,0-12 meses,Month-to-month,Bank transfer (automatic),DSL,45.25,45.25,No,0.7323,Alto,45.25
6234-RAAPL,0,0,1,1,72,49-72 meses,Two year,Bank transfer (automatic),Fiber optic,99.9,7251.7,No,0.1127,Bajo,0.0
6047-YHPVI,1,0,0,0,5,0-12 meses,Month-to-month,Electronic check,Fiber optic,69.7,316.9,Yes,0.8221,Alto,69.7
6572-ADKRS,0,0,0,0,46,25-48 meses,Month-to-month,Credit card (automatic),Fiber optic,74.8,3548.3,No,0.4691,Medio,0.0
5380-WJKOV,1,0,0,0,34,25-48 meses,Month-to-month,Electronic check,Fiber optic,106.35,3549.25,Yes,0.6938,Alto,106.35
8168-UQWWF,0,0,0,0,11,0-12 meses,Month-to-month,Bank transfer (automatic),Fiber optic,97.85,1105.4,Yes,0.8402,Alto,97.85
8865-TNMNX,1,0,1,1,10,0-12 meses,One year,Mailed check,DSL,49.55,475.7,No,0.3666,Medio,0.0
9489-DEDVP,0,0,1,1,70,49-72 meses,Two year,Credit card (automatic),DSL,69.2,4872.35,No,0.0851,Bajo,0.0
9867-JCZSP,0,0,1,1,17,13-24 meses,One year,Mailed check,No,20.75,418.25,No,0.0863,Bajo,0.0
4671-VJLCL,0,0,0,0,63,49-72 meses,Two year,Credit card (automatic),DSL,79.85,4861.45,No,0.0928,Bajo,0.0
4080-IIARD,0,0,1,0,13,13-24 meses,Month-to-month,Electronic check,DSL,76.2,981.45,No,0.5006,Medio,0.0
3714-NTNFO,0,0,0,0,49,49-72 meses,Month-to-month,Electronic check,Fiber optic,84.5,3906.7,No,0.6648,Alto,84.5
5948-UJZLF,1,0,0,0,2,0-12 meses,Month-to-month,Mailed check,DSL,49.25,97.0,No,0.6573,Alto,49.25
7760-OYPDY,0,0,0,0,2,0-12 meses,Month-to-month,Electronic check,Fiber optic,80.65,144.15,Yes,0.8649,Alto,80.65
7639-LIAYI,1,0,0,0,52,49-72 meses,Two year,Credit card (automatic),DSL,79.75,4217.8,No,0.1016,Bajo,0.0
2954-PIBKO,0,0,1,1,69,49-72 meses,Two year,Credit card (automatic),DSL,64.15,4254.1,No,0.066,Bajo,0.0
8012-SOUDQ,0,1,0,0,43,25-48 meses,Month-to-month,Electronic check,Fiber optic,90.25,3838.75,No,0.6633,Alto,90.25
9420-LOJKX,0,0,0,0,15,13-24 meses,Month-to-month,Credit card (automatic),Fiber optic,99.1,1426.4,Yes,0.6757,Alto,99.1
6575-SUVOI,0,1,1,0,25,25-48 meses,Month-to-month,Credit card (automatic),DSL,69.5,1752.65,No,0.2616,Bajo,0.0
7495-OOKFY,0,1,1,0,8,0-12 meses,Month-to-month,Credit card (automatic),Fiber optic,80.65,633.3,Yes,0.8038,Alto,80.65
4667-QONEA,0,1,1,1,60,49-72 meses,One year,Credit card (automatic),DSL,74.85,4456.35,No,0.2004,Bajo,0.0
1658-BYGOY,1,1,0,0,18,13-24 meses,Month-to-month,Electronic check,Fiber optic,95.45,1752.55,Yes,0.803,Alto,95.45
8769-KKTPH,0,0,1,1,63,49-72 meses,One year,Credit card (automatic),Fiber optic,99.65,6311.2,No,0.3696,Medio,0.0
5067-XJQFU,1,1,1,1,66,49-72 meses,One year,Electronic check,Fiber optic,108.45,7076.35,No,0.4513,Medio,0.0
3957-SQXML,0,0,1,1,34,25-48 meses,Two year,Credit card (automatic),No,24.95,894.3,No,0.0512,Bajo,0.0
5954-BDFSG,0,0,0,0,72,49-72 meses,Two year,Credit card (automatic),Fiber optic,107.5,7853.7,No,0.1983,Bajo,0.0
0434-CSFON,0,0,1,0,47,25-48 meses,Month-to-month,Electronic check,Fiber optic,100.5,4707.1,No,0.6745,Alto,100.5
1215-FIGMP,1,0,0,0,60,49-72 meses,Month-to-month,Bank transfer (automatic),Fiber optic,89.9,5450.7,No,0.4645,Medio,0.0
0526-SXDJP,1,0,1,0,72,49-72 meses,Two year,Bank transfer (automatic),DSL,42.1,2962.0,No,0.092,Bajo,0.0
0557-ASKVU,0,0,1,1,18,13-24 meses,One year,Credit card (automatic),DSL,54.4,957.1,No,0.3331,Medio,0.0
5698-BQJOH,0,0,0,0,9,0-12 meses,Month-to-month,Electronic check,Fiber optic,94.4,857.25,Yes,0.8442,Alto,94.4
5122-CYFXA,0,0,0,0,3,0-12 meses,Month-to-month,Electronic check,DSL,75.3,244.1,No,0.6736,Alto,75.3
8627-ZYGSZ,1,0,1,0,47,25-48 meses,One year,Electronic check,Fiber optic,78.9,3650.35,No,0.4467,Medio,0.0
3410-YOQBQ,0,0,0,0,31,25-48 meses,Two year,Mailed check,DSL,79.2,2497.2,No,0.1237,Bajo,0.0
3170-NMYVV,0,0,1,1,50,49-72 meses,Two year,Bank transfer (automatic),No,20.15,930.9,No,0.0286,Bajo,0.0
7410-OIEDU,1,0,0,0,10,0-12 meses,Month-to-month,Mailed check,Fiber optic,79.85,887.35,No,0.681,Alto,79.85
2273-QCKXA,1,0,0,0,1,0-12 meses,Month-to-month,Mailed check,DSL,49.05,49.05,No,0.6471,Alto,49.05
0731-EBJQB,0,0,1,1,52,49-72 meses,One year,Electronic check,No,20.4,1090.65,No,0.0833,Bajo,0.0
1891-QRQSA,1,1,1,1,64,49-72 meses,Two year,Bank transfer (automatic),Fiber optic,111.6,7099.0,No,0.2606,Bajo,0.0
8028-PNXHQ,1,0,1,1,62,49-72 meses,Two year,Bank transfer (automatic),No,24.25,1424.6,No,0.0208,Bajo,0.0
5630-AHZIL,0,0,0,1,3,0-12 meses,Month-to-month,Bank transfer (automatic),DSL,64.5,177.4,No,0.4996,Medio,0.0
2673-CXQEU,0,1,0,0,56,49-72 meses,One year,Electronic check,Fiber optic,110.5,6139.5,No,0.4089,Medio,0.0
6416-JNVRK,0,0,0,0,46,25-48 meses,One year,Credit card (automatic),DSL,55.65,2688.85,No,0.2593,Bajo,0.0
5590-ZSKRV,0,0,1,1,8,0-12 meses,Month-to-month,Mailed check,DSL,54.65,482.25,No,0.3797,Medio,0.0
0191-ZHSKZ,1,1,0,0,30,25-48 meses,Month-to-month,Electronic check,DSL,74.75,2111.3,No,0.4211,Medio,0.0
3887-PBQAO,0,0,1,1,45,25-48 meses,One year,Credit card (automatic),No,25.9,1216.6,No,0.0752,Bajo,0.0
5919-TMRGD,0,0,0,1,1,0-12 meses,Month-to-month,Electronic check,Fiber optic,79.35,79.35,Yes,0.8935,Alto,79.35
8108-UXRQN,0,0,1,1,11,0-12 meses,Month-to-month,Electronic check,DSL,50.55,565.35,No,0.4981,Medio,0.0
9191-MYQKX,0,0,1,0,7,0-12 meses,Month-to-month,Bank transfer (automatic),Fiber optic,75.15,496.9,Yes,0.8071,Alto,75.15
9919-YLNNG,0,0,0,0,42,25-48 meses,Month-to-month,Bank transfer (automatic),Fiber optic,103.8,4327.5,No,0.5041,Medio,0.0
0318-ZOPWS,0,0,1,0,49,49-72 meses,Two year,Bank transfer (automatic),No,20.15,973.35,No,0.0413,Bajo,0.0
4445-ZJNMU,1,0,0,0,9,0-12 meses,Month-to-month,Credit card (automatic),Fiber optic,99.3,918.75,No,0.8353,Alto,99.3
4808-YNLEU,0,0,1,0,35,25-48 meses,One year,Bank transfer (automatic),DSL,62.15,2215.45,No,0.1988,Bajo,0.0
1862-QRWPE,0,0,1,1,48,25-48 meses,Two year,Bank transfer (automatic),No,20.65,1057.0,No,0.0222,Bajo,0.0
2796-NNUFI,0,0,1,1,46,25-48 meses,Two year,Mailed check,No,19.95,927.1,No,0.0378,Bajo,0.0
3016-KSVCP,1,0,1,0,29,25-48 meses,Month-to-month,Mailed check,DSL,33.75,1009.25,No,0.4066,Medio,0.0
4767-HZZHQ,1,0,1,1,30,25-48 meses,Month-to-month,Bank transfer (automatic),Fiber optic,82.05,2570.2,No,0.4707,Medio,0.0
2424-WVHPL,1,1,0,0,1,0-12 meses,Month-to-month,Electronic check,Fiber optic,74.7,74.7,No,0.7932,Alto,74.7
7233-PAHHL,1,0,1,1,66,49-72 meses,Two year,Mailed check,DSL,84.0,5714.25,No,0.0642,Bajo,0.0
6067-NGCEU,0,0,0,0,65,49-72 meses,Month-to-month,Credit card (automatic),Fiber optic,111.05,7107.0,No,0.3785,Medio,0.0
9848-JQJTX,1,0,0,0,72,49-72 meses,Two year,Bank transfer (automatic),Fiber optic,100.9,7459.05,No,0.2692,Bajo,0.0
8637-XJIVR,0,0,0,0,12,0-12 meses,Month-to-month,Electronic check,Fiber optic,78.95,927.35,Yes,0.7372,Alto,78.95
9803-FTJCG,1,0,1,1,71,49-72 meses,One year,Credit card (automatic),DSL,66.85,4748.7,No,0.1323,Bajo,0.0
0278-YXOOG,1,0,0,0,5,0-12 meses,Month-to-month,Mailed check,No,21.05,113.85,Yes,0.2518,Bajo,0.0
3212-KXOCR,1,0,0,0,52,49-72 meses,Two year,Bank transfer (automatic),No,21.0,1107.2,No,0.0491,Bajo,0.0
4598-XLKNJ,0,1,1,0,25,25-48 meses,Month-to-month,Electronic check,Fiber optic,98.5,2514.5,Yes,0.7354,Alto,98.5
6380-ARCEH,1,0,0,0,1,0-12 meses,Month-to-month,Mailed check,No,20.2,20.2,No,0.5594,Medio,0.0
3679-XASPY,0,0,1,1,1,0-12 meses,Month-to-month,Electronic check,No,19.45,19.45,No,0.4384,Medio,0.0
7123-WQUHX,1,0,0,0,38,25-48 meses,One year,Bank transfer (automatic),Fiber optic,95.0,3605.6,No,0.3502,Medio,0.0
5386-THSLQ,0,1,1,0,66,49-72 meses,One year,Bank transfer (automatic),DSL,45.55,3027.25,No,0.2752,Bajo,0.0
3192-NQECA,1,0,1,0,68,49-72 meses,Two year,Bank transfer (automatic),Fiber optic,110.0,7611.85,Yes,0.3276,Medio,0.0
6180-YBIQI,1,0,0,0,5,0-12 meses,Month-to-month,Mailed check,DSL,24.3,100.2,No,0.6411,Alto,24.3
6728-DKUCO,0,0,1,1,72,49-72 meses,One year,Electronic check,Fiber optic,104.15,7303.05,No,0.3444,Medio,0.0
9750-BOOHV,0,0,0,0,32,25-48 meses,One year,Mailed check,DSL,30.15,927.65,No,0.2415,Bajo,0.0
8597-CWYHH,1,0,0,0,43,25-48 meses,One year,Mailed check,Fiber optic,94.35,3921.3,No,0.4522,Medio,0.0
2848-YXSMW,1,0,1,1,72,49-72 meses,Two year,Credit card (automatic),No,19.4,1363.25,No,0.0228,Bajo,0.0
0486-HECZI,1,0,1,0,55,49-72 meses,Month-to-month,Electronic check,Fiber optic,96.75,5238.9,Yes,0.539,Medio,0.0
4549-ZDQYY,0,0,0,0,52,49-72 meses,One year,Credit card (automatic),DSL,57.95,3042.25,No,0.137,Bajo,0.0
5712-AHQNN,0,0,0,0,43,25-48 meses,Month-to-month,Electronic check,Fiber optic,91.65,3954.1,No,0.5806,Medio,0.0
4846-WHAFZ,0,1,1,0,37,25-48 meses,Month-to-month,Electronic check,Fiber optic,76.5,2868.15,Yes,0.6989,Alto,76.5
5256-SKJGO,0,0,1,1,64,49-72 meses,Two year,Electronic check,DSL,54.6,3423.5,No,0.1673,Bajo,0.0
3071-VBYPO,1,0,1,1,3,0-12 meses,Month-to-month,Electronic check,Fiber optic,89.85,248.4,No,0.68,Alto,89.85
9560-BBZXK,0,0,0,0,36,25-48 meses,Two year,Bank transfer (automatic),DSL,31.05,1126.35,No,0.186,Bajo,0.0
5299-RULOA,0,0,1,1,10,0-12 meses,Month-to-month,Electronic check,Fiber optic,100.25,1064.65,Yes,0.8208,Alto,100.25
8402-OOOHJ,0,0,0,0,41,25-48 meses,Two year,Mailed check,No,20.65,835.15,No,0.0334,Bajo,0.0
9445-ZUEQE,1,0,1,1,27,25-48 meses,Month-to-month,Credit card (automatic),Fiber optic,85.2,2151.6,No,0.4953,Medio,0.0
1091-SOZGA,0,0,1,1,56,49-72 meses,One year,Credit card (automatic),Fiber optic,99.8,5515.45,No,0.4075,Medio,0.0
2928-HLDBA,0,0,0,0,6,0-12 meses,Month-to-month,Mailed check,No,20.7,112.75,No,0.2387,Bajo,0.0
0404-SWRVG,1,0,0,0,3,0-12 meses,Month-to-month,Electronic check,Fiber optic,74.4,229.55,Yes,0.8603,Alto,74.4
6497-TILVL,0,0,1,1,7,0-12 meses,Month-to-month,Mailed check,DSL,50.7,350.35,No,0.4316,Medio,0.0
7219-TLZHO,0,0,1,1,4,0-12 meses,Month-to-month,Mailed check,No,20.85,62.9,No,0.2495,Bajo,0.0
4622-YNKIJ,1,0,0,0,33,25-48 meses,Two year,Electronic check,Fiber optic,88.95,3027.65,No,0.3254,Medio,0.0
4412-YLTKF,0,1,0,0,27,25-48 meses,Month-to-month,Electronic check,Fiber optic,78.05,2135.5,Yes,0.7001,Alto,78.05
6734-PSBAW,1,0,1,0,72,49-72 meses,Two year,Bank transfer (automatic),No,23.55,1723.95,No,0.0295,Bajo,0.0
3930-ZGWVE,1,0,0,0,1,0-12 meses,Month-to-month,Mailed check,No,19.75,19.75,No,0.5339,Medio,0.0
2639-UGMAZ,1,1,0,0,71,49-72 meses,One year,Electronic check,DSL,56.45,3985.35,No,0.295,Bajo,0.0
2876-GZYZC,0,0,0,0,13,13-24 meses,Month-to-month,Electronic check,Fiber optic,85.95,1215.65,No,0.8067,Alto,85.95
6207-WIOLX,0,0,1,1,25,25-48 meses,Month-to-month,Credit card (automatic),DSL,58.6,1502.65,Yes,0.3527,Medio,0.0
8587-XYZSF,1,0,0,0,67,49-72 meses,Two year,Bank transfer (automatic),DSL,50.55,3260.1,No,0.1031,Bajo,0.0
3091-FYHKI,1,0,0,0,1,0-12 meses,Month-to-month,Electronic check,DSL,35.45,35.45,Yes,0.8259,Alto,35.45
2372-HWUHI,1,0,0,0,2,0-12 meses,Month-to-month,Electronic check,DSL,44.35,81.25,Yes,0.7497,Alto,44.35
7799-LGRDP,0,0,0,0,43,25-48 meses,Two year,Credit card (automatic),No,25.7,1188.2,No,0.0776,Bajo,0.0
7850-VWJUU,0,0,0,0,23,13-24 meses,Month-to-month,Bank transfer (automatic),Fiber optic,75.0,1778.5,No,0.5202,Medio,0.0
3774-VBNXY,0,0,1,1,64,49-72 meses,Two year,Mailed check,No,20.2,1277.75,No,0.0235,Bajo,0.0
6217-KDYWC,1,0,0,1,57,49-72 meses,Two year,Mailed check,No,19.6,1170.55,No,0.076,Bajo,0.0
0390-DCFDQ,0,1,1,0,1,0-12 meses,Month-to-month,Mailed check,Fiber optic,70.45,70.45,Yes,0.8703,Alto,70.45
3146-MSEGF,0,1,1,1,72,49-72 meses,Two year,Credit card (automatic),DSL,88.05,6425.65,No,0.0494,Bajo,0.0
4080-OGPJL,0,0,0,0,8,0-12 meses,Month-to-month,Electronic check,DSL,71.15,563.65,Yes,0.56,Medio,0.0
1095-WGNGG,0,0,1,0,61,49-72 meses,Two year,Bank transfer (automatic),Fiber optic,101.05,5971.25,No,0.2966,Bajo,0.0
2636-SJDOU,1,0,0,0,64,49-72 meses,One year,Credit card (automatic),Fiber optic,84.3,5289.05,No,0.2828,Bajo,0.0
1131-QQZEB,1,1,1,0,71,49-72 meses,Two year,Bank transfer (automatic),No,23.95,1756.2,No,0.0306,Bajo,0.0
5716-EZXZN,0,0,1,1,65,49-72 meses,Two year,Credit card (automatic),Fiber optic,99.05,6416.7,No,0.163,Bajo,0.0
6837-BJYDQ,1,0,0,0,3,0-12 meses,One year,Mailed check,No,19.6,61.35,No,0.1326,Bajo,0.0
2135-RXIHG,1,0,0,0,1,0-12 meses,Month-to-month,Electronic check,DSL,45.65,45.65,Yes,0.802,Alto,45.65
6440-DKQGE,1,0,0,1,30,25-48 meses,One year,Credit card (automatic),DSL,64.5,1929.95,No,0.2548,Bajo,0.0
3466-BYAVD,1,0,1,1,15,13-24 meses,Month-to-month,Mailed check,DSL,69.5,1071.4,No,0.406,Medio,0.0
3780-YVMFA,0,0,1,1,8,0-12 meses,Month-to-month,Electronic check,DSL,68.55,564.35,No,0.5666,Medio,0.0
3874-EQOEP,1,0,0,0,7,0-12 meses,Month-to-month,Mailed check,Fiber optic,95.0,655.5,Yes,0.8274,Alto,95.0
1679-JRFBR,0,0,1,1,70,49-72 meses,One year,Credit card (automatic),Fiber optic,108.15,7930.55,No,0.2914,Bajo,0.0
9073-ZZIAY,1,0,1,1,62,49-72 meses,Two year,Electronic check,DSL,86.1,5215.25,No,0.1152,Bajo,0.0
3077-RSNTJ,0,0,1,1,6,0-12 meses,Month-to-month,Mailed check,No,19.7,113.5,No,0.2141,Bajo,0.0
6551-GNYDG,0,0,1,1,14,13-24 meses,Month-to-month,Bank transfer (automatic),Fiber optic,80.9,1152.8,No,0.7243,Alto,80.9
9167-APMXZ,0,0,0,0,22,13-24 meses,Month-to-month,Bank transfer (automatic),Fiber optic,84.15,1821.95,No,0.6447,Alto,84.15
2749-CTKAJ,1,0,1,1,22,13-24 meses,One year,Mailed check,No,20.15,419.9,No,0.0487,Bajo,0.0
6371-NZYEG,1,0,1,1,16,13-24 meses,Two year,Mailed check,DSL,64.25,1024.0,No,0.187,Bajo,0.0
7554-NEWDD,1,0,0,0,10,0-12 meses,Two year,Bank transfer (automatic),No,25.7,251.6,No,0.1418,Bajo,0.0
8992-VONJD,0,0,0,1,13,13-24 meses,Month-to-month,Electronic check,DSL,56.0,764.55,No,0.4598,Medio,0.0
0867-MKZVY,0,0,1,0,20,13-24 meses,Month-to-month,Electronic check,Fiber optic,82.4,1592.35,Yes,0.626,Alto,82.4
4482-EWFMI,0,0,0,0,2,0-12 meses,Month-to-month,Electronic check,Fiber optic,69.7,135.2,No,0.8329,Alto,69.7
4648-YPBTM,1,0,0,0,53,49-72 meses,Two year,Bank transfer (automatic),DSL,73.9,3958.25,No,0.0959,Bajo,0.0
2907-ILJBN,0,0,1,1,11,0-12 meses,One year,Mailed check,No,20.6,233.9,No,0.128,Bajo,0.0
6345-FZOQH,1,0,1,0,69,49-72 meses,Two year,Mailed check,No,19.9,1363.45,No,0.033,Bajo,0.0
3376-BMGFE,0,0,0,0,4,0-12 meses,Month-to-month,Bank transfer (automatic),Fiber optic,70.9,273.0,Yes,0.8279,Alto,70.9
5997-OPVFA,1,0,1,0,72,49-72 meses,Two year,Bank transfer (automatic),DSL,89.05,6254.45,No,0.027,Bajo,0.0
3445-HXXGF,1,1,1,0,58,49-72 meses,Month-to-month,Electronic check,DSL,45.3,2651.2,Yes,0.5044,Medio,0.0
1159-WFSGR,0,0,1,1,16,13-24 meses,Month-to-month,Electronic check,No,20.4,321.4,No,0.1839,Bajo,0.0
7654-YWJUF,1,0,1,0,43,25-48 meses,One year,Bank transfer (automatic),Fiber optic,84.25,3539.25,No,0.3024,Medio,0.0
1875-QIVME,0,0,1,0,2,0-12 meses,Month-to-month,Electronic check,Fiber optic,104.4,242.8,Yes,0.8477,Alto,104.4
6727-IOTLZ,1,0,1,0,14,13-24 meses,Two year,Mailed check,DSL,81.95,1181.75,No,0.2465,Bajo,0.0
0691-JVSYA,0,0,1,0,53,49-72 meses,One year,Bank transfer (automatic),Fiber optic,94.85,5000.2,Yes,0.4391,Medio,0.0
5918-VUKWP,0,0,0,0,32,25-48 meses,One year,Bank transfer (automatic),No,20.55,654.55,No,0.0807,Bajo,0.0
1744-JHKYS,0,0,1,0,34,25-48 meses,Month-to-month,Electronic check,No,24.7,780.2,No,0.1381,Bajo,0.0
2656-FMOKZ,0,1,0,0,15,13-24 meses,Month-to-month,Mailed check,Fiber optic,74.45,1145.7,Yes,0.7308,Alto,74.45
2070-FNEXE,0,1,0,0,7,0-12 meses,Month-to-month,Bank transfer (automatic),Fiber optic,76.45,503.6,Yes,0.6706,Alto,76.45
5947-SGKCL,0,0,1,1,15,13-24 meses,Month-to-month,Bank transfer (automatic),Fiber optic,105.35,1559.25,No,0.6991,Alto,105.35
3712-PKXZA,1,0,1,0,61,49-72 meses,One year,Credit card (automatic),No,20.55,1252.0,No,0.0667,Bajo,0.0
6317-YPKDH,0,0,0,0,1,0-12 meses,Month-to-month,Bank transfer (automatic),DSL,29.95,29.95,Yes,0.673,Alto,29.95
6582-OIVSP,0,0,0,0,1,0-12 meses,Month-to-month,Mailed check,DSL,45.3,45.3,No,0.7201,Alto,45.3
9367-WXLCH,1,0,0,0,8,0-12 meses,Month-to-month,Bank transfer (automatic),Fiber optic,84.5,662.65,Yes,0.8004,Alto,84.5
5524-KHNJP,1,0,1,1,33,25-48 meses,One year,Credit card (automatic),DSL,74.75,2453.3,No,0.2457,Bajo,0.0
1918-ZBFQJ,0,0,0,0,13,13-24 meses,Month-to-month,Electronic check,Fiber optic,79.25,1111.65,Yes,0.7824,Alto,79.25
1024-GUALD,0,0,1,0,1,0-12 meses,Month-to-month,Electronic check,DSL,24.8,24.8,Yes,0.7944,Alto,24.8
4827-USJHP,1,0,0,0,20,13-24 meses,Month-to-month,Mailed check,DSL,51.8,1023.85,No,0.4359,Medio,0.0
8167-GJLRN,1,0,0,0,3,0-12 meses,Month-to-month,Electronic check,DSL,30.4,82.15,No,0.6629,Alto,30.4
0956-SYCWG,0,0,0,0,13,13-24 meses,One year,Electronic check,No,19.65,244.8,No,0.1546,Bajo,0.0
8017-UVSZU,0,0,1,0,40,25-48 meses,Month-to-month,Credit card (automatic),DSL,56.6,2379.1,No,0.3051,Medio,0.0
7100-FQPRV,1,0,1,1,43,25-48 meses,One year,Credit card (automatic),DSL,71.9,3173.35,No,0.202,Bajo,0.0
2472-OVKUP,1,0,1,0,6,0-12 meses,Month-to-month,Electronic check,Fiber optic,91.0,531.0,Yes,0.8476,Alto,91.0
2984-RGEYA,0,0,1,1,69,49-72 meses,Two year,Bank transfer (automatic),No,19.75,1375.4,No,0.0258,Bajo,0.0
9680-NIAUV,0,0,1,1,72,49-72 meses,Two year,Credit card (automatic),Fiber optic,109.7,8129.3,No,0.1036,Bajo,0.0
2146-EGVDT,1,0,1,1,59,49-72 meses,Two year,Credit card (automatic),No,19.3,1192.7,No,0.037,Bajo,0.0
2604-IJPDU,0,0,1,0,20,13-24 meses,Month-to-month,Electronic check,Fiber optic,96.55,1901.65,No,0.6381,Alto,96.55
9178-JHUVJ,1,0,1,1,24,13-24 meses,Two year,Bank transfer (automatic),No,24.1,587.4,No,0.0637,Bajo,0.0
6168-YBYNP,1,0,0,0,59,49-72 meses,Month-to-month,Electronic check,Fiber optic,111.35,6519.75,No,0.5399,Medio,0.0
7255-SSFBC,1,0,1,1,72,49-72 meses,Two year,Bank transfer (automatic),Fiber optic,112.25,8041.65,No,0.1742,Bajo,0.0
3645-DEYGF,1,0,0,1,1,0-12 meses,Month-to-month,Mailed check,No,20.75,20.75,No,0.463,Medio,0.0
9323-HGFWY,0,0,1,0,27,25-48 meses,One year,Credit card (automatic),Fiber optic,101.9,2681.15,No,0.4793,Medio,0.0
8544-GOQSH,0,0,0,0,14,13-24 meses,Month-to-month,Credit card (automatic),Fiber optic,80.05,1112.3,No,0.6629,Alto,80.05
3363-DTIVD,1,0,1,1,71,49-72 meses,Two year,Electronic check,Fiber optic,105.55,7405.5,No,0.3031,Medio,0.0
7018-WBJNK,1,0,0,1,13,13-24 meses,Month-to-month,Credit card (automatic),Fiber optic,78.3,1033.95,No,0.6867,Alto,78.3
9142-KZXOP,1,0,0,0,44,25-48 meses,Month-to-month,Credit card (automatic),Fiber optic,68.85,2958.95,No,0.4454,Medio,0.0
7674-YTAFD,0,0,0,0,33,25-48 meses,One year,Bank transfer (automatic),Fiber optic,79.95,2684.85,No,0.3575,Medio,0.0
6348-SNFUS,1,0,1,1,72,49-72 meses,Two year,Credit card (automatic),DSL,55.45,4179.2,No,0.0261,Bajo,0.0
1285-OKIPP,1,0,0,0,1,0-12 meses,Month-to-month,Electronic check,Fiber optic,79.9,79.9,Yes,0.875,Alto,79.9
7825-ECJRF,0,0,0,0,19,13-24 meses,Month-to-month,Electronic check,Fiber optic,106.6,1934.45,Yes,0.6793,Alto,106.6
1347-KTTTA,1,0,1,0,64,49-72 meses,One year,Credit card (automatic),Fiber optic,102.45,6654.1,No,0.3599,Medio,0.0
7841-TZDMQ,1,0,0,0,2,0-12 meses,Month-to-month,Credit card (automatic),DSL,46.0,84.5,Yes,0.7245,Alto,46.0
4195-NZGTA,0,0,0,0,1,0-12 meses,Month-to-month,Electronic check,DSL,25.25,25.25,No,0.7523,Alto,25.25
7157-SMCFK,1,0,0,1,61,49-72 meses,Two year,Mailed check,No,19.75,1124.2,No,0.0727,Bajo,0.0
4709-LKHYG,0,0,1,1,29,25-48 meses,One year,Electronic check,No,20.0,540.05,No,0.0836,Bajo,0.0
2504-DSHIH,1,1,1,0,23,13-24 meses,Month-to-month,Electronic check,Fiber optic,86.8,1975.85,No,0.6898,Alto,86.8
0699-NDKJM,0,0,1,0,57,49-72 meses,Month-to-month,Bank transfer (automatic),DSL,58.75,3437.45,No,0.2579,Bajo,0.0
9286-BHDQG,1,0,1,1,72,49-72 meses,Two year,Credit card (automatic),DSL,45.25,3139.8,No,0.0488,Bajo,0.0
0230-WEQUW,1,0,1,0,66,49-72 meses,Two year,Bank transfer (automatic),DSL,56.6,3789.2,No,0.0344,Bajo,0.0
2040-LDIWQ,1,0,1,1,65,49-72 meses,Two year,Bank transfer (automatic),DSL,84.2,5324.5,No,0.0879,Bajo,0.0
6496-JDSSB,0,0,0,0,8,0-12 meses,Month-to-month,Bank transfer (automatic),Fiber optic,80.0,624.6,No,0.816,Alto,80.0
9408-SSNVZ,0,0,0,0,4,0-12 meses,Month-to-month,Electronic check,Fiber optic,70.15,268.35,Yes,0.832,Alto,70.15
4443-EMBNA,0,0,1,0,71,49-72 meses,Two year,Bank transfer (automatic),No,24.75,1836.9,No,0.0216,Bajo,0.0
6469-MRVET,1,0,1,1,1,0-12 meses,One year,Electronic check,No,20.2,20.2,No,0.3814,Medio,0.0
0742-MOABM,1,0,1,0,4,0-12 meses,Month-to-month,Mailed check,DSL,50.05,179.35,Yes,0.5877,Medio,0.0
5961-VUSRV,0,0,0,0,12,0-12 meses,One year,Bank transfer (automatic),No,19.35,219.35,No,0.135,Bajo,0.0
6778-JFCMK,1,0,0,0,24,13-24 meses,One year,Mailed check,DSL,50.6,1288.75,No,0.2793,Bajo,0.0
6341-JVQGF,0,0,1,1,31,25-48 meses,One year,Mailed check,DSL,81.15,2545.75,No,0.2445,Bajo,0.0
2232-DMLXU,0,0,1,0,1,0-12 meses,Month-to-month,Mailed check,DSL,55.2,55.2,Yes,0.6808,Alto,55.2
4811-JBUVU,1,0,0,0,30,25-48 meses,Month-to-month,Credit card (automatic),Fiber optic,89.9,2723.15,No,0.5227,Medio,0.0
0945-TSONX,0,0,1,1,47,25-48 meses,Two year,Credit card (automatic),DSL,85.3,4107.25,No,0.0765,Bajo,0.0
2651-ZCBXV,1,0,0,0,54,49-72 meses,Two year,Credit card (automatic),Fiber optic,108.0,5760.65,No,0.3378,Medio,0.0
3316-UWXUY,1,0,0,0,50,49-72 meses,Month-to-month,Credit card (automatic),Fiber optic,93.5,4747.5,No,0.3654,Medio,0.0
8937-RDTHP,1,0,0,0,1,0-12 meses,Month-to-month,Mailed check,Fiber optic,84.6,84.6,Yes,0.8121,Alto,84.6
7083-MIOPC,0,0,0,0,72,49-72 meses,Two year,Credit card (automatic),No,20.25,1566.9,No,0.0299,Bajo,0.0
1984-GPTEH,0,0,0,0,29,25-48 meses,Month-to-month,Electronic check,No,25.15,702.0,No,0.1664,Bajo,0.0
1251-KRREG,1,0,0,0,2,0-12 meses,Month-to-month,Mailed check,DSL,54.4,114.1,Yes,0.6928,Alto,54.4
0621-JFHOL,0,0,0,0,10,0-12 meses,Two year,Mailed check,DSL,29.6,299.05,No,0.3308,Medio,0.0
9903-LYSAB,1,0,1,0,18,13-24 meses,Month-to-month,Electronic check,Fiber optic,73.15,1305.95,No,0.7144,Alto,73.15
0094-OIFMO,0,1,0,0,11,0-12 meses,Month-to-month,Electronic check,Fiber optic,95.0,1120.3,Yes,0.8272,Alto,95.0
9227-UAQFT,1,0,0,0,16,13-24 meses,Two year,Mailed check,No,19.75,284.35,No,0.1027,Bajo,0.0
7301-ABVAD,0,0,0,0,72,49-72 meses,Two year,Bank transfer (automatic),DSL,86.6,6350.5,No,0.0599,Bajo,0.0
6614-FHDBO,1,0,0,0,72,49-72 meses,Two year,Bank transfer (automatic),Fiber optic,109.2,7878.3,No,0.194,Bajo,0.0
7576-ASEJU,0,0,1,1,41,25-48 meses,One year,Credit card (automatic),DSL,74.7,3187.65,No,0.2343,Bajo,0.0
9058-HRZSV,0,1,1,0,65,49-72 meses,Month-to-month,Electronic check,Fiber optic,94.4,6126.15,No,0.3809,Medio,0.0
4522-AKYLR,0,1,0,0,13,13-24 meses,Month-to-month,Electronic check,DSL,54.8,731.3,No,0.5287,Medio,0.0
0221-WMXNQ,1,1,0,0,4,0-12 meses,Month-to-month,Electronic check,Fiber optic,75.35,273.4,No,0.6869,Alto,75.35
0303-UNCIP,1,0,0,0,41,25-48 meses,One year,Mailed check,DSL,65.0,2531.8,No,0.2696,Bajo,0.0
9947-OTFQU,1,1,0,0,15,13-24 meses,Month-to-month,Electronic check,Fiber optic,74.4,1074.3,Yes,0.7589,Alto,74.4
0322-YINQP,1,0,0,0,1,0-12 meses,Month-to-month,Mailed check,DSL,48.55,48.55,Yes,0.6535,Alto,48.55
0959-WHOKV,1,0,0,0,42,25-48 meses,One year,Electronic check,Fiber optic,99.0,4298.45,No,0.5105,Medio,0.0
4075-JFPGR,0,0,1,0,51,49-72 meses,One year,Electronic check,Fiber optic,93.5,4619.55,No,0.397,Medio,0.0
4629-NRXKX,0,0,1,1,2,0-12 meses,Month-to-month,Electronic check,Fiber optic,70.4,147.15,Yes,0.7881,Alto,70.4
9514-JDSKI,1,1,1,0,1,0-12 meses,Month-to-month,Electronic check,DSL,40.2,40.2,Yes,0.7328,Alto,40.2
3282-ZISZV,1,0,0,1,32,25-48 meses,One year,Credit card (automatic),DSL,83.7,2633.3,No,0.2706,Bajo,0.0
3675-YDUPJ,1,0,0,0,10,0-12 meses,Month-to-month,Mailed check,No,19.85,193.05,No,0.2157,Bajo,0.0
4111-BNXIF,0,0,1,1,67,49-72 meses,Two year,Electronic check,DSL,59.55,4103.9,No,0.1331,Bajo,0.0
7017-VFHAY,0,0,1,1,61,49-72 meses,Two year,Credit card (automatic),Fiber optic,115.1,7008.15,No,0.1715,Bajo,0.0
6655-LHBYW,1,0,0,0,50,49-72 meses,One year,Credit card (automatic),Fiber optic,114.35,5791.1,No,0.3568,Medio,0.0
4959-JOSRX,0,0,1,0,2,0-12 meses,Month-to-month,Credit card (automatic),DSL,44.6,80.55,Yes,0.7056,Alto,44.6
5046-NUHWD,0,1,1,0,29,25-48 meses,Month-to-month,Electronic check,DSL,45.0,1228.65,No,0.4425,Medio,0.0
7273-TEFQD,1,1,0,0,3,0-12 meses,Month-to-month,Electronic check,DSL,41.15,132.2,Yes,0.7887,Alto,41.15
3606-TWKGI,1,1,0,0,13,13-24 meses,Month-to-month,Electronic check,Fiber optic,106.9,1364.3,Yes,0.8178,Alto,106.9
7529-ZDFXI,1,1,1,0,57,49-72 meses,Month-to-month,Electronic check,Fiber optic,89.85,4925.35,No,0.5777,Medio,0.0
7605-BDWDC,0,0,0,0,31,25-48 meses,Two year,Bank transfer (automatic),DSL,49.85,1520.1,No,0.1013,Bajo,0.0
1950-KSVVJ,0,0,1,0,45,25-48 meses,One year,Mailed check,Fiber optic,113.3,5032.25,No,0.3427,Medio,0.0
0123-CRBRT,0,0,1,1,61,49-72 meses,Two year,Mailed check,DSL,88.1,5526.75,No,0.0393,Bajo,0.0
6292-TOSSS,1,0,0,0,50,49-72 meses,Two year,Bank transfer (automatic),No,24.9,1195.25,No,0.0678,Bajo,0.0
3197-ARFOY,0,1,0,0,19,13-24 meses,Month-to-month,Mailed check,Fiber optic,105.0,2007.25,No,0.6133,Alto,105.0
6323-AYBRX,1,0,0,0,59,49-72 meses,Two year,Mailed check,No,19.35,1099.6,Yes,0.0925,Bajo,0.0
7014-ZZXAW,0,0,1,0,71,49-72 meses,Two year,Credit card (automatic),No,24.25,1732.95,No,0.0332,Bajo,0.0
4385-GZQXV,0,1,0,0,16,13-24 meses,Month-to-month,Electronic check,Fiber optic,94.45,1511.2,Yes,0.7438,Alto,94.45
7633-MVPUY,1,0,1,0,57,49-72 meses,Two year,Electronic check,DSL,59.75,3450.15,No,0.1263,Bajo,0.0
6366-ZGQGL,1,0,0,0,1,0-12 meses,Month-to-month,Bank transfer (automatic),DSL,24.8,24.8,Yes,0.7117,Alto,24.8
4716-HHKQH,1,1,1,0,20,13-24 meses,Month-to-month,Electronic check,Fiber optic,107.05,2172.05,No,0.659,Alto,107.05
5940-AHUHD,1,0,0,0,1,0-12 meses,Month-to-month,Mailed check,Fiber optic,70.6,70.6,Yes,0.8443,Alto,70.6
6432-TWQLB,1,0,1,0,5,0-12 meses,Month-to-month,Electronic check,Fiber optic,85.4,401.1,Yes,0.8273,Alto,85.4
4484-GLZOU,0,0,1,0,52,49-72 meses,Month-to-month,Electronic check,Fiber optic,105.05,5624.85,Yes,0.6394,Alto,105.05
3179-GBRWV,1,1,1,0,21,13-24 meses,Month-to-month,Bank transfer (automatic),DSL,64.95,1339.8,No,0.4042,Medio,0.0
8645-KWHJO,1,0,0,0,14,13-24 meses,Month-to-month,Electronic check,DSL,55.0,771.95,No,0.5273,Medio,0.0
4130-MZLCC,0,0,0,0,5,0-12 meses,Month-to-month,Bank transfer (automatic),DSL,50.55,244.75,No,0.5523,Medio,0.0
0314-TKOSI,0,0,0,0,6,0-12 meses,Month-to-month,Mailed check,DSL,55.15,322.9,No,0.4457,Medio,0.0
8229-MYEJZ,0,0,0,0,10,0-12 meses,Month-to-month,Electronic check,DSL,51.2,498.25,No,0.516,Medio,0.0
2080-SRCDE,0,0,0,1,1,0-12 meses,Month-to-month,Mailed check,No,25.4,25.4,No,0.3782,Medio,0.0
9577-WJVCQ,0,0,0,0,68,49-72 meses,Month-to-month,Mailed check,DSL,54.45,3687.75,No,0.1874,Bajo,0.0
9512-UIBFX,1,0,1,1,18,13-24 meses,Month-to-month,Mailed check,Fiber optic,95.15,1779.95,Yes,0.5996,Medio,0.0
6202-DYYFX,0,0,0,0,22,13-24 meses,One year,Credit card (automatic),Fiber optic,76.0,1783.6,No,0.4535,Medio,0.0
3808-HFKDE,0,0,0,0,20,13-24 meses,Month-to-month,Electronic check,DSL,44.35,927.15,No,0.5283,Medio,0.0
5583-SXDAG,1,0,1,0,1,0-12 meses,Month-to-month,Electronic check,Fiber optic,70.0,70.0,Yes,0.84,Alto,70.0
3488-PGMQJ,1,1,0,0,8,0-12 meses,Month-to-month,Electronic check,Fiber optic,74.5,606.55,Yes,0.8212,Alto,74.5
3580-REOAC,1,0,0,0,10,0-12 meses,Month-to-month,Credit card (automatic),DSL,44.85,435.4,Yes,0.5403,Medio,0.0
7534-BFESC,1,1,0,0,24,13-24 meses,Month-to-month,Electronic check,Fiber optic,76.1,1712.7,Yes,0.7232,Alto,76.1
3727-OWVYD,1,0,0,0,35,25-48 meses,One year,Mailed check,DSL,61.2,2021.2,No,0.1895,Bajo,0.0
2294-SALNE,1,0,1,1,23,13-24 meses,One year,Mailed check,Fiber optic,86.8,1940.8,No,0.3268,Medio,0.0
4847-TAJYI,0,1,0,0,6,0-12 meses,Month-to-month,Electronic check,Fiber optic,89.35,567.8,No,0.8742,Alto,89.35
1563-IWQEX,0,0,0,0,12,0-12 meses,Month-to-month,Mailed check,No,19.7,220.35,No,0.2004,Bajo,0.0
8203-XJZRC,1,0,0,0,1,0-12 meses,Month-to-month,Mailed check,No,20.25,20.25,No,0.5492,Medio,0.0
6556-DBKZF,0,0,1,1,71,49-72 meses,Two year,Electronic check,Fiber optic,76.05,5436.45,No,0.2787,Bajo,0.0
6851-WEFYX,1,1,1,0,35,25-48 meses,Month-to-month,Electronic check,Fiber optic,100.8,3437.5,No,0.7567,Alto,100.8
2985-JUUBZ,1,0,1,1,40,25-48 meses,Month-to-month,Electronic check,DSL,74.55,3015.75,No,0.4309,Medio,0.0
6390-DSAZX,0,0,0,1,1,0-12 meses,Month-to-month,Mailed check,Fiber optic,73.6,73.6,Yes,0.7978,Alto,73.6
0895-LMRSF,1,0,0,0,23,13-24 meses,One year,Bank transfer (automatic),DSL,64.9,1509.8,No,0.343,Medio,0.0
8098-LLAZX,0,1,0,0,4,0-12 meses,Month-to-month,Electronic check,Fiber optic,95.45,396.1,Yes,0.9141,Alto,95.45
8266-VBFQL,1,0,0,0,4,0-12 meses,Month-to-month,Electronic check,Fiber optic,90.4,356.65,No,0.8102,Alto,90.4
8181-YHCMF,0,0,1,1,68,49-72 meses,Two year,Credit card (automatic),DSL,60.3,4109.0,No,0.0412,Bajo,0.0
2240-HSJQD,1,0,0,1,38,25-48 meses,Month-to-month,Mailed check,Fiber optic,81.85,3141.7,No,0.5156,Medio,0.0
1248-DYXUB,1,0,1,1,52,49-72 meses,Two year,Mailed check,No,24.8,1229.1,No,0.033,Bajo,0.0
0265-EDXBD,1,1,1,0,32,25-48 meses,Month-to-month,Electronic check,Fiber optic,74.9,2303.35,Yes,0.7148,Alto,74.9
4115-BNPJY,1,0,1,1,29,25-48 meses,Two year,Mailed check,DSL,75.55,2054.4,No,0.1094,Bajo,0.0
3167-SNQPL,1,1,1,1,38,25-48 meses,Month-to-month,Electronic check,Fiber optic,101.15,3741.85,No,0.6428,Alto,101.15
4091-TVOCN,1,0,0,1,48,25-48 meses,One year,Credit card (automatic),DSL,78.75,3682.45,No,0.2428,Bajo,0.0
1098-TDVUQ,0,0,0,0,1,0-12 meses,Month-to-month,Bank transfer (automatic),No,19.25,19.25,No,0.5212,Medio,0.0
7277-OZCGZ,0,0,0,0,22,13-24 meses,Month-to-month,Electronic check,Fiber optic,89.05,1886.25,No,0.6268,Alto,89.05
1557-EMYVT,0,0,0,0,43,25-48 meses,Two year,Credit card (automatic),Fiber optic,115.05,4895.1,No,0.2571,Bajo,0.0
2799-ARNLO,0,1,1,0,5,0-12 meses,Month-to-month,Electronic check,Fiber optic,69.35,341.6,No,0.8106,Alto,69.35
7563-BIUPC,1,0,0,0,5,0-12 meses,Month-to-month,Electronic check,Fiber optic,80.6,415.55,Yes,0.8586,Alto,80.6
5027-YOCXN,1,0,1,1,51,49-72 meses,One year,Credit card (automatic),Fiber optic,110.05,5686.4,No,0.335,Medio,0.0
3973-SKMLN,1,0,0,0,71,49-72 meses,Two year,Credit card (automatic),No,19.9,1355.1,No,0.0444,Bajo,0.0
2321-OMBXY,0,0,1,1,38,25-48 meses,One year,Credit card (automatic),DSL,80.3,3058.65,Yes,0.298,Bajo,0.0
2840-XANRC,1,1,1,0,24,13-24 meses,Month-to-month,Electronic check,Fiber optic,93.15,2231.05,Yes,0.7229,Alto,93.15
6745-JEFZB,1,0,1,0,35,25-48 meses,Month-to-month,Credit card (automatic),Fiber optic,91.5,3236.35,No,0.4892,Medio,0.0
5020-ZSTTY,0,1,0,0,54,49-72 meses,One year,Bank transfer (automatic),DSL,82.45,4350.1,Yes,0.2815,Bajo,0.0
9880-TDQAC,0,0,1,1,72,49-72 meses,Two year,Electronic check,DSL,60.0,4264.0,No,0.1306,Bajo,0.0
8705-WZCYL,1,0,0,0,1,0-12 meses,Month-to-month,Electronic check,DSL,44.8,44.8,No,0.7939,Alto,44.8
7102-JJVTX,0,0,1,1,9,0-12 meses,One year,Mailed check,DSL,48.6,422.3,No,0.3555,Medio,0.0
8626-PTQGE,1,0,0,0,69,49-72 meses,Two year,Bank transfer (automatic),DSL,60.05,4176.7,No,0.0442,Bajo,0.0
4983-CLMLV,0,0,1,0,52,49-72 meses,Month-to-month,Credit card (automatic),Fiber optic,102.7,5138.1,No,0.4977,Medio,0.0
5701-YVSVF,0,1,1,0,11,0-12 meses,Month-to-month,Electronic check,Fiber optic,82.9,880.05,No,0.7524,Alto,82.9
5804-LEPIM,0,1,0,0,2,0-12 meses,Month-to-month,Electronic check,Fiber optic,70.35,139.05,Yes,0.836,Alto,70.35
5697-GOMBF,0,1,1,1,28,25-48 meses,Month-to-month,Electronic check,DSL,35.9,973.65,No,0.4958,Medio,0.0
2739-CACDQ,0,1,0,0,17,13-24 meses,Month-to-month,Credit card (automatic),Fiber optic,82.65,1470.05,No,0.6181,Alto,82.65
9385-EHGDO,0,0,1,1,35,25-48 meses,Two year,Mailed check,No,19.85,739.35,No,0.0407,Bajo,0.0
9498-FIMXL,0,0,0,0,8,0-12 meses,One year,Mailed check,No,19.2,161.95,No,0.122,Bajo,0.0
2379-GYFLQ,1,0,0,0,46,25-48 meses,One year,Credit card (automatic),Fiber optic,94.9,4422.95,No,0.3941,Medio,0.0
0122-OAHPZ,0,0,0,0,7,0-12 meses,Month-to-month,Electronic check,Fiber optic,73.85,511.25,Yes,0.8522,Alto,73.85
2868-SNELZ,0,0,0,0,2,0-12 meses,Month-to-month,Mailed check,Fiber optic,80.6,155.8,Yes,0.8269,Alto,80.6
4322-RCYMT,1,0,1,1,68,49-72 meses,One year,Bank transfer (automatic),DSL,75.8,5293.95,Yes,0.2408,Bajo,0.0
6680-NENYN,0,0,0,0,43,25-48 meses,Two year,Electronic check,Fiber optic,104.6,4759.85,Yes,0.4568,Medio,0.0
2088-IEBAU,0,0,0,0,68,49-72 meses,Two year,Electronic check,DSL,88.15,6148.45,No,0.1082,Bajo,0.0
7982-VCELR,0,0,0,0,36,25-48 meses,Month-to-month,Credit card (automatic),Fiber optic,94.8,3565.65,No,0.5685,Medio,0.0
1343-EHPYB,1,0,1,0,63,49-72 meses,Month-to-month,Electronic check,Fiber optic,103.4,6603.0,Yes,0.6257,Alto,103.4
6035-BXTTY,0,1,0,0,32,25-48 meses,Month-to-month,Bank transfer (automatic),DSL,54.65,1830.1,No,0.2987,Bajo,0.0
6885-PKOAM,0,0,1,0,71,49-72 meses,Two year,Credit card (automatic),DSL,85.75,6223.8,No,0.0335,Bajo,0.0
7520-HQWJU,0,0,1,1,66,49-72 meses,Month-to-month,Bank transfer (automatic),DSL,67.45,4508.65,No,0.1861,Bajo,0.0
9639-BUJXT,1,0,0,0,63,49-72 meses,One year,Mailed check,No,20.5,1328.15,No,0.0723,Bajo,0.0
5924-SNGKP,0,0,0,1,41,25-48 meses,One year,Credit card (automatic),No,20.25,865.0,No,0.0572,Bajo,0.0
0021-IKXGC,0,1,0,0,1,0-12 meses,Month-to-month,Electronic check,Fiber optic,72.1,72.1,No,0.8962,Alto,72.1
2034-GDRCN,0,0,0,0,2,0-12 meses,Month-to-month,Electronic check,Fiber optic,90.4,168.2,Yes,0.8822,Alto,90.4
8966-SNIZF,0,0,1,0,70,49-72 meses,Two year,Bank transfer (automatic),No,19.45,1303.5,No,0.0386,Bajo,0.0
6243-OZGFH,0,0,0,0,23,13-24 meses,Month-to-month,Electronic check,DSL,44.95,996.85,No,0.5228,Medio,0.0
4654-DLAMQ,0,1,1,0,64,49-72 meses,One year,Bank transfer (automatic),Fiber optic,97.0,6430.9,No,0.2804,Bajo,0.0
0513-RBGPE,1,0,1,1,37,25-48 meses,Two year,Credit card (automatic),DSL,62.8,2278.75,No,0.0963,Bajo,0.0
5160-UXJED,1,0,0,1,17,13-24 meses,One year,Mailed check,DSL,44.6,681.4,No,0.3284,Medio,0.0
4115-NZRKS,0,1,0,0,7,0-12 meses,Month-to-month,Electronic check,Fiber optic,89.15,574.35,No,0.8713,Alto,89.15
0219-YTZUE,1,0,1,1,4,0-12 meses,Month-to-month,Bank transfer (automatic),Fiber optic,84.8,371.9,Yes,0.8382,Alto,84.8
0623-IIHUG,0,1,0,0,21,13-24 meses,Month-to-month,Electronic check,DSL,41.9,840.1,Yes,0.5629,Medio,0.0
4572-DVCGN,0,0,0,0,10,0-12 meses,Month-to-month,Bank transfer (automatic),Fiber optic,80.25,846.0,Yes,0.7957,Alto,80.25
3351-NGXYI,0,1,0,0,16,13-24 meses,Month-to-month,Electronic check,DSL,54.1,889.0,No,0.543,Medio,0.0
8984-EYLLL,1,0,1,0,64,49-72 meses,Two year,Electronic check,Fiber optic,105.25,6823.4,No,0.3103,Medio,0.0
9057-MSWCO,1,1,1,0,27,25-48 meses,Month-to-month,Credit card (automatic),DSL,30.75,805.1,Yes,0.4151,Medio,0.0
9833-TGFHX,1,0,1,1,42,25-48 meses,One year,Electronic check,Fiber optic,97.1,4016.75,No,0.4633,Medio,0.0
9294-TDIPC,1,0,0,1,5,0-12 meses,Month-to-month,Mailed check,No,20.2,83.75,No,0.2,Bajo,0.0
5229-DTFYB,0,0,0,0,41,25-48 meses,Two year,Bank transfer (automatic),Fiber optic,98.8,3959.15,No,0.2683,Bajo,0.0
0104-PPXDV,1,0,1,0,58,49-72 meses,One year,Credit card (automatic),DSL,50.3,2878.55,No,0.1993,Bajo,0.0
5176-LMJXE,0,0,0,0,47,25-48 meses,Two year,Mailed check,No,20.55,945.7,No,0.0382,Bajo,0.0
3583-KRKMD,1,0,0,0,18,13-24 meses,Month-to-month,Bank transfer (automatic),Fiber optic,75.9,1373.05,No,0.5535,Medio,0.0
1010-DIAUQ,1,0,0,0,5,0-12 meses,Month-to-month,Bank transfer (automatic),Fiber optic,96.5,492.55,Yes,0.8189,Alto,96.5
9069-LGEUL,1,0,1,0,23,13-24 meses,Month-to-month,Bank transfer (automatic),DSL,59.95,1406.0,No,0.3135,Medio,0.0
7302-ZHMHP,0,0,0,0,1,0-12 meses,Month-to-month,Mailed check,No,19.15,19.15,No,0.518,Medio,0.0
9571-EDEBV,1,0,1,0,71,49-72 meses,One year,Credit card (automatic),Fiber optic,98.65,6962.85,No,0.3947,Medio,0.0
3520-FJGCV,1,0,1,1,72,49-72 meses,Two year,Credit card (automatic),Fiber optic,112.6,8126.65,No,0.0828,Bajo,0.0
6563-VRERX,1,0,1,1,33,25-48 meses,One year,Mailed check,No,20.6,690.25,No,0.0391,Bajo,0.0
0259-GBZSH,1,0,0,0,2,0-12 meses,Month-to-month,Electronic check,Fiber optic,85.65,181.5,Yes,0.8959,Alto,85.65
6122-EFVKN,1,0,0,1,24,13-24 meses,Two year,Mailed check,DSL,35.75,830.8,No,0.1281,Bajo,0.0
2805-EDJPQ,0,0,1,1,56,49-72 meses,One year,Credit card (automatic),Fiber optic,99.75,5608.4,No,0.3393,Medio,0.0
6862-CQUMB,1,0,0,0,37,25-48 meses,Month-to-month,Credit card (automatic),Fiber optic,96.1,3646.8,No,0.5724,Medio,0.0
7156-MXBJE,0,0,0,0,43,25-48 meses,One year,Credit card (automatic),DSL,85.1,3662.25,No,0.241,Bajo,0.0
6158-HDPXZ,1,0,0,0,1,0-12 meses,Month-to-month,Mailed check,DSL,25.35,25.35,No,0.7169,Alto,25.35
9601-BRXPO,0,0,1,0,25,25-48 meses,Month-to-month,Bank transfer (automatic),Fiber optic,104.95,2566.5,Yes,0.6265,Alto,104.95
2863-IMQDR,0,0,0,0,61,49-72 meses,Two year,Electronic check,DSL,89.65,5308.7,No,0.1245,Bajo,0.0
5686-CMAWK,1,0,0,0,17,13-24 meses,One year,Electronic check,Fiber optic,86.75,1410.25,No,0.5039,Medio,0.0
5651-CRHKQ,0,0,1,0,41,25-48 meses,One year,Bank transfer (automatic),Fiber optic,86.2,3339.05,No,0.3101,Medio,0.0
6905-NIQIN,1,0,0,0,1,0-12 meses,Month-to-month,Mailed check,DSL,50.65,50.65,Yes,0.6751,Alto,50.65
8204-YJCLA,1,1,1,1,72,49-72 meses,Two year,Bank transfer (automatic),DSL,64.8,4732.35,No,0.0587,Bajo,0.0
5167-ZFFMM,1,0,0,0,1,0-12 meses,Month-to-month,Credit card (automatic),Fiber optic,90.85,90.85,Yes,0.8631,Alto,90.85
6583-SZVGP,1,0,0,0,48,25-48 meses,Two year,Bank transfer (automatic),Fiber optic,108.1,5067.45,No,0.4071,Medio,0.0
4895-TMWIR,1,1,1,0,11,0-12 meses,Month-to-month,Mailed check,No,19.95,214.75,Yes,0.211,Bajo,0.0
0533-BNWKF,0,1,1,0,55,49-72 meses,Month-to-month,Electronic check,Fiber optic,85.45,4874.7,Yes,0.5789,Medio,0.0
1708-PBBOA,0,0,0,0,42,25-48 meses,One year,Electronic check,DSL,54.75,2348.45,No,0.2697,Bajo,0.0
8782-LKFPK,1,0,0,0,44,25-48 meses,Month-to-month,Mailed check,Fiber optic,90.4,4063.0,No,0.5519,Medio,0.0
5522-JBWMO,1,0,0,1,1,0-12 meses,Month-to-month,Electronic check,DSL,44.0,44.0,No,0.7347,Alto,44.0
3597-MVHJT,0,0,0,0,27,25-48 meses,Month-to-month,Bank transfer (automatic),Fiber optic,95.6,2595.25,No,0.6621,Alto,95.6
9774-NRNAU,1,1,1,0,27,25-48 meses,Month-to-month,Bank transfer (automatic),DSL,84.8,2309.55,No,0.3634,Medio,0.0
0224-RLWWD,0,1,0,0,2,0-12 meses,Month-to-month,Electronic check,DSL,44.3,89.3,No,0.7727,Alto,44.3
9967-ATRFS,0,0,0,0,19,13-24 meses,Month-to-month,Mailed check,No,19.9,367.55,No,0.1619,Bajo,0.0
3951-NJCVI,0,1,1,0,42,25-48 meses,Month-to-month,Electronic check,Fiber optic,95.05,3944.5,No,0.7259,Alto,95.05
2977-CEBSX,0,0,0,0,66,49-72 meses,Two year,Credit card (automatic),DSL,90.05,5965.95,No,0.0618,Bajo,0.0
0177-PXBAT,1,1,1,0,33,25-48 meses,Month-to-month,Bank transfer (automatic),Fiber optic,109.9,3694.7,No,0.5377,Medio,0.0
6599-CEBNN,0,0,0,0,34,25-48 meses,Month-to-month,Credit card (automatic),Fiber optic,73.95,2524.45,Yes,0.5668,Medio,0.0
2519-ERQOJ,1,1,0,0,33,25-48 meses,Month-to-month,Electronic check,DSL,54.6,1803.7,No,0.3815,Medio,0.0
5876-QMYLD,0,0,1,1,23,13-24 meses,One year,Mailed check,No,20.05,415.1,No,0.0542,Bajo,0.0
2277-AXSDC,0,0,0,0,32,25-48 meses,One year,Bank transfer (automatic),No,19.75,624.15,No,0.0759,Bajo,0.0
9442-JTWDL,0,0,0,0,11,0-12 meses,One year,Credit card (automatic),No,20.05,237.7,No,0.1617,Bajo,0.0
0979-PHULV,1,0,1,1,69,49-72 meses,Month-to-month,Credit card (automatic),Fiber optic,99.45,7007.6,Yes,0.4815,Medio,0.0
3067-SVMTC,0,0,1,0,68,49-72 meses,One year,Bank transfer (automatic),DSL,55.9,3848.8,No,0.107,Bajo,0.0
5495-GPSRW,1,0,0,0,20,13-24 meses,Two year,Mailed check,No,19.7,419.4,No,0.0774,Bajo,0.0
7606-BPHHN,1,0,0,0,72,49-72 meses,Two year,Credit card (automatic),No,19.8,1468.75,No,0.0434,Bajo,0.0
4742-DRORA,1,0,1,1,60,49-72 meses,One year,Bank transfer (automatic),Fiber optic,95.4,5812.0,No,0.3106,Medio,0.0
0111-KLBQG,1,1,1,1,32,25-48 meses,Month-to-month,Mailed check,Fiber optic,93.95,2861.45,No,0.5949,Medio,0.0
4800-VHZKI,0,0,0,0,1,0-12 meses,Month-to-month,Mailed check,No,19.9,19.9,Yes,0.6013,Alto,19.9
7989-CHGTL,1,0,0,0,1,0-12 meses,Month-to-month,Mailed check,No,19.6,19.6,Yes,0.5587,Medio,0.0
0334-GDDSO,1,1,0,0,3,0-12 meses,Month-to-month,Electronic check,Fiber optic,81.35,233.7,Yes,0.8689,Alto,81.35
4163-NCJAK,0,0,1,0,46,25-48 meses,One year,Bank transfer (automatic),No,24.45,1066.15,No,0.0909,Bajo,0.0
5233-AOZUF,0,0,1,0,29,25-48 meses,Month-to-month,Electronic check,Fiber optic,74.95,2149.05,No,0.6918,Alto,74.95
5973-EJGDP,1,0,0,0,51,49-72 meses,Month-to-month,Electronic check,Fiber optic,87.35,4473.0,No,0.5249,Medio,0.0
1996-DBMUS,0,1,1,0,48,25-48 meses,Month-to-month,Bank transfer (automatic),Fiber optic,70.65,3545.05,No,0.5195,Medio,0.0
7916-VCCPB,0,0,1,1,16,13-24 meses,Month-to-month,Bank transfer (automatic),Fiber optic,73.25,1195.75,No,0.5582,Medio,0.0
4686-GEFRM,1,0,1,0,70,49-72 meses,Two year,Bank transfer (automatic),Fiber optic,98.7,6858.9,No,0.2315,Bajo,0.0
5249-QYHEX,0,0,1,1,40,25-48 meses,Two year,Mailed check,No,24.8,1024.7,No,0.0597,Bajo,0.0
0578-SKVMF,0,0,1,1,22,13-24 meses,Month-to-month,Electronic check,Fiber optic,83.3,1845.9,Yes,0.6491,Alto,83.3
5564-NEMQO,0,1,0,0,1,0-12 meses,Month-to-month,Bank transfer (automatic),Fiber optic,75.3,75.3,Yes,0.8751,Alto,75.3
2233-FAGXV,0,0,1,1,5,0-12 meses,Month-to-month,Mailed check,No,24.3,132.25,No,0.2313,Bajo,0.0
5605-IYGFG,0,0,0,0,7,0-12 meses,Month-to-month,Bank transfer (automatic),Fiber optic,69.85,515.45,No,0.7925,Alto,69.85
7663-ZTEGJ,1,0,0,1,29,25-48 meses,One year,Credit card (automatic),Fiber optic,100.55,2830.45,No,0.3782,Medio,0.0
3935-TBRZZ,1,0,1,1,44,25-48 meses,One year,Mailed check,No,25.7,1110.5,No,0.0619,Bajo,0.0
8111-BKVDS,0,0,0,0,10,0-12 meses,Month-to-month,Bank transfer (automatic),DSL,40.7,449.3,No,0.415,Medio,0.0
2055-SIFSS,0,1,1,0,55,49-72 meses,Month-to-month,Bank transfer (automatic),DSL,51.65,2838.55,No,0.3052,Medio,0.0
2806-MLNTI,1,1,1,0,52,49-72 meses,One year,Bank transfer (automatic),Fiber optic,105.1,5376.4,No,0.4794,Medio,0.0
8734-DKSTZ,0,0,1,1,10,0-12 meses,Month-to-month,Electronic check,Fiber optic,85.95,858.6,No,0.7881,Alto,85.95
4360-PNRQB,1,0,0,0,18,13-24 meses,Month-to-month,Bank transfer (automatic),Fiber optic,75.6,1395.05,No,0.6181,Alto,75.6
6152-ONASV,0,0,1,0,68,49-72 meses,One year,Bank transfer (automatic),DSL,58.25,3975.7,No,0.1105,Bajo,0.0
9063-ZGTUY,0,0,1,1,61,49-72 meses,Month-to-month,Mailed check,No,19.4,1182.55,Yes,0.1438,Bajo,0.0
7781-HVGMK,0,0,1,1,72,49-72 meses,Two year,Credit card (automatic),DSL,65.2,4784.45,No,0.0311,Bajo,0.0
2181-UAESM,1,0,0,0,2,0-12 meses,Month-to-month,Electronic check,DSL,53.45,119.5,No,0.6419,Alto,53.45
2957-LOLHO,1,0,0,0,12,0-12 meses,Month-to-month,Bank transfer (automatic),DSL,45.4,518.9,Yes,0.4975,Medio,0.0
6048-NJXHX,1,0,1,0,41,25-48 meses,Two year,Electronic check,No,19.75,899.45,No,0.0756,Bajo,0.0
2320-SLKMB,0,0,0,0,26,25-48 meses,Month-to-month,Credit card (automatic),DSL,44.45,1183.8,No,0.3437,Medio,0.0
4980-URKXC,1,0,1,0,36,25-48 meses,One year,Bank transfer (automatic),No,20.85,720.05,No,0.0937,Bajo,0.0
4376-KFVRS,1,0,1,1,72,49-72 meses,Two year,Credit card (automatic),Fiber optic,114.05,8468.2,No,0.0837,Bajo,0.0
5886-VLQVU,1,0,1,0,35,25-48 meses,Month-to-month,Bank transfer (automatic),Fiber optic,89.85,3161.2,No,0.5101,Medio,0.0
3577-AMVUX,1,0,0,0,1,0-12 meses,Month-to-month,Mailed check,DSL,55.05,55.05,No,0.6406,Alto,55.05
0771-WLCLA,0,0,1,1,16,13-24 meses,Month-to-month,Electronic check,Fiber optic,112.95,1882.55,No,0.6938,Alto,112.95
5628-RKIFK,0,1,0,0,49,49-72 meses,Month-to-month,Credit card (automatic),Fiber optic,101.55,5070.4,No,0.514,Medio,0.0
0206-TBWLC,0,0,1,0,54,49-72 meses,One year,Mailed check,Fiber optic,114.65,6049.5,No,0.3692,Medio,0.0
2937-FTHUR,0,0,0,1,18,13-24 meses,Month-to-month,Electronic check,DSL,64.8,1166.7,No,0.4411,Medio,0.0
1910-FMXJM,0,0,1,0,36,25-48 meses,Month-to-month,Electronic check,Fiber optic,80.4,2937.65,No,0.6027,Alto,80.4
7752-XUSCI,0,0,0,0,60,49-72 meses,Month-to-month,Electronic check,Fiber optic,105.9,6396.45,Yes,0.597,Medio,0.0
4110-PFEUZ,0,0,0,0,1,0-12 meses,Month-to-month,Mailed check,Fiber optic,69.55,69.55,Yes,0.8529,Alto,69.55
0732-OCQOC,0,0,1,1,52,49-72 meses,Two year,Bank transfer (automatic),No,25.05,1270.25,No,0.0533,Bajo,0.0
5168-MSWXT,1,0,1,1,8,0-12 meses,Month-to-month,Electronic check,Fiber optic,94.75,759.55,No,0.8279,Alto,94.75
1090-ESELR,1,0,1,1,72,49-72 meses,Two year,Bank transfer (automatic),Fiber optic,105.5,7611.55,No,0.1426,Bajo,0.0
8592-PLTMQ,0,0,0,0,64,49-72 meses,One year,Mailed check,No,24.7,1642.75,No,0.0826,Bajo,0.0
5760-WRAHC,0,1,0,0,22,13-24 meses,Month-to-month,Mailed check,DSL,69.75,1545.4,No,0.3636,Medio,0.0
8847-GEOOQ,1,0,1,0,60,49-72 meses,Month-to-month,Bank transfer (automatic),DSL,60.2,3582.4,No,0.1952,Bajo,0.0
0256-LTHVJ,0,0,1,1,28,25-48 meses,Month-to-month,Electronic check,Fiber optic,81.05,2227.1,Yes,0.667,Alto,81.05
4785-FCIFB,0,0,1,0,61,49-72 meses,Two year,Mailed check,No,24.4,1417.9,No,0.0344,Bajo,0.0
8313-NDOIA,0,0,0,0,24,13-24 meses,Month-to-month,Electronic check,Fiber optic,104.15,2494.65,No,0.7608,Alto,104.15
5149-CUZUJ,1,0,1,1,28,25-48 meses,One year,Bank transfer (automatic),Fiber optic,92.9,2768.35,No,0.3298,Medio,0.0
0942-KOWSM,0,0,1,1,30,25-48 meses,Two year,Bank transfer (automatic),DSL,80.8,2369.3,No,0.1207,Bajo,0.0
4237-CLSMM,1,0,1,0,2,0-12 meses,Month-to-month,Mailed check,No,20.0,38.0,No,0.2522,Bajo,0.0
1452-VOQCH,1,0,0,0,1,0-12 meses,Month-to-month,Electronic check,Fiber optic,75.1,75.1,No,0.9068,Alto,75.1
4719-UMSIY,1,0,0,1,6,0-12 meses,Month-to-month,Mailed check,No,19.65,100.9,No,0.1683,Bajo,0.0
6614-VBEGU,0,0,1,0,24,13-24 meses,Month-to-month,Bank transfer (automatic),DSL,69.45,1614.05,No,0.3759,Medio,0.0
0880-TKATG,1,0,1,1,4,0-12 meses,Month-to-month,Electronic check,Fiber optic,101.15,385.9,Yes,0.8313,Alto,101.15
3811-VBYBZ,1,0,0,0,7,0-12 meses,Month-to-month,Electronic check,Fiber optic,99.8,673.25,Yes,0.8946,Alto,99.8
1480-BKXGA,1,1,1,0,72,49-72 meses,Two year,Bank transfer (automatic),Fiber optic,116.05,8404.9,No,0.106,Bajo,0.0
2996-XAUVF,1,0,0,0,70,49-72 meses,Two year,Mailed check,DSL,40.05,2799.75,No,0.1148,Bajo,0.0
9076-AXYIK,1,1,1,0,64,49-72 meses,Two year,Electronic check,Fiber optic,102.1,6538.45,No,0.3102,Medio,0.0
5968-XQIVE,1,0,1,1,72,49-72 meses,One year,Electronic check,Fiber optic,89.7,6588.95,No,0.4081,Medio,0.0
8896-RAZCR,0,0,0,1,44,25-48 meses,Two year,Mailed check,No,19.9,868.1,No,0.0398,Bajo,0.0
4640-UHDOS,0,0,1,1,13,13-24 meses,Month-to-month,Electronic check,DSL,55.95,734.35,Yes,0.4896,Medio,0.0
4933-IKULF,0,1,0,0,17,13-24 meses,One year,Mailed check,No,20.65,330.6,No,0.1053,Bajo,0.0
3583-EKAPL,1,0,0,0,1,0-12 meses,Month-to-month,Electronic check,DSL,55.0,55.0,Yes,0.7749,Alto,55.0
1304-BCCFO,1,0,1,0,9,0-12 meses,Month-to-month,Mailed check,DSL,70.05,564.4,No,0.5604,Medio,0.0
4104-PVRPS,1,0,1,0,24,13-24 meses,Month-to-month,Mailed check,DSL,53.6,1315.35,No,0.2129,Bajo,0.0
9399-APLBT,0,0,1,1,1,0-12 meses,Month-to-month,Electronic check,Fiber optic,74.7,74.7,Yes,0.8701,Alto,74.7
2359-KMGLI,1,0,0,0,24,13-24 meses,Month-to-month,Electronic check,Fiber optic,80.25,1861.5,Yes,0.72,Alto,80.25
3780-DDGSE,1,1,1,1,35,25-48 meses,Month-to-month,Electronic check,DSL,76.05,2747.2,No,0.3763,Medio,0.0
4431-EDMIQ,0,0,1,1,7,0-12 meses,Month-to-month,Electronic check,DSL,75.7,554.05,No,0.5049,Medio,0.0
0306-JAELE,1,0,0,0,5,0-12 meses,Month-to-month,Electronic check,Fiber optic,96.1,453.4,Yes,0.8377,Alto,96.1
6227-HWPWX,0,0,0,1,15,13-24 meses,Month-to-month,Bank transfer (automatic),Fiber optic,69.0,994.8,Yes,0.5775,Medio,0.0
0486-LGCCH,1,0,1,1,11,0-12 meses,Two year,Mailed check,No,19.65,225.75,No,0.0546,Bajo,0.0
0447-BEMNG,0,0,1,0,48,25-48 meses,Month-to-month,Bank transfer (automatic),DSL,45.3,2145.0,Yes,0.2976,Bajo,0.0
4612-SSVHJ,0,1,0,0,20,13-24 meses,Month-to-month,Electronic check,Fiber optic,81.45,1671.6,No,0.7161,Alto,81.45
5168-MQQCA,0,0,1,0,72,49-72 meses,One year,Bank transfer (automatic),Fiber optic,108.5,8003.8,No,0.3319,Medio,0.0
5949-XIKAE,0,0,1,1,8,0-12 meses,Month-to-month,Electronic check,Fiber optic,83.55,680.05,Yes,0.8241,Alto,83.55
7971-HLVXI,1,0,1,1,72,49-72 meses,Two year,Credit card (automatic),Fiber optic,84.5,6130.85,No,0.24,Bajo,0.0
9094-AZPHK,0,0,0,0,15,13-24 meses,Month-to-month,Electronic check,Fiber optic,100.15,1415.0,No,0.8257,Alto,100.15
3649-JPUGY,1,0,0,0,72,49-72 meses,Two year,Bank transfer (automatic),DSL,88.6,6201.95,No,0.0753,Bajo,0.0
4472-LVYGI,0,0,1,1,0,,Two year,Bank transfer (automatic),DSL,52.55,52.55,No,0.3579,Medio,0.0
8372-JUXUI,1,0,0,1,1,0-12 meses,Month-to-month,Electronic check,Fiber optic,74.35,74.35,Yes,0.8908,Alto,74.35
3552-CTCYF,1,0,1,1,63,49-72 meses,Two year,Bank transfer (automatic),Fiber optic,104.8,6597.25,No,0.3161,Medio,0.0
6778-YSNIH,0,0,0,0,2,0-12 meses,Month-to-month,Electronic check,DSL,59.0,114.15,No,0.6565,Alto,59.0
0388-EOPEX,0,0,1,0,2,0-12 meses,Month-to-month,Electronic check,Fiber optic,74.4,139.4,Yes,0.7559,Alto,74.4
5756-OZRIO,1,1,1,0,61,49-72 meses,One year,Bank transfer (automatic),DSL,64.05,3902.6,No,0.242,Bajo,0.0
6579-JPICP,1,0,0,0,1,0-12 meses,Month-to-month,Mailed check,No,20.4,20.4,No,0.5318,Medio,0.0
8205-OTCHB,1,0,0,0,22,13-24 meses,One year,Bank transfer (automatic),DSL,43.75,903.6,Yes,0.4556,Medio,0.0
4134-BSXLX,1,0,1,0,28,25-48 meses,Month-to-month,Mailed check,DSL,60.9,1785.65,No,0.1846,Bajo,0.0
0505-SPOOW,0,0,1,0,70,49-72 meses,Two year,Bank transfer (automatic),No,19.8,1397.65,No,0.0268,Bajo,0.0
6235-VDHOM,0,1,0,0,5,0-12 meses,Month-to-month,Electronic check,DSL,28.45,131.05,Yes,0.6688,Alto,28.45
7783-YKGDV,0,0,0,0,12,0-12 meses,Month-to-month,Bank transfer (automatic),Fiber optic,99.7,1238.45,Yes,0.727,Alto,99.7
4374-YMUSQ,1,0,0,0,34,25-48 meses,One year,Credit card (automatic),Fiber optic,116.25,3899.05,No,0.3558,Medio,0.0
4513-CXYIX,0,1,1,0,71,49-72 meses,Two year,Credit card (automatic),Fiber optic,80.7,5676.0,No,0.1991,Bajo,0.0
3957-HHLMR,0,0,1,1,70,49-72 meses,One year,Bank transfer (automatic),DSL,65.2,4543.15,No,0.1406,Bajo,0.0
7803-XOCCZ,0,0,1,1,52,49-72 meses,Month-to-month,Bank transfer (automatic),Fiber optic,84.05,4326.8,No,0.3471,Medio,0.0
5736-YEJAX,1,0,0,1,69,49-72 meses,Two year,Credit card (automatic),DSL,79.45,5502.55,No,0.0793,Bajo,0.0
5609-CEBID,0,1,0,0,20,13-24 meses,Month-to-month,Electronic check,Fiber optic,94.1,1782.4,Yes,0.7656,Alto,94.1
8981-FJGLA,1,0,0,1,11,0-12 meses,Month-to-month,Mailed check,Fiber optic,78.0,851.8,No,0.7028,Alto,78.0
7218-HKQFK,1,0,1,0,2,0-12 meses,Month-to-month,Electronic check,Fiber optic,94.2,167.5,Yes,0.8299,Alto,94.2
4636-QRJKY,0,0,1,1,6,0-12 meses,Month-to-month,Electronic check,Fiber optic,80.5,502.85,Yes,0.8138,Alto,80.5
1135-LMECX,0,0,0,0,1,0-12 meses,Month-to-month,Mailed check,No,19.85,19.85,No,0.5579,Medio,0.0
4332-MUOEZ,1,1,1,1,20,13-24 meses,One year,Credit card (automatic),Fiber optic,94.3,1818.3,No,0.4278,Medio,0.0
8535-SFUTN,1,0,0,0,61,49-72 meses,Month-to-month,Electronic check,Fiber optic,106.45,6300.15,No,0.5204,Medio,0.0
5956-VKDTT,0,1,1,0,5,0-12 meses,Month-to-month,Electronic check,Fiber optic,74.35,334.8,Yes,0.8595,Alto,74.35
8677-HDZEE,0,0,0,0,56,49-72 meses,Month-to-month,Bank transfer (automatic),Fiber optic,105.45,5916.95,No,0.4819,Medio,0.0
2475-MROZF,1,0,0,0,30,25-48 meses,Month-to-month,Credit card (automatic),Fiber optic,95.0,2852.4,No,0.4404,Medio,0.0
9412-GHEEC,1,0,0,0,40,25-48 meses,Month-to-month,Bank transfer (automatic),Fiber optic,104.8,4131.95,Yes,0.5542,Medio,0.0
3482-ABPKK,0,0,0,0,28,25-48 meses,One year,Mailed check,DSL,54.3,1546.3,No,0.1435,Bajo,0.0
6705-LXORM,0,1,1,0,5,0-12 meses,Month-to-month,Electronic check,Fiber optic,70.05,302.6,No,0.7731,Alto,70.05
0257-ZESQC,0,1,1,0,27,25-48 meses,Month-to-month,Bank transfer (automatic),Fiber optic,75.2,1929.35,Yes,0.5573,Medio,0.0
7531-GQHME,1,0,0,0,12,0-12 meses,Month-to-month,Credit card (automatic),No,20.05,265.45,No,0.2039,Bajo,0.0
5174-ITUMV,1,0,1,1,67,49-72 meses,One year,Electronic check,Fiber optic,105.4,6989.45,No,0.4826,Medio,0.0
4109-CYRBD,1,1,1,0,29,25-48 meses,Month-to-month,Electronic check,DSL,51.6,1442.0,No,0.4071,Medio,0.0
0913-XWSCN,1,0,1,1,55,49-72 meses,Month-to-month,Bank transfer (automatic),Fiber optic,85.5,4713.4,No,0.457,Medio,0.0
6825-UYPFK,0,0,0,0,23,13-24 meses,Month-to-month,Bank transfer (automatic),Fiber optic,75.6,1758.6,Yes,0.5281,Medio,0.0
8397-MVTAZ,1,0,1,0,34,25-48 meses,Month-to-month,Electronic check,Fiber optic,100.05,3480.0,Yes,0.7343,Alto,100.05
0750-EBAIU,1,0,0,0,52,49-72 meses,One year,Electronic check,Fiber optic,91.25,4738.3,No,0.3922,Medio,0.0
8606-CIQUL,1,1,1,1,72,49-72 meses,Two year,Credit card (automatic),Fiber optic,115.75,8399.15,No,0.0892,Bajo,0.0
3571-DPYUH,1,0,1,1,58,49-72 meses,One year,Credit card (automatic),Fiber optic,94.7,5430.35,No,0.3242,Medio,0.0
7601-GNDYK,1,0,1,1,35,25-48 meses,Two year,Mailed check,No,19.6,686.95,No,0.0252,Bajo,0.0
0356-OBMAC,0,1,0,0,56,49-72 meses,Two year,Bank transfer (automatic),Fiber optic,99.9,5706.3,No,0.2501,Bajo,0.0
8067-NIOYM,0,0,1,1,24,13-24 meses,Two year,Credit card (automatic),No,21.1,490.65,No,0.0439,Bajo,0.0
1403-GYAFU,1,0,1,1,70,49-72 meses,Two year,Credit card (automatic),No,20.05,1360.25,No,0.0156,Bajo,0.0
4234-XTNEA,1,0,0,0,2,0-12 meses,Month-to-month,Electronic check,Fiber optic,79.95,174.45,No,0.8669,Alto,79.95
1297-VQDRP,1,1,1,1,68,49-72 meses,One year,Credit card (automatic),Fiber optic,107.15,7379.8,No,0.3587,Medio,0.0
9282-IZGQK,0,0,0,0,1,0-12 meses,Month-to-month,Electronic check,Fiber optic,85.0,85.0,Yes,0.9226,Alto,85.0
5348-CAGXB,1,0,0,0,12,0-12 meses,Month-to-month,Electronic check,Fiber optic,89.55,1021.75,No,0.8276,Alto,89.55
0621-HJWXJ,0,0,1,0,63,49-72 meses,Month-to-month,Bank transfer (automatic),Fiber optic,81.55,5029.05,No,0.4312,Medio,0.0
5844-QVTAT,0,0,1,1,33,25-48 meses,One year,Mailed check,DSL,58.45,1955.4,No,0.2072,Bajo,0.0
8905-IAZPF,0,0,1,0,69,49-72 meses,One year,Credit card (automatic),Fiber optic,95.65,6744.2,No,0.4145,Medio,0.0
5394-MEITZ,0,0,1,1,60,49-72 meses,Two year,Bank transfer (automatic),DSL,80.6,4946.7,No,0.0819,Bajo,0.0
6859-QNXIQ,0,0,1,1,72,49-72 meses,Two year,Bank transfer (automatic),Fiber optic,113.1,8248.5,No,0.0888,Bajo,0.0
2782-LFZVW,0,0,0,0,11,0-12 meses,Month-to-month,Mailed check,DSL,58.95,601.6,No,0.489,Medio,0.0
2866-IKBTM,0,0,0,0,1,0-12 meses,Month-to-month,Mailed check,No,19.55,19.55,No,0.5275,Medio,0.0
1342-JPNKI,1,0,0,0,10,0-12 meses,Month-to-month,Bank transfer (automatic),Fiber optic,86.05,834.1,Yes,0.8269,Alto,86.05
2817-NTQDO,1,0,0,0,13,13-24 meses,Month-to-month,Credit card (automatic),DSL,45.55,597.0,Yes,0.4397,Medio,0.0
7129-AZJDE,1,0,1,1,34,25-48 meses,One year,Bank transfer (automatic),Fiber optic,78.95,2647.2,No,0.457,Medio,0.0
6986-IJDHX,1,0,1,1,39,25-48 meses,Month-to-month,Mailed check,Fiber optic,86.3,3266.0,Yes,0.5238,Medio,0.0
2560-PPCHE,0,0,0,0,65,49-72 meses,One year,Bank transfer (automatic),Fiber optic,105.05,6744.25,No,0.4194,Medio,0.0
4676-MQUEA,1,1,1,0,50,49-72 meses,One year,Bank transfer (automatic),Fiber optic,101.9,5265.5,No,0.3957,Medio,0.0
8138-EALND,1,0,0,0,15,13-24 meses,Month-to-month,Mailed check,No,19.75,311.6,No,0.1966,Bajo,0.0
3580-HYCSP,1,0,1,1,72,49-72 meses,Two year,Bank transfer (automatic),Fiber optic,110.3,7966.9,No,0.1385,Bajo,0.0
1352-HNSAW,0,0,1,1,72,49-72 meses,Two year,Bank transfer (automatic),Fiber optic,115.6,8220.4,No,0.0947,Bajo,0.0
2075-PUEPR,1,0,1,1,55,49-72 meses,Two year,Bank transfer (automatic),No,19.35,1153.25,No,0.049,Bajo,0.0
1982-FEBTD,0,0,1,1,23,13-24 meses,Two year,Credit card (automatic),No,25.6,514.75,No,0.0841,Bajo,0.0
5301-GAUUY,1,0,0,0,32,25-48 meses,Month-to-month,Bank transfer (automatic),Fiber optic,80.35,2596.15,Yes,0.5701,Medio,0.0
5791-KAJFD,0,0,1,1,56,49-72 meses,One year,Bank transfer (automatic),DSL,68.75,3808.0,No,0.1671,Bajo,0.0
2654-VBVPB,0,0,0,0,1,0-12 meses,Month-to-month,Bank transfer (automatic),No,19.9,19.9,No,0.5397,Medio,0.0
1154-HYWWO,1,0,0,0,38,25-48 meses,One year,Mailed check,DSL,70.6,2708.2,No,0.1878,Bajo,0.0
2501-XWWTZ,1,0,0,0,11,0-12 meses,Month-to-month,Electronic check,Fiber optic,70.2,760.05,No,0.6839,Alto,70.2
3716-UVSPD,1,0,0,0,1,0-12 meses,Month-to-month,Electronic check,DSL,49.3,49.3,No,0.7236,Alto,49.3
6815-ABQFQ,1,0,1,0,56,49-72 meses,One year,Electronic check,Fiber optic,107.25,6033.3,No,0.5097,Medio,0.0
7343-EOBEU,1,0,1,0,3,0-12 meses,Month-to-month,Mailed check,No,23.6,89.05,No,0.2547,Bajo,0.0
3701-SFMUH,1,0,1,1,7,0-12 meses,Month-to-month,Credit card (automatic),DSL,69.7,516.15,No,0.432,Medio,0.0
6103-LIANB,1,0,1,1,59,49-72 meses,Two year,Credit card (automatic),Fiber optic,99.5,5861.75,No,0.2921,Bajo,0.0
7319-VENRZ,1,0,0,0,7,0-12 meses,Month-to-month,Bank transfer (automatic),DSL,64.3,445.95,No,0.4592,Medio,0.0
5846-NEQVZ,1,0,1,1,71,49-72 meses,Two year,Credit card (automatic),DSL,70.85,4973.4,No,0.0789,Bajo,0.0
6967-QIQRV,1,0,1,1,15,13-24 meses,One year,Electronic check,Fiber optic,101.9,1667.25,No,0.5167,Medio,0.0
5781-RFZRP,1,0,1,0,71,49-72 meses,Two year,Credit card (automatic),DSL,73.5,5357.75,No,0.0609,Bajo,0.0
0939-YAPAF,0,0,0,0,35,25-48 meses,Month-to-month,Electronic check,Fiber optic,100.25,3527.6,Yes,0.7177,Alto,100.25
0308-IVGOK,0,0,0,0,11,0-12 meses,One year,Credit card (automatic),DSL,40.4,422.6,No,0.3946,Medio,0.0
7293-LSCDV,0,0,1,1,60,49-72 meses,Two year,Credit card (automatic),No,19.25,1103.25,No,0.0416,Bajo,0.0
7025-WCBNE,1,1,0,0,47,25-48 meses,Two year,Bank transfer (automatic),DSL,59.6,2754.0,No,0.1329,Bajo,0.0
5756-JYOJT,0,0,0,0,11,0-12 meses,One year,Credit card (automatic),DSL,64.9,697.25,No,0.3454,Medio,0.0
4710-FDUIZ,1,0,1,0,56,49-72 meses,One year,Credit card (automatic),Fiber optic,100.3,5614.45,Yes,0.4348,Medio,0.0
6030-REHUX,0,1,1,0,28,25-48 meses,Month-to-month,Electronic check,Fiber optic,110.85,3204.4,No,0.6502,Alto,110.85
9548-LIGTA,1,0,1,0,61,49-72 meses,Two year,Mailed check,DSL,81.05,4747.65,No,0.0555,Bajo,0.0
5150-LJNSR,1,0,1,1,31,25-48 meses,One year,Bank transfer (automatic),Fiber optic,98.05,3082.1,No,0.365,Medio,0.0
8270-RKSAP,1,0,0,0,9,0-12 meses,Month-to-month,Electronic check,Fiber optic,70.5,597.9,No,0.8035,Alto,70.5
6522-YRBXD,1,1,1,0,35,25-48 meses,Month-to-month,Electronic check,Fiber optic,94.55,3365.4,No,0.62,Alto,94.55
2640-LYMOV,1,0,0,0,2,0-12 meses,Month-to-month,Mailed check,No,19.65,38.8,No,0.2345,Bajo,0.0
1218-VKFPE,0,0,1,1,12,0-12 meses,Month-to-month,Mailed check,No,19.0,233.55,Yes,0.1602,Bajo,0.0
3627-FHKBK,0,0,0,0,1,0-12 meses,Month-to-month,Mailed check,Fiber optic,75.3,75.3,Yes,0.7419,Alto,75.3
2865-TCHJW,0,1,0,0,4,0-12 meses,Month-to-month,Electronic check,Fiber optic,89.2,346.2,Yes,0.8932,Alto,89.2
1423-BMPBQ,0,0,1,1,1,0-12 meses,Month-to-month,Mailed check,No,19.0,19.0,No,0.5181,Medio,0.0
2393-DIVAI,0,0,0,0,3,0-12 meses,Month-to-month,Mailed check,No,20.0,61.7,No,0.2758,Bajo,0.0
5192-EBGOV,0,1,0,0,1,0-12 meses,Month-to-month,Electronic check,Fiber optic,85.7,85.7,Yes,0.922,Alto,85.7
4568-KNYWR,1,0,0,0,52,49-72 meses,Two year,Credit card (automatic),DSL,63.25,3342.45,No,0.0915,Bajo,0.0
8752-IMQOS,1,0,1,1,5,0-12 meses,One year,Mailed check,No,20.1,85.1,No,0.1548,Bajo,0.0
0742-LAFQK,1,0,1,0,72,49-72 meses,Two year,Electronic check,Fiber optic,99.15,7422.1,No,0.2446,Bajo,0.0
0795-LAFGP,1,0,1,1,71,49-72 meses,Two year,Electronic check,DSL,90.4,6668.05,No,0.0998,Bajo,0.0
0619-OLYUR,1,0,1,0,72,49-72 meses,Two year,Credit card (automatic),Fiber optic,111.9,8071.05,No,0.1495,Bajo,0.0
5512-IDZEI,1,0,1,1,46,25-48 meses,One year,Electronic check,No,24.9,1174.8,No,0.0968,Bajo,0.0
0459-SPZHJ,1,0,1,1,63,49-72 meses,Two year,Credit card (automatic),DSL,83.5,5435.0,No,0.0795,Bajo,0.0
0215-BQKGS,1,0,0,0,30,25-48 meses,Month-to-month,Credit card (automatic),Fiber optic,84.3,2438.6,No,0.4883,Medio,0.0
9244-ZVAPM,1,0,0,0,1,0-12 meses,Month-to-month,Mailed check,DSL,45.6,45.6,No,0.7264,Alto,45.6
0719-SYFRB,0,0,0,0,12,0-12 meses,Month-to-month,Mailed check,DSL,61.65,713.75,Yes,0.3561,Medio,0.0
8208-EUMTE,1,0,0,0,16,13-24 meses,Two year,Mailed check,DSL,54.85,916.15,No,0.1767,Bajo,0.0
5172-MIGPM,1,0,0,0,4,0-12 meses,Month-to-month,Mailed check,DSL,65.55,237.2,No,0.5359,Medio,0.0
1710-RCXUS,1,0,1,0,51,49-72 meses,One year,Credit card (automatic),Fiber optic,90.35,4614.55,No,0.4062,Medio,0.0
0374-FIUCA,1,0,1,0,65,49-72 meses,Two year,Credit card (automatic),No,20.4,1414.45,No,0.029,Bajo,0.0
5839-SUYVZ,1,0,0,0,16,13-24 meses,Month-to-month,Credit card (automatic),Fiber optic,74.55,1170.5,No,0.5866,Medio,0.0
5173-ZXXXL,1,0,0,0,2,0-12 meses,One year,Mailed check,No,19.95,47.7,No,0.1539,Bajo,0.0
1096-ADRUX,0,0,1,1,66,49-72 meses,One year,Bank transfer (automatic),Fiber optic,74.25,4859.25,No,0.3165,Medio,0.0
2001-MCUUW,1,0,0,0,46,25-48 meses,Two year,Electronic check,Fiber optic,108.65,4903.2,No,0.3858,Medio,0.0
2731-GJRDG,0,0,0,0,32,25-48 meses,One year,Bank transfer (automatic),Fiber optic,109.55,3608.0,No,0.447,Medio,0.0
4723-BEGSG,1,0,1,0,72,49-72 meses,Two year,Credit card (automatic),DSL,86.65,6094.25,No,0.0543,Bajo,0.0
6516-NKQBO,1,0,1,1,38,25-48 meses,Two year,Credit card (automatic),DSL,81.0,3084.9,No,0.1108,Bajo,0.0
8672-OAUPW,1,0,0,1,51,49-72 meses,One year,Credit card (automatic),DSL,47.85,2356.75,No,0.1771,Bajo,0.0
8207-DMRVL,1,0,1,1,72,49-72 meses,Two year,Bank transfer (automatic),Fiber optic,114.55,8306.05,No,0.0971,Bajo,0.0
3419-SNJJD,0,1,1,0,65,49-72 meses,Month-to-month,Bank transfer (automatic),Fiber optic,105.25,6786.4,Yes,0.4404,Medio,0.0
6543-CPZMK,1,0,1,1,9,0-12 meses,Month-to-month,Electronic check,DSL,29.95,248.95,Yes,0.6143,Alto,29.95
4765-OXPPD,0,0,1,1,9,0-12 meses,Month-to-month,Mailed check,DSL,65.0,663.05,Yes,0.3711,Medio,0.0
2804-ETQDK,1,0,0,1,66,49-72 meses,Two year,Mailed check,No,20.55,1357.1,No,0.0402,Bajo,0.0
6689-VRRTK,0,1,0,0,44,25-48 meses,One year,Credit card (automatic),Fiber optic,109.8,4860.35,No,0.421,Medio,0.0
7138-GIRSH,1,0,0,0,50,49-72 meses,Two year,Bank transfer (automatic),DSL,69.5,3418.2,No,0.0887,Bajo,0.0
9396-ZSFLL,0,0,0,0,15,13-24 meses,Month-to-month,Mailed check,DSL,48.85,631.4,No,0.4197,Medio,0.0
6464-KEXXH,1,0,0,0,8,0-12 meses,Month-to-month,Credit card (automatic),DSL,25.25,186.3,No,0.598,Medio,0.0
7134-MJPDY,0,1,0,0,66,49-72 meses,One year,Credit card (automatic),Fiber optic,102.85,6976.75,No,0.4178,Medio,0.0
5240-CAOYT,0,0,0,0,57,49-72 meses,Month-to-month,Bank transfer (automatic),Fiber optic,87.55,4884.85,No,0.3129,Medio,0.0
4059-IIEBK,0,0,0,0,7,0-12 meses,Month-to-month,Bank transfer (automatic),Fiber optic,78.55,522.95,No,0.8231,Alto,78.55
4881-JVQOD,1,1,1,1,10,0-12 meses,Month-to-month,Bank transfer (automatic),DSL,34.55,362.6,No,0.5422,Medio,0.0
0516-UXRMT,0,0,0,0,62,49-72 meses,One year,Electronic check,Fiber optic,92.05,5755.8,No,0.3538,Medio,0.0
4851-BQDNX,1,0,1,1,40,25-48 meses,One year,Electronic check,Fiber optic,85.05,3355.65,No,0.4969,Medio,0.0
5148-HKFIR,0,0,0,0,20,13-24 meses,Two year,Mailed check,No,19.7,406.95,No,0.0691,Bajo,0.0
1009-IRMNA,0,0,0,0,7,0-12 meses,Month-to-month,Bank transfer (automatic),No,20.0,137.6,Yes,0.3126,Medio,0.0
3003-CMDUU,0,0,1,0,25,25-48 meses,Month-to-month,Electronic check,Fiber optic,95.15,2395.7,No,0.6535,Alto,95.15
5016-IBERQ,1,0,1,0,23,13-24 meses,Month-to-month,Electronic check,Fiber optic,84.25,1968.1,No,0.6299,Alto,84.25
6797-UCJHZ,0,1,1,0,66,49-72 meses,One year,Credit card (automatic),Fiber optic,104.6,6819.45,No,0.3749,Medio,0.0
2469-DTSGX,0,1,0,0,72,49-72 meses,Two year,Electronic check,Fiber optic,111.65,7943.45,No,0.2186,Bajo,0.0
4554-YGZIH,1,1,1,0,49,49-72 meses,Month-to-month,Credit card (automatic),Fiber optic,90.05,4547.25,Yes,0.5166,Medio,0.0
5099-BAILX,1,1,1,1,43,25-48 meses,Month-to-month,Bank transfer (automatic),Fiber optic,110.75,4687.9,Yes,0.5314,Medio,0.0
9931-KGHOA,0,0,1,0,46,25-48 meses,Month-to-month,Bank transfer (automatic),DSL,55.0,2473.95,No,0.2299,Bajo,0.0
1775-KWJKQ,1,0,1,1,72,49-72 meses,Two year,Credit card (automatic),DSL,89.85,6562.9,No,0.0264,Bajo,0.0
7665-VIGUD,1,0,0,0,10,0-12 meses,One year,Mailed check,No,20.35,176.3,No,0.1301,Bajo,0.0
9411-TPQQV,0,0,0,0,40,25-48 meses,One year,Bank transfer (automatic),DSL,54.55,2236.2,No,0.2036,Bajo,0.0
7207-RMRDB,0,0,1,1,65,49-72 meses,Month-to-month,Electronic check,Fiber optic,105.5,6985.65,Yes,0.5727,Medio,0.0
7954-MLBUN,1,0,0,0,31,25-48 meses,Two year,Bank transfer (automatic),Fiber optic,99.45,3109.9,No,0.2653,Bajo,0.0
2077-DDHJK,0,0,1,0,68,49-72 meses,Two year,Credit card (automatic),DSL,70.9,4911.35,No,0.0876,Bajo,0.0
4913-EHYUI,1,1,1,1,56,49-72 meses,One year,Bank transfer (automatic),Fiber optic,104.55,5794.65,Yes,0.4441,Medio,0.0
0195-IESCP,1,0,1,0,10,0-12 meses,Month-to-month,Electronic check,Fiber optic,85.25,855.3,Yes,0.8692,Alto,85.25
9574-BOSMD,1,0,1,1,68,49-72 meses,Two year,Bank transfer (automatic),No,25.4,1620.2,No,0.0177,Bajo,0.0
4580-TMHJU,0,0,1,1,43,25-48 meses,Month-to-month,Electronic check,DSL,56.15,2499.3,Yes,0.4209,Medio,0.0
0970-ETWGE,1,0,0,0,1,0-12 meses,Month-to-month,Electronic check,Fiber optic,89.55,89.55,Yes,0.9109,Alto,89.55
4908-XAXAY,0,1,0,0,49,49-72 meses,One year,Bank transfer (automatic),Fiber optic,89.85,4287.2,No,0.4006,Medio,0.0
8404-VLQFB,0,0,1,1,15,13-24 meses,Month-to-month,Electronic check,No,25.25,394.85,No,0.2134,Bajo,0.0
1626-ERCMM,1,1,1,0,20,13-24 meses,Month-to-month,Electronic check,Fiber optic,94.55,1899.65,Yes,0.7956,Alto,94.55
0887-HJGAR,1,0,0,0,1,0-12 meses,Month-to-month,Mailed check,DSL,45.7,45.7,Yes,0.7586,Alto,45.7
2391-IPLOP,1,0,1,1,50,49-72 meses,One year,Electronic check,DSL,69.65,3442.15,No,0.2311,Bajo,0.0
5644-PDMZC,0,1,0,0,2,0-12 meses,Month-to-month,Electronic check,Fiber optic,89.5,161.5,Yes,0.8388,Alto,89.5
3509-GWQGF,1,1,0,0,24,13-24 meses,Month-to-month,Credit card (automatic),Fiber optic,70.0,1732.6,No,0.5183,Medio,0.0
9576-ANLXO,0,0,0,0,3,0-12 meses,Month-to-month,Bank transfer (automatic),Fiber optic,69.55,222.3,Yes,0.8109,Alto,69.55
2024-BASKD,0,0,0,0,1,0-12 meses,Month-to-month,Mailed check,Fiber optic,74.6,74.6,Yes,0.872,Alto,74.6
5845-BZZIB,1,0,1,1,35,25-48 meses,Two year,Mailed check,No,20.1,655.3,No,0.021,Bajo,0.0
1140-UKVZG,0,0,0,0,17,13-24 meses,Month-to-month,Mailed check,No,24.8,475.25,No,0.1572,Bajo,0.0
4160-AMJTL,0,1,0,0,8,0-12 meses,Month-to-month,Electronic check,No,19.65,164.3,Yes,0.2604,Bajo,0.0
5183-SNMJQ,1,0,0,0,10,0-12 meses,Month-to-month,Credit card (automatic),Fiber optic,95.1,865.1,No,0.7704,Alto,95.1
8100-PNJMH,1,0,1,1,68,49-72 meses,Two year,Credit card (automatic),DSL,88.85,6132.7,No,0.0399,Bajo,0.0
7838-LAZFO,1,0,1,0,45,25-48 meses,One year,Bank transfer (automatic),DSL,78.8,3597.5,No,0.2252,Bajo,0.0
4464-JCOLN,1,0,1,1,2,0-12 meses,One year,Mailed check,No,19.85,35.9,Yes,0.1871,Bajo,0.0
2085-JVGAD,1,0,1,0,37,25-48 meses,Month-to-month,Bank transfer (automatic),No,20.35,697.65,No,0.1229,Bajo,0.0
5650-VDUDS,0,0,0,0,4,0-12 meses,Month-to-month,Mailed check,DSL,24.25,96.05,Yes,0.7112,Alto,24.25
8095-WANWK,0,0,0,0,10,0-12 meses,Month-to-month,Mailed check,DSL,45.25,428.7,No,0.4967,Medio,0.0
3030-ZKIWL,1,0,0,0,1,0-12 meses,Month-to-month,Mailed check,No,20.05,20.05,No,0.5668,Medio,0.0
9565-FLVCG,1,0,1,1,65,49-72 meses,Two year,Mailed check,DSL,69.55,4459.15,No,0.0735,Bajo,0.0
8755-OGKNA,0,0,1,1,57,49-72 meses,Two year,Bank transfer (automatic),No,19.5,1167.6,No,0.0439,Bajo,0.0
2800-VEQXM,0,0,0,0,3,0-12 meses,Month-to-month,Mailed check,Fiber optic,74.75,238.1,No,0.8226,Alto,74.75
7538-GWHML,0,0,0,0,2,0-12 meses,Month-to-month,Electronic check,Fiber optic,69.65,145.15,Yes,0.8063,Alto,69.65
5533-RJFTJ,1,0,0,0,49,49-72 meses,Month-to-month,Bank transfer (automatic),DSL,30.2,1453.1,No,0.3753,Medio,0.0
3859-CVCET,0,0,0,0,4,0-12 meses,Month-to-month,Mailed check,DSL,45.65,191.05,Yes,0.6495,Alto,45.65
0214-JHPFW,0,0,1,0,70,49-72 meses,Two year,Bank transfer (automatic),DSL,57.8,4039.3,No,0.0552,Bajo,0.0
5642-MHDQT,0,0,1,1,53,49-72 meses,One year,Bank transfer (automatic),No,19.85,1039.45,No,0.0798,Bajo,0.0
3088-FVYWK,1,0,1,1,53,49-72 meses,Two year,Credit card (automatic),No,25.55,1336.1,No,0.0468,Bajo,0.0
3276-HDUEG,0,0,0,0,1,0-12 meses,Month-to-month,Mailed check,Fiber optic,75.05,75.05,Yes,0.8962,Alto,75.05
9092-GDZKO,1,0,0,0,22,13-24 meses,Month-to-month,Credit card (automatic),No,24.85,493.4,No,0.1451,Bajo,0.0
0823-HSCDJ,1,1,0,0,52,49-72 meses,Month-to-month,Electronic check,DSL,49.15,2550.9,Yes,0.5141,Medio,0.0
3729-OWRVL,1,1,0,0,65,49-72 meses,Two year,Electronic check,Fiber optic,110.35,7246.15,No,0.3121,Medio,0.0
2324-AALNO,0,0,0,0,48,25-48 meses,One year,Bank transfer (automatic),No,24.55,1203.95,No,0.1057,Bajo,0.0
0822-GAVAP,0,0,0,0,2,0-12 meses,Month-to-month,Electronic check,DSL,34.7,62.25,Yes,0.804,Alto,34.7
5760-IFJOZ,1,0,0,0,3,0-12 meses,Month-to-month,Mailed check,Fiber optic,107.95,313.6,No,0.794,Alto,107.95
2826-UWHIS,1,0,1,0,45,25-48 meses,Month-to-month,Bank transfer (automatic),Fiber optic,81.4,3775.85,No,0.4393,Medio,0.0
1448-PWKYE,1,0,1,1,1,0-12 meses,Month-to-month,Electronic check,Fiber optic,80.0,80.0,Yes,0.8504,Alto,80.0
7501-IWUNG,0,0,1,1,61,49-72 meses,Two year,Bank transfer (automatic),DSL,73.8,4616.05,No,0.0707,Bajo,0.0
4957-TREIR,1,0,0,0,3,0-12 meses,Month-to-month,Credit card (automatic),DSL,64.4,195.65,No,0.4807,Medio,0.0
7251-LJBQN,0,1,0,0,40,25-48 meses,One year,Credit card (automatic),Fiber optic,103.75,4188.4,No,0.4565,Medio,0.0
8040-MNRTF,0,0,0,0,1,0-12 meses,Month-to-month,Mailed check,Fiber optic,71.1,71.1,No,0.8522,Alto,71.1
1536-HBSWP,0,0,0,0,1,0-12 meses,Month-to-month,Electronic check,DSL,49.9,49.9,No,0.7179,Alto,49.9
5313-FPXWG,1,0,0,0,51,49-72 meses,One year,Bank transfer (automatic),No,24.6,1266.4,No,0.0984,Bajo,0.0
0067-DKWBL,1,1,0,0,2,0-12 meses,Month-to-month,Electronic check,DSL,49.25,91.1,Yes,0.7263,Alto,49.25
0946-FKYTX,1,0,0,0,52,49-72 meses,One year,Mailed check,DSL,30.1,1623.4,No,0.2801,Bajo,0.0
5076-YVXCM,1,0,0,0,51,49-72 meses,Month-to-month,Bank transfer (automatic),Fiber optic,83.4,4149.45,No,0.4975,Medio,0.0
8262-COGGB,1,0,0,0,1,0-12 meses,Month-to-month,Mailed check,No,20.45,20.45,No,0.5539,Medio,0.0
6663-JOCQO,1,0,1,1,31,25-48 meses,One year,Bank transfer (automatic),DSL,75.25,2344.5,No,0.2277,Bajo,0.0
9620-QJREV,1,0,0,1,47,25-48 meses,One year,Credit card (automatic),No,20.55,1013.05,No,0.0504,Bajo,0.0
2276-YDAVZ,0,0,0,0,3,0-12 meses,Month-to-month,Credit card (automatic),Fiber optic,75.1,270.7,Yes,0.8373,Alto,75.1
2682-KEVRP,0,1,0,0,22,13-24 meses,One year,Mailed check,No,20.05,417.0,No,0.0828,Bajo,0.0
2480-JZOSN,0,0,1,0,1,0-12 meses,Month-to-month,Mailed check,No,20.65,20.65,No,0.5208,Medio,0.0
0078-XZMHT,1,0,1,0,72,49-72 meses,Two year,Bank transfer (automatic),DSL,85.15,6316.2,No,0.0669,Bajo,0.0
5896-NPFWW,1,0,1,1,3,0-12 meses,Month-to-month,Electronic check,DSL,50.15,168.15,Yes,0.7273,Alto,50.15
9978-HYCIN,1,1,1,1,47,25-48 meses,One year,Bank transfer (automatic),Fiber optic,84.95,4018.05,No,0.3976,Medio,0.0
8338-QIUNR,1,0,1,1,72,49-72 meses,Two year,Credit card (automatic),DSL,66.5,4811.6,No,0.0751,Bajo,0.0
1525-LNLOJ,1,0,1,1,66,49-72 meses,Two year,Bank transfer (automatic),DSL,63.3,4189.7,No,0.129,Bajo,0.0
9450-TRJUU,1,0,0,0,35,25-48 meses,Month-to-month,Electronic check,Fiber optic,83.15,2848.45,No,0.648,Alto,83.15
1766-GKNMI,1,0,0,0,29,25-48 meses,Month-to-month,Electronic check,Fiber optic,84.9,2516.2,No,0.7288,Alto,84.9
6942-LBFDP,0,0,0,0,2,0-12 meses,Month-to-month,Mailed check,No,20.55,33.6,No,0.264,Bajo,0.0
1456-TWCGB,1,0,0,0,4,0-12 meses,Month-to-month,Mailed check,DSL,49.25,208.45,No,0.5963,Medio,0.0
7133-VBDCG,0,0,0,0,25,25-48 meses,Month-to-month,Bank transfer (automatic),Fiber optic,79.85,2015.35,Yes,0.5267,Medio,0.0
7596-ZYWBB,0,0,0,0,65,49-72 meses,Two year,Mailed check,DSL,59.6,3739.8,No,0.047,Bajo,0.0
8329-UTMVM,1,1,0,0,27,25-48 meses,One year,Bank transfer (automatic),Fiber optic,104.65,2964.0,No,0.5018,Medio,0.0
3014-WJKSM,1,0,1,0,29,25-48 meses,Month-to-month,Credit card (automatic),Fiber optic,75.3,2263.4,No,0.523,Medio,0.0
3347-YJZZE,1,0,1,1,29,25-48 meses,Month-to-month,Credit card (automatic),DSL,80.1,2211.8,No,0.3244,Medio,0.0
1029-QFBEN,1,0,0,0,1,0-12 meses,Month-to-month,Mailed check,No,19.55,19.55,Yes,0.5169,Medio,0.0
7929-DMBCV,0,0,1,0,20,13-24 meses,Month-to-month,Mailed check,Fiber optic,81.0,1683.7,No,0.5197,Medio,0.0
9661-JALZV,0,0,0,0,58,49-72 meses,Two year,Credit card (automatic),No,24.7,1519.0,No,0.06,Bajo,0.0
5433-KYGHE,0,0,0,1,14,13-24 meses,Month-to-month,Mailed check,Fiber optic,86.0,1164.05,No,0.6156,Alto,86.0
4312-KFRXN,1,0,1,0,72,49-72 meses,Two year,Mailed check,No,25.4,1710.9,No,0.0311,Bajo,0.0
5575-TPIZQ,1,0,0,0,46,25-48 meses,Month-to-month,Credit card (automatic),Fiber optic,89.15,4245.55,No,0.4714,Medio,0.0
0114-IGABW,0,0,1,0,71,49-72 meses,Two year,Bank transfer (automatic),DSL,58.25,4145.9,No,0.0556,Bajo,0.0
9944-AEXBM,1,0,0,0,32,25-48 meses,Month-to-month,Bank transfer (automatic),Fiber optic,85.65,2664.3,No,0.6192,Alto,85.65
1853-ARAAQ,0,0,0,0,26,25-48 meses,Month-to-month,Credit card (automatic),DSL,50.35,1277.5,No,0.4113,Medio,0.0
6952-OMNWB,1,1,1,0,68,49-72 meses,Month-to-month,Credit card (automatic),Fiber optic,80.35,5589.3,No,0.4214,Medio,0.0
4697-LUPSU,1,0,1,1,2,0-12 meses,One year,Mailed check,No,20.2,34.75,No,0.1715,Bajo,0.0
8434-VGEQQ,1,0,1,1,61,49-72 meses,Two year,Credit card (automatic),No,20.55,1305.95,No,0.0178,Bajo,0.0
4952-YSOGZ,0,0,1,1,4,0-12 meses,Month-to-month,Electronic check,Fiber optic,85.95,381.3,Yes,0.8818,Alto,85.95
1589-AGTLK,1,0,0,0,3,0-12 meses,Month-to-month,Electronic check,DSL,45.35,141.5,Yes,0.7608,Alto,45.35
5244-IRFIH,1,1,1,0,33,25-48 meses,Month-to-month,Electronic check,Fiber optic,94.5,3105.55,Yes,0.754,Alto,94.5
6549-YMFAW,1,1,1,0,9,0-12 meses,Month-to-month,Mailed check,No,21.25,204.55,No,0.2122,Bajo,0.0
4950-HKQTE,0,0,0,0,22,13-24 meses,Two year,Mailed check,No,26.25,605.9,No,0.0897,Bajo,0.0
6786-OBWQR,0,0,1,1,5,0-12 meses,Month-to-month,Electronic check,Fiber optic,80.85,356.1,No,0.8375,Alto,80.85
2684-EIWEO,0,1,0,0,30,25-48 meses,Month-to-month,Credit card (automatic),Fiber optic,91.7,2758.15,Yes,0.4633,Medio,0.0
2753-JMMCV,1,0,0,0,65,49-72 meses,Two year,Credit card (automatic),DSL,74.2,4805.65,No,0.1128,Bajo,0.0
6439-GTPCA,0,0,0,0,45,25-48 meses,Month-to-month,Electronic check,Fiber optic,87.25,3941.7,Yes,0.6039,Alto,87.25
6621-YOBKI,1,0,0,0,5,0-12 meses,Month-to-month,Mailed check,No,20.35,92.75,No,0.2411,Bajo,0.0
1216-JWVUX,1,0,1,1,25,25-48 meses,Month-to-month,Electronic check,Fiber optic,75.5,1901.05,No,0.6486,Alto,75.5
7564-GHCVB,0,0,1,1,72,49-72 meses,Two year,Bank transfer (automatic),Fiber optic,79.05,5730.7,No,0.1503,Bajo,0.0
1173-NOEYG,0,0,1,0,27,25-48 meses,Month-to-month,Bank transfer (automatic),Fiber optic,90.15,2423.4,No,0.5576,Medio,0.0
7595-EHCDL,1,0,1,1,32,25-48 meses,Month-to-month,Credit card (automatic),DSL,50.6,1653.45,No,0.3326,Medio,0.0
6647-ZEDXT,0,0,0,0,30,25-48 meses,One year,Credit card (automatic),Fiber optic,110.45,3327.05,No,0.3935,Medio,0.0
2521-NPUZR,1,0,1,0,70,49-72 meses,Two year,Credit card (automatic),Fiber optic,101.0,7085.5,No,0.1474,Bajo,0.0
1307-TVUFB,1,1,0,0,42,25-48 meses,Month-to-month,Bank transfer (automatic),Fiber optic,79.35,3344.1,No,0.5543,Medio,0.0
7503-MIOGA,0,1,1,0,72,49-72 meses,Two year,Bank transfer (automatic),DSL,89.85,6697.35,No,0.0571,Bajo,0.0
4381-MHQDC,0,0,0,0,47,25-48 meses,Two year,Mailed check,DSL,65.0,2879.9,No,0.0674,Bajo,0.0
6923-JHPMP,0,0,0,0,2,0-12 meses,Month-to-month,Electronic check,Fiber optic,80.45,137.1,No,0.7633,Alto,80.45
5138-WVKYJ,1,0,0,0,10,0-12 meses,Month-to-month,Electronic check,Fiber optic,98.55,1008.55,Yes,0.7773,Alto,98.55
4018-PPNDW,0,0,1,1,61,49-72 meses,Two year,Mailed check,No,24.1,1551.6,No,0.044,Bajo,0.0
1635-FJFCC,0,0,0,0,5,0-12 meses,Month-to-month,Credit card (automatic),DSL,44.05,202.15,No,0.6302,Alto,44.05
2499-AJYUA,0,1,1,0,72,49-72 meses,Two year,Credit card (automatic),Fiber optic,110.8,7882.25,No,0.1399,Bajo,0.0
6919-ELBGL,1,1,1,1,72,49-72 meses,Two year,Bank transfer (automatic),Fiber optic,114.95,8196.4,No,0.0962,Bajo,0.0
3966-HRMZA,0,1,0,0,3,0-12 meses,Month-to-month,Mailed check,Fiber optic,75.05,202.9,No,0.783,Alto,75.05
6425-JWTDV,1,0,1,0,48,25-48 meses,Two year,Mailed check,No,19.25,855.1,No,0.0398,Bajo,0.0
8405-IGQFX,0,0,0,0,63,49-72 meses,One year,Credit card (automatic),Fiber optic,90.05,5817.0,No,0.2977,Bajo,0.0
8224-IVVPA,0,0,0,0,27,25-48 meses,Month-to-month,Mailed check,DSL,56.7,1652.95,No,0.2656,Bajo,0.0
9477-LGWQI,1,0,1,1,70,49-72 meses,Two year,Credit card (automatic),DSL,80.15,5600.15,No,0.0793,Bajo,0.0
1410-RSCMR,1,0,1,1,7,0-12 meses,Month-to-month,Credit card (automatic),DSL,71.35,515.75,No,0.4277,Medio,0.0
3115-CZMZD,1,0,0,1,0,,Two year,Mailed check,No,20.25,20.25,No,0.3346,Medio,0.0
0139-IVFJG,0,0,1,0,2,0-12 meses,Month-to-month,Electronic check,Fiber optic,90.35,190.5,No,0.7079,Alto,90.35
6683-VLCTZ,1,1,0,0,20,13-24 meses,Month-to-month,Electronic check,Fiber optic,98.55,1842.8,Yes,0.8101,Alto,98.55
5730-DBDSI,1,0,0,0,66,49-72 meses,Two year,Bank transfer (automatic),No,19.7,1253.8,No,0.0601,Bajo,0.0
0030-FNXPP,0,0,0,0,3,0-12 meses,Month-to-month,Mailed check,No,19.85,57.2,No,0.2845,Bajo,0.0
2189-WWOEW,0,0,0,1,15,13-24 meses,Month-to-month,Bank transfer (automatic),Fiber optic,85.9,1269.55,Yes,0.6892,Alto,85.9
5684-FJVYR,0,0,1,1,72,49-72 meses,Two year,Bank transfer (automatic),Fiber optic,90.35,6563.4,No,0.101,Bajo,0.0
4013-GUXND,1,0,0,0,1,0-12 meses,Month-to-month,Mailed check,No,20.8,20.8,No,0.5219,Medio,0.0
1894-IGFSG,0,0,0,0,22,13-24 meses,Month-to-month,Electronic check,Fiber optic,89.25,1907.85,Yes,0.6818,Alto,89.25
7379-POKDZ,1,0,1,0,3,0-12 meses,Month-to-month,Electronic check,Fiber optic,70.3,208.85,Yes,0.8234,Alto,70.3
1266-NZYUI,0,0,1,1,72,49-72 meses,Two year,Bank transfer (automatic),DSL,66.85,4758.8,No,0.066,Bajo,0.0
7969-FFOWG,1,0,1,1,65,49-72 meses,Two year,Mailed check,No,19.9,1292.6,No,0.0229,Bajo,0.0
4718-DHSMV,0,0,0,0,11,0-12 meses,Month-to-month,Mailed check,DSL,35.8,363.15,No,0.4976,Medio,0.0
5175-WLYXL,1,0,0,0,22,13-24 meses,Month-to-month,Mailed check,Fiber optic,78.85,1600.25,No,0.597,Medio,0.0
7817-OMJNA,1,0,0,0,14,13-24 meses,One year,Bank transfer (automatic),No,20.4,275.7,No,0.1258,Bajo,0.0
8728-SKJLR,1,0,0,0,41,25-48 meses,Month-to-month,Electronic check,Fiber optic,74.25,3089.1,No,0.5489,Medio,0.0
3137-NYQQI,1,0,1,0,17,13-24 meses,One year,Mailed check,DSL,64.8,1175.6,No,0.2802,Bajo,0.0
7706-DZNKK,1,0,0,0,11,0-12 meses,Month-to-month,Credit card (automatic),No,20.45,237.3,No,0.19,Bajo,0.0
0236-HFWSV,1,0,0,0,15,13-24 meses,Month-to-month,Electronic check,Fiber optic,93.35,1444.65,Yes,0.8187,Alto,93.35
3900-AQPHZ,0,0,0,0,1,0-12 meses,Month-to-month,Mailed check,No,19.9,19.9,Yes,0.571,Medio,0.0
5842-POCOP,0,0,1,0,5,0-12 meses,Month-to-month,Mailed check,Fiber optic,88.9,454.15,Yes,0.7626,Alto,88.9
2037-XJFUP,1,0,1,0,33,25-48 meses,One year,Electronic check,Fiber optic,95.8,3036.75,Yes,0.5828,Medio,0.0
8823-RLPWL,0,0,1,0,72,49-72 meses,Two year,Credit card (automatic),Fiber optic,110.65,8065.65,No,0.1144,Bajo,0.0
9505-SQFSW,0,0,1,1,3,0-12 meses,Month-to-month,Mailed check,DSL,40.3,92.5,No,0.6246,Alto,40.3
7314-OXENN,1,0,0,0,2,0-12 meses,Month-to-month,Electronic check,Fiber optic,82.0,184.65,Yes,0.8696,Alto,82.0
3758-CKOQL,0,0,1,0,59,49-72 meses,One year,Credit card (automatic),Fiber optic,107.0,6152.3,No,0.3417,Medio,0.0
0322-CHQRU,1,0,0,0,2,0-12 meses,Month-to-month,Electronic check,DSL,45.35,89.5,Yes,0.7549,Alto,45.35
5676-CFLYY,1,0,1,1,71,49-72 meses,Two year,Credit card (automatic),DSL,73.35,5154.5,No,0.0845,Bajo,0.0
7521-AFHAB,0,0,1,1,5,0-12 meses,Month-to-month,Mailed check,DSL,44.8,220.45,No,0.5762,Medio,0.0
0285-INHLN,1,0,1,1,27,25-48 meses,Month-to-month,Credit card (automatic),DSL,54.75,1510.3,No,0.2821,Bajo,0.0
4678-DVQEO,0,0,0,0,1,0-12 meses,Month-to-month,Electronic check,DSL,52.2,52.2,Yes,0.7176,Alto,52.2
5125-CNDSP,1,0,0,1,63,49-72 meses,One year,Bank transfer (automatic),DSL,40.6,2588.95,No,0.137,Bajo,0.0
0691-IFBQW,0,1,0,0,46,25-48 meses,One year,Electronic check,Fiber optic,110.0,4874.8,Yes,0.5064,Medio,0.0
4992-LTJNE,1,0,1,1,72,49-72 meses,Two year,Bank transfer (automatic),DSL,55.3,3983.6,No,0.0681,Bajo,0.0
2202-OUTMO,0,0,1,0,34,25-48 meses,Month-to-month,Bank transfer (automatic),DSL,60.85,2003.6,No,0.2034,Bajo,0.0
0810-BDHAW,0,0,1,1,24,13-24 meses,One year,Electronic check,DSL,78.4,1832.4,No,0.2712,Bajo,0.0
0229-LFJAF,1,0,0,0,72,49-72 meses,Two year,Bank transfer (automatic),DSL,69.65,4908.25,No,0.0538,Bajo,0.0
7131-ZQZNK,0,0,1,1,60,49-72 meses,Two year,Credit card (automatic),DSL,59.85,3590.2,No,0.0363,Bajo,0.0
3442-ZHHCC,1,0,0,0,68,49-72 meses,One year,Credit card (automatic),DSL,76.9,5023.0,No,0.2385,Bajo,0.0
5726-CVNYA,0,0,1,1,8,0-12 meses,Two year,Mailed check,No,19.85,146.6,No,0.1204,Bajo,0.0
9871-ELEYA,0,0,0,1,34,25-48 meses,Two year,Credit card (automatic),DSL,67.65,2339.3,No,0.0992,Bajo,0.0
4257-GAESD,0,0,0,0,6,0-12 meses,Month-to-month,Credit card (automatic),DSL,45.0,298.7,No,0.5627,Medio,0.0
5173-WXOQV,1,0,1,0,2,0-12 meses,Month-to-month,Mailed check,DSL,64.2,143.65,No,0.5691,Medio,0.0
2040-OBMLJ,1,0,0,0,31,25-48 meses,One year,Credit card (automatic),Fiber optic,81.7,2548.65,No,0.3486,Medio,0.0
6286-ZHAOK,0,0,1,1,20,13-24 meses,Month-to-month,Bank transfer (automatic),No,25.55,507.4,No,0.1434,Bajo,0.0
3807-XHCJH,0,0,1,1,1,0-12 meses,Month-to-month,Electronic check,No,20.0,20.0,No,0.4663,Medio,0.0
3009-JWMPU,1,0,0,0,62,49-72 meses,One year,Electronic check,Fiber optic,96.75,6125.4,Yes,0.5455,Medio,0.0
5671-RQRLP,0,1,1,0,70,49-72 meses,Two year,Credit card (automatic),Fiber optic,75.65,5411.4,No,0.2528,Bajo,0.0
1450-GALXR,0,0,0,0,10,0-12 meses,Month-to-month,Electronic check,Fiber optic,98.5,1058.25,Yes,0.8518,Alto,98.5
8859-AXJZP,1,0,1,1,39,25-48 meses,Two year,Mailed check,No,23.8,903.8,No,0.0452,Bajo,0.0
3174-AKMAS,0,0,1,0,46,25-48 meses,Two year,Credit card (automatic),DSL,64.2,3009.5,No,0.1193,Bajo,0.0
3138-BKYAV,1,0,0,0,6,0-12 meses,Month-to-month,Electronic check,Fiber optic,85.35,489.45,Yes,0.858,Alto,85.35
9926-PJHDQ,0,0,1,1,72,49-72 meses,Two year,Bank transfer (automatic),DSL,76.8,5468.45,No,0.1283,Bajo,0.0
7382-DFJTU,1,0,0,0,18,13-24 meses,Month-to-month,Credit card (automatic),DSL,55.2,1058.1,No,0.3904,Medio,0.0
2798-NYLMZ,1,0,1,0,71,49-72 meses,Two year,Credit card (automatic),Fiber optic,108.55,7616.0,No,0.2731,Bajo,0.0
4289-DTDKW,1,0,1,0,40,25-48 meses,Month-to-month,Electronic check,Fiber optic,101.3,4113.1,Yes,0.7195,Alto,101.3
1820-TQVEV,1,0,0,0,1,0-12 meses,Month-to-month,Electronic check,Fiber optic,69.55,69.55,Yes,0.8878,Alto,69.55
2239-JALAW,1,0,0,0,58,49-72 meses,One year,Bank transfer (automatic),Fiber optic,103.25,6017.65,Yes,0.5034,Medio,0.0
4853-RULSV,1,0,0,0,70,49-72 meses,Two year,Credit card (automatic),Fiber optic,104.0,7250.15,Yes,0.2898,Bajo,0.0
8098-TDCBU,0,0,1,0,42,25-48 meses,Two year,Electronic check,No,25.25,1108.2,No,0.0906,Bajo,0.0
3551-GAEGL,1,0,1,1,34,25-48 meses,One year,Bank transfer (automatic),DSL,30.4,938.65,No,0.2455,Bajo,0.0
4785-NKHCX,1,1,0,0,5,0-12 meses,Month-to-month,Bank transfer (automatic),No,20.05,94.15,No,0.2723,Bajo,0.0
3196-NVXLZ,0,0,0,0,25,25-48 meses,Month-to-month,Mailed check,Fiber optic,84.6,2088.05,No,0.6214,Alto,84.6
6275-YDUVO,0,0,0,0,2,0-12 meses,Month-to-month,Mailed check,Fiber optic,86.2,178.7,Yes,0.8568,Alto,86.2
0036-IHMOT,0,0,1,1,55,49-72 meses,One year,Bank transfer (automatic),Fiber optic,103.7,5656.75,No,0.353,Medio,0.0
0115-TFERT,1,0,1,0,21,13-24 meses,Month-to-month,Electronic check,Fiber optic,111.2,2317.1,Yes,0.7088,Alto,111.2
4178-EGMON,1,0,1,0,70,49-72 meses,Two year,Credit card (automatic),Fiber optic,88.0,5986.45,No,0.1334,Bajo,0.0
4220-TINQT,0,0,1,0,61,49-72 meses,Month-to-month,Electronic check,Fiber optic,106.35,6751.35,No,0.5465,Medio,0.0
5318-YKDPV,1,0,1,1,43,25-48 meses,Two year,Credit card (automatic),DSL,79.15,3566.6,No,0.0894,Bajo,0.0
7975-TZMLR,1,0,0,0,47,25-48 meses,One year,Electronic check,Fiber optic,103.1,4889.3,No,0.5626,Medio,0.0
0295-QVKPB,1,0,0,0,5,0-12 meses,Month-to-month,Credit card (automatic),DSL,63.95,318.1,No,0.4902,Medio,0.0
4335-BSMJS,0,0,0,0,62,49-72 meses,Two year,Credit card (automatic),No,25.8,1563.95,No,0.0533,Bajo,0.0
2311-QYMUQ,0,0,1,1,16,13-24 meses,Month-to-month,Credit card (automatic),Fiber optic,89.45,1430.25,Yes,0.6564,Alto,89.45
3643-AHCFP,1,1,1,0,7,0-12 meses,Month-to-month,Bank transfer (automatic),Fiber optic,95.6,644.35,Yes,0.8788,Alto,95.6
9146-JRIOX,0,0,1,1,14,13-24 meses,Month-to-month,Mailed check,No,25.55,372.45,No,0.1618,Bajo,0.0
3104-OWCGK,1,0,1,1,60,49-72 meses,One year,Electronic check,Fiber optic,90.95,5453.4,Yes,0.4055,Medio,0.0
5337-IIWKZ,1,0,1,1,34,25-48 meses,Month-to-month,Electronic check,DSL,44.85,1442.6,No,0.3187,Medio,0.0
9101-BWFSS,0,0,1,0,50,49-72 meses,One year,Electronic check,Fiber optic,108.55,5610.7,Yes,0.4193,Medio,0.0
9650-VBUOG,1,0,1,1,38,25-48 meses,Two year,Credit card (automatic),No,25.05,963.95,No,0.043,Bajo,0.0
3487-EARAT,0,0,1,1,70,49-72 meses,One year,Credit card (automatic),DSL,74.1,5222.3,No,0.1813,Bajo,0.0
2672-TGEFF,0,0,1,1,37,25-48 meses,Month-to-month,Electronic check,Fiber optic,88.8,3340.55,No,0.6262,Alto,88.8
9231-ZJYAM,0,1,0,0,4,0-12 meses,Month-to-month,Electronic check,Fiber optic,78.85,292.8,Yes,0.8537,Alto,78.85
4250-WAROZ,1,1,1,1,60,49-72 meses,Month-to-month,Electronic check,Fiber optic,93.25,5774.55,No,0.4097,Medio,0.0
8184-WMOFI,1,0,1,1,62,49-72 meses,One year,Credit card (automatic),DSL,71.4,4487.3,No,0.1646,Bajo,0.0
6982-SSHFK,1,0,0,0,1,0-12 meses,Month-to-month,Mailed check,DSL,44.4,44.4,Yes,0.7175,Alto,44.4
6092-QZVPP,1,0,0,0,36,25-48 meses,Month-to-month,Credit card (automatic),DSL,79.2,2854.95,No,0.2652,Bajo,0.0
4625-LAMOB,1,0,0,0,44,25-48 meses,Two year,Credit card (automatic),No,20.4,905.55,No,0.0295,Bajo,0.0
0727-BMPLR,0,1,0,0,55,49-72 meses,One year,Electronic check,Fiber optic,100.0,5509.3,Yes,0.5614,Medio,0.0
0392-BZIUW,0,0,1,0,72,49-72 meses,Two year,Credit card (automatic),Fiber optic,105.0,7589.8,No,0.2227,Bajo,0.0
1038-ZAGBI,0,0,1,1,12,0-12 meses,One year,Bank transfer (automatic),No,19.8,229.6,Yes,0.2064,Bajo,0.0
6549-NNDYT,0,0,0,0,13,13-24 meses,Month-to-month,Bank transfer (automatic),DSL,30.85,394.1,No,0.4315,Medio,0.0
3027-ZTDHO,1,0,0,0,1,0-12 meses,Month-to-month,Electronic check,Fiber optic,89.9,89.9,Yes,0.9109,Alto,89.9
0422-OHQHQ,0,0,1,1,15,13-24 meses,One year,Mailed check,No,20.55,295.95,No,0.1138,Bajo,0.0
6916-HIJSE,0,0,0,0,65,49-72 meses,Two year,Bank transfer (automatic),DSL,84.85,5459.2,No,0.0505,Bajo,0.0
2316-ESMLS,0,0,1,1,12,0-12 meses,One year,Credit card (automatic),DSL,33.15,444.75,No,0.297,Bajo,0.0
9778-OGKQZ,1,0,1,0,72,49-72 meses,Two year,Credit card (automatic),DSL,92.0,6782.15,No,0.0337,Bajo,0.0
7408-OFWXJ,0,0,1,1,72,49-72 meses,Two year,Credit card (automatic),DSL,89.8,6510.45,No,0.0224,Bajo,0.0
6007-TCTST,0,0,1,1,72,49-72 meses,Two year,Bank transfer (automatic),Fiber optic,115.8,8476.5,No,0.0943,Bajo,0.0
2252-NKNSI,1,0,0,1,52,49-72 meses,Two year,Mailed check,DSL,85.15,4461.85,No,0.0689,Bajo,0.0
8713-IGZSO,1,0,0,0,2,0-12 meses,Month-to-month,Mailed check,No,24.85,62.0,No,0.2582,Bajo,0.0
7905-TVXTA,0,0,0,0,5,0-12 meses,Month-to-month,Electronic check,DSL,64.35,352.65,No,0.5561,Medio,0.0
7695-PKLCZ,0,0,0,0,68,49-72 meses,Two year,Credit card (automatic),No,20.5,1424.9,No,0.0292,Bajo,0.0
2382-BCKQJ,0,0,0,1,62,49-72 meses,One year,Electronic check,Fiber optic,100.15,6413.65,Yes,0.5098,Medio,0.0
8374-UULRV,1,0,0,0,72,49-72 meses,Two year,Credit card (automatic),DSL,86.05,6309.65,No,0.0493,Bajo,0.0
2207-NHRJK,1,0,0,0,1,0-12 meses,Month-to-month,Electronic check,DSL,50.8,50.8,Yes,0.7041,Alto,50.8
3224-DFQNQ,0,0,1,0,66,49-72 meses,One year,Electronic check,Fiber optic,89.0,5898.6,No,0.2668,Bajo,0.0
5275-PMFUT,1,0,1,1,72,49-72 meses,Two year,Credit card (automatic),DSL,64.8,4719.75,No,0.0266,Bajo,0.0
4795-UXVCJ,1,0,0,0,26,25-48 meses,One year,Credit card (automatic),No,19.8,457.3,No,0.0463,Bajo,0.0
9777-IQHWP,1,0,1,1,64,49-72 meses,Two year,Bank transfer (automatic),Fiber optic,93.4,5822.3,No,0.1963,Bajo,0.0
0947-MUGVO,1,1,1,0,20,13-24 meses,Month-to-month,Electronic check,Fiber optic,73.65,1463.5,Yes,0.7209,Alto,73.65
9944-HKVVB,0,0,0,0,3,0-12 meses,Month-to-month,Electronic check,Fiber optic,95.1,307.4,Yes,0.8703,Alto,95.1
4124-MMETB,1,0,0,0,22,13-24 meses,Month-to-month,Credit card (automatic),Fiber optic,94.65,2104.55,Yes,0.6913,Alto,94.65
3671-SHRSP,1,0,1,0,4,0-12 meses,Month-to-month,Mailed check,Fiber optic,80.6,319.15,Yes,0.789,Alto,80.6
0979-MOZQI,1,0,1,0,62,49-72 meses,Two year,Bank transfer (automatic),DSL,39.0,2337.45,No,0.1237,Bajo,0.0
2732-ISEZX,0,0,0,0,5,0-12 meses,Month-to-month,Mailed check,No,20.5,104.3,No,0.2253,Bajo,0.0
3313-QKNKB,1,0,1,0,59,49-72 meses,One year,Electronic check,Fiber optic,85.55,5084.65,Yes,0.3994,Medio,0.0
0323-XWWTN,1,0,0,1,3,0-12 meses,Two year,Mailed check,No,26.4,121.25,No,0.14,Bajo,0.0
1937-OTUKY,0,0,1,0,72,49-72 meses,Two year,Bank transfer (automatic),Fiber optic,98.2,7015.9,No,0.1579,Bajo,0.0
1573-LGXBA,1,0,1,1,57,49-72 meses,One year,Credit card (automatic),Fiber optic,97.55,5598.0,No,0.3676,Medio,0.0
1764-VUUMT,1,0,0,1,66,49-72 meses,Two year,Credit card (automatic),No,19.95,1269.1,No,0.0376,Bajo,0.0
5073-WXOYN,0,0,0,0,60,49-72 meses,Month-to-month,Electronic check,DSL,50.8,3027.4,Yes,0.4558,Medio,0.0
4713-ZBURT,1,0,0,1,45,25-48 meses,Two year,Bank transfer (automatic),Fiber optic,99.7,4634.35,No,0.3092,Medio,0.0
3050-GBUSH,0,0,0,0,3,0-12 meses,Month-to-month,Credit card (automatic),DSL,34.8,113.95,No,0.6687,Alto,34.8
0207-MDKNV,0,0,0,0,15,13-24 meses,Month-to-month,Electronic check,Fiber optic,105.1,1582.75,Yes,0.6572,Alto,105.1
7876-AEHIG,0,0,0,1,51,49-72 meses,One year,Bank transfer (automatic),DSL,60.15,3077.0,No,0.146,Bajo,0.0
7945-HLKEA,0,0,0,0,60,49-72 meses,One year,Electronic check,DSL,64.75,4039.5,No,0.163,Bajo,0.0
9342-VNIMQ,1,0,0,0,33,25-48 meses,Month-to-month,Bank transfer (automatic),DSL,54.65,1665.2,No,0.3418,Medio,0.0
9851-KIELU,1,0,0,0,10,0-12 meses,Month-to-month,Electronic check,Fiber optic,110.1,1043.3,Yes,0.731,Alto,110.1
3523-BRGUW,1,1,0,0,26,25-48 meses,One year,Credit card (automatic),No,19.3,504.2,No,0.0524,Bajo,0.0
3908-BLSYF,0,0,0,0,6,0-12 meses,Month-to-month,Electronic check,Fiber optic,83.9,497.55,Yes,0.8257,Alto,83.9
3199-NPKCN,0,0,1,0,67,49-72 meses,One year,Electronic check,Fiber optic,111.25,7511.65,No,0.3924,Medio,0.0
5170-PTRKA,0,0,1,1,49,49-72 meses,One year,Credit card (automatic),DSL,35.8,1782.0,No,0.1337,Bajo,0.0
4661-NJEUX,1,0,0,0,1,0-12 meses,Month-to-month,Mailed check,No,20.05,20.05,No,0.591,Medio,0.0
2123-AGEEN,0,1,0,0,7,0-12 meses,Month-to-month,Electronic check,Fiber optic,84.35,609.65,No,0.8537,Alto,84.35
1258-YMZNM,0,1,0,0,27,25-48 meses,One year,Bank transfer (automatic),Fiber optic,110.5,2857.6,No,0.4853,Medio,0.0
0048-LUMLS,1,0,1,1,37,25-48 meses,One year,Credit card (automatic),Fiber optic,91.2,3247.55,No,0.4307,Medio,0.0
7549-MYGPK,0,0,1,1,63,49-72 meses,Month-to-month,Electronic check,Fiber optic,100.55,6215.35,Yes,0.4824,Medio,0.0
5898-IGSLP,1,0,1,1,31,25-48 meses,Month-to-month,Electronic check,Fiber optic,89.3,2823.0,No,0.4983,Medio,0.0
3804-RVTGV,1,0,1,1,50,49-72 meses,Month-to-month,Bank transfer (automatic),Fiber optic,103.85,5017.9,Yes,0.5812,Medio,0.0
6259-WJQLC,1,1,0,0,32,25-48 meses,Month-to-month,Credit card (automatic),Fiber optic,81.1,2619.25,No,0.5787,Medio,0.0
9227-LUNBG,0,0,0,0,1,0-12 meses,Month-to-month,Electronic check,DSL,24.6,24.6,Yes,0.7523,Alto,24.6
7997-EASSD,0,0,1,0,63,49-72 meses,One year,Credit card (automatic),Fiber optic,81.2,4965.1,No,0.2834,Bajo,0.0
0730-KOAVE,1,0,0,0,30,25-48 meses,Month-to-month,Credit card (automatic),Fiber optic,94.3,2679.7,No,0.5507,Medio,0.0
8975-SKGRX,1,0,1,0,71,49-72 meses,Two year,Bank transfer (automatic),Fiber optic,116.1,8310.55,No,0.1567,Bajo,0.0
0678-RLHVP,0,0,0,0,53,49-72 meses,Two year,Electronic check,Fiber optic,105.55,5682.25,No,0.3659,Medio,0.0
4315-MURBD,0,0,0,0,12,0-12 meses,Month-to-month,Bank transfer (automatic),Fiber optic,98.9,1120.95,Yes,0.7464,Alto,98.9
2267-FPIMA,1,0,1,0,50,49-72 meses,Month-to-month,Credit card (automatic),Fiber optic,94.4,4914.9,No,0.4493,Medio,0.0
1051-GEJLJ,0,0,0,0,2,0-12 meses,Month-to-month,Mailed check,No,19.5,27.55,No,0.2847,Bajo,0.0
9734-YWGEX,0,0,0,0,9,0-12 meses,Month-to-month,Credit card (automatic),Fiber optic,98.3,923.5,Yes,0.7993,Alto,98.3
2719-BDAQO,1,0,0,0,17,13-24 meses,Month-to-month,Electronic check,Fiber optic,93.85,1625.65,Yes,0.6725,Alto,93.85
5285-MVEHD,0,0,1,0,56,49-72 meses,One year,Credit card (automatic),Fiber optic,105.6,6068.65,No,0.4145,Medio,0.0
0379-DJQHR,1,0,1,1,67,49-72 meses,Two year,Credit card (automatic),DSL,81.35,5398.6,No,0.0776,Bajo,0.0
0781-LKXBR,1,1,0,0,9,0-12 meses,Month-to-month,Electronic check,Fiber optic,100.5,918.6,Yes,0.891,Alto,100.5
5543-QDCRY,1,0,0,0,4,0-12 meses,Month-to-month,Electronic check,DSL,56.4,234.85,No,0.6536,Alto,56.4
0297-RBCSG,1,0,0,0,19,13-24 meses,One year,Bank transfer (automatic),DSL,65.35,1231.85,No,0.3344,Medio,0.0
4694-PHWFW,0,0,0,1,8,0-12 meses,Month-to-month,Mailed check,No,19.95,170.9,No,0.2195,Bajo,0.0
0835-JKADZ,0,0,0,0,71,49-72 meses,Two year,Electronic check,Fiber optic,111.25,7984.15,No,0.2454,Bajo,0.0
1907-UBQFC,1,1,0,0,10,0-12 meses,Month-to-month,Electronic check,Fiber optic,72.85,688.65,Yes,0.8094,Alto,72.85
7508-SMHXL,0,1,0,0,15,13-24 meses,Month-to-month,Credit card (automatic),Fiber optic,89.0,1288.3,No,0.605,Alto,89.0
3865-YIOTT,1,0,1,1,72,49-72 meses,One year,Bank transfer (automatic),Fiber optic,106.1,7848.5,No,0.3314,Medio,0.0
5993-BQHEA,1,0,0,0,12,0-12 meses,One year,Credit card (automatic),No,20.05,267.0,No,0.1209,Bajo,0.0
6024-RUGGH,1,0,1,1,72,49-72 meses,Two year,Bank transfer (automatic),No,25.2,1798.9,No,0.0266,Bajo,0.0
6513-EECDB,1,1,1,0,1,0-12 meses,Month-to-month,Electronic check,Fiber optic,73.55,73.55,Yes,0.898,Alto,73.55
3956-CJUST,0,1,0,0,23,13-24 meses,Month-to-month,Bank transfer (automatic),Fiber optic,75.4,1643.55,No,0.5488,Medio,0.0
4079-WWQQQ,1,0,0,0,72,49-72 meses,Two year,Bank transfer (automatic),DSL,65.55,4807.45,No,0.0424,Bajo,0.0
6103-BOCOU,0,0,0,0,26,25-48 meses,Month-to-month,Electronic check,Fiber optic,80.7,2193.0,No,0.7051,Alto,80.7
5149-TGWDZ,0,0,0,0,21,13-24 meses,One year,Mailed check,Fiber optic,104.55,2239.4,No,0.5112,Medio,0.0
7471-WNSUF,1,0,1,0,60,49-72 meses,One year,Bank transfer (automatic),No,24.15,1505.9,No,0.0905,Bajo,0.0
8942-DBMHZ,1,0,0,0,12,0-12 meses,Month-to-month,Mailed check,No,20.45,255.35,No,0.187,Bajo,0.0
4301-VVZKA,1,0,1,0,16,13-24 meses,Month-to-month,Electronic check,Fiber optic,75.4,1189.4,No,0.7508,Alto,75.4
9199-PWQVC,0,0,1,0,63,49-72 meses,One year,Credit card (automatic),DSL,79.7,4786.15,No,0.2159,Bajo,0.0
4824-GUCBY,0,1,0,0,22,13-24 meses,Month-to-month,Electronic check,Fiber optic,81.7,1820.9,No,0.5688,Medio,0.0
5393-HJZSM,0,0,1,1,32,25-48 meses,Month-to-month,Bank transfer (automatic),DSL,76.3,2404.15,No,0.2651,Bajo,0.0
7074-IEVOJ,0,1,0,0,3,0-12 meses,Month-to-month,Electronic check,Fiber optic,79.4,205.05,Yes,0.8711,Alto,79.4
9625-QSTYE,0,0,0,0,13,13-24 meses,Month-to-month,Electronic check,Fiber optic,81.15,952.3,Yes,0.7813,Alto,81.15
0862-PRCBS,0,0,1,1,68,49-72 meses,Two year,Credit card (automatic),Fiber optic,103.75,7039.45,No,0.2041,Bajo,0.0
8812-ZRHFP,0,0,1,1,30,25-48 meses,One year,Electronic check,Fiber optic,86.45,2538.05,No,0.4522,Medio,0.0
5146-CBVOE,0,0,0,0,16,13-24 meses,Month-to-month,Bank transfer (automatic),Fiber optic,75.1,1212.85,No,0.557,Medio,0.0
0454-OKRCT,1,0,0,0,33,25-48 meses,Two year,Bank transfer (automatic),Fiber optic,80.6,2651.1,No,0.2225,Bajo,0.0
5787-KXGIY,1,0,1,0,72,49-72 meses,Two year,Credit card (automatic),No,19.3,1304.8,No,0.034,Bajo,0.0
4750-ZRXIU,0,1,0,0,4,0-12 meses,Month-to-month,Electronic check,Fiber optic,84.6,360.1,Yes,0.8983,Alto,84.6
4198-VFOEA,0,0,0,0,12,0-12 meses,One year,Mailed check,DSL,33.6,435.45,No,0.3294,Medio,0.0
6630-UJZMY,0,1,1,0,4,0-12 meses,Month-to-month,Electronic check,Fiber optic,83.25,308.05,No,0.8838,Alto,83.25
5709-LVOEQ,0,0,1,1,0,,Two year,Mailed check,DSL,80.85,80.85,No,0.3521,Medio,0.0
6400-BWQKW,0,0,0,0,6,0-12 meses,Month-to-month,Electronic check,Fiber optic,79.05,434.5,Yes,0.7752,Alto,79.05
2692-AQCPF,0,0,1,0,65,49-72 meses,One year,Credit card (automatic),Fiber optic,108.05,7118.9,No,0.3687,Medio,0.0
0347-UBKUZ,0,0,0,0,15,13-24 meses,Month-to-month,Mailed check,No,19.9,320.45,No,0.2022,Bajo,0.0
0835-DUUIQ,0,0,0,1,24,13-24 meses,One year,Bank transfer (automatic),No,21.05,531.55,No,0.0898,Bajo,0.0
0811-GSDTP,0,0,0,1,13,13-24 meses,Month-to-month,Electronic check,DSL,30.15,382.2,No,0.4786,Medio,0.0
7567-ECMCM,1,0,0,0,24,13-24 meses,Month-to-month,Credit card (automatic),Fiber optic,79.85,2001.0,No,0.5739,Medio,0.0
6115-ZTBFQ,0,0,1,0,72,49-72 meses,Two year,Bank transfer (automatic),DSL,65.5,4919.7,No,0.0425,Bajo,0.0
6353-BRMMA,0,0,1,1,54,49-72 meses,Month-to-month,Bank transfer (automatic),Fiber optic,104.1,5645.8,No,0.472,Medio,0.0
6680-WKXRZ,0,0,0,0,3,0-12 meses,Month-to-month,Bank transfer (automatic),Fiber optic,74.4,215.8,Yes,0.8037,Alto,74.4
6231-WFGFH,1,0,1,1,4,0-12 meses,Month-to-month,Mailed check,No,20.5,77.6,No,0.2067,Bajo,0.0
9904-EHEVJ,0,1,1,1,32,25-48 meses,Month-to-month,Mailed check,Fiber optic,91.35,2896.55,No,0.5955,Medio,0.0
7028-DVOIQ,1,1,0,0,35,25-48 meses,Month-to-month,Electronic check,Fiber optic,99.05,3395.8,Yes,0.7579,Alto,99.05
6169-PPETC,1,0,1,1,35,25-48 meses,Two year,Bank transfer (automatic),No,20.5,759.35,No,0.0203,Bajo,0.0
4208-UFFGW,1,1,0,0,2,0-12 meses,Month-to-month,Mailed check,DSL,44.95,85.15,Yes,0.7107,Alto,44.95
8584-KMVXD,0,0,0,0,8,0-12 meses,Month-to-month,Electronic check,Fiber optic,75.6,535.55,No,0.77,Alto,75.6
8467-WYNSR,1,0,0,0,22,13-24 meses,Month-to-month,Mailed check,DSL,55.1,1253.15,No,0.2767,Bajo,0.0
0851-DFJKB,0,0,0,0,15,13-24 meses,Month-to-month,Electronic check,DSL,58.95,955.15,No,0.4207,Medio,0.0
5382-SOYZL,1,0,0,0,22,13-24 meses,Month-to-month,Electronic check,Fiber optic,95.1,2162.6,No,0.7915,Alto,95.1
9448-REEVD,1,0,1,0,1,0-12 meses,Month-to-month,Credit card (automatic),DSL,44.7,44.7,Yes,0.685,Alto,44.7
3261-CQXOL,0,0,1,1,71,49-72 meses,Two year,Bank transfer (automatic),No,25.45,1813.35,No,0.0136,Bajo,0.0
8388-FYNPZ,1,0,0,0,4,0-12 meses,Month-to-month,Electronic check,DSL,56.75,245.15,No,0.5638,Medio,0.0
4002-BQWPQ,1,0,0,0,25,25-48 meses,Month-to-month,Bank transfer (automatic),DSL,81.75,2028.8,No,0.262,Bajo,0.0
5651-YLPRD,0,0,1,1,32,25-48 meses,Month-to-month,Electronic check,Fiber optic,86.1,2723.75,No,0.625,Alto,86.1
2826-DXLQO,1,1,1,0,7,0-12 meses,Month-to-month,Bank transfer (automatic),DSL,29.8,220.45,No,0.517,Medio,0.0
4378-BZYFP,1,0,0,0,17,13-24 meses,One year,Mailed check,No,20.5,365.8,No,0.0934,Bajo,0.0
9489-UTFKA,1,1,1,0,8,0-12 meses,Month-to-month,Bank transfer (automatic),DSL,60.9,551.95,No,0.4017,Medio,0.0
4849-PYRLQ,0,1,0,0,56,49-72 meses,Two year,Bank transfer (automatic),DSL,73.25,4054.2,No,0.1188,Bajo,0.0
9117-SHLZX,1,0,0,0,1,0-12 meses,Month-to-month,Mailed check,DSL,45.7,45.7,Yes,0.7586,Alto,45.7
9889-TMAHG,1,1,0,0,8,0-12 meses,Month-to-month,Credit card (automatic),Fiber optic,100.3,832.35,Yes,0.6964,Alto,100.3
4541-RMRLG,1,0,0,0,7,0-12 meses,Month-to-month,Electronic check,No,19.25,112.3,Yes,0.2221,Bajo,0.0
7764-BDPEE,1,0,0,1,3,0-12 meses,Month-to-month,Mailed check,No,20.85,60.65,No,0.2241,Bajo,0.0
3429-IFLEM,0,0,0,0,71,49-72 meses,Two year,Credit card (automatic),DSL,77.35,5550.1,No,0.0702,Bajo,0.0
3158-MOERK,0,0,0,0,2,0-12 meses,Month-to-month,Electronic check,Fiber optic,96.0,174.8,Yes,0.9149,Alto,96.0
7294-TMAOP,0,0,0,0,1,0-12 meses,Month-to-month,Electronic check,Fiber optic,90.55,90.55,Yes,0.8845,Alto,90.55
5002-GCQFH,1,0,1,0,49,49-72 meses,Month-to-month,Bank transfer (automatic),Fiber optic,93.85,4733.1,No,0.4521,Medio,0.0
0556-FJEGU,1,0,0,0,58,49-72 meses,Two year,Bank transfer (automatic),DSL,70.1,4048.95,No,0.0644,Bajo,0.0
8919-FYFQZ,1,1,1,0,44,25-48 meses,Month-to-month,Electronic check,DSL,30.35,1359.7,Yes,0.4778,Medio,0.0
0604-THJFP,0,0,1,1,59,49-72 meses,Two year,Credit card (automatic),DSL,75.95,4542.35,No,0.0911,Bajo,0.0
2834-JRTUA,1,0,0,0,71,49-72 meses,Two year,Electronic check,Fiber optic,108.05,7532.15,Yes,0.327,Medio,0.0
5875-YPQFJ,1,0,0,0,1,0-12 meses,Month-to-month,Electronic check,Fiber optic,69.9,69.9,Yes,0.8925,Alto,69.9
5879-SESNB,0,0,0,0,11,0-12 meses,Month-to-month,Electronic check,Fiber optic,75.25,888.65,No,0.7206,Alto,75.25
6646-QVXLR,1,1,1,0,62,49-72 meses,One year,Electronic check,Fiber optic,103.75,6383.35,Yes,0.5253,Medio,0.0
6461-PPAXN,0,0,1,1,35,25-48 meses,One year,Bank transfer (automatic),DSL,54.95,1916.0,No,0.1573,Bajo,0.0
3318-ISQFQ,0,0,0,0,20,13-24 meses,Month-to-month,Bank transfer (automatic),No,19.5,413.0,No,0.1791,Bajo,0.0
1106-HRLKZ,1,0,1,1,40,25-48 meses,Two year,Mailed check,No,19.6,808.95,No,0.0246,Bajo,0.0
2483-XSSMZ,0,0,0,0,39,25-48 meses,One year,Electronic check,DSL,47.85,1886.4,No,0.2244,Bajo,0.0
8603-IJWDN,1,0,0,0,1,0-12 meses,Month-to-month,Electronic check,Fiber optic,86.6,86.6,Yes,0.9214,Alto,86.6
8165-ZJRNM,0,0,1,1,72,49-72 meses,Two year,Bank transfer (automatic),No,23.75,1679.25,No,0.0142,Bajo,0.0
9369-XFEHK,0,1,1,0,33,25-48 meses,Month-to-month,Bank transfer (automatic),Fiber optic,80.6,2656.5,Yes,0.5973,Medio,0.0
2604-XVDAM,0,0,0,0,12,0-12 meses,Month-to-month,Bank transfer (automatic),DSL,43.8,540.95,No,0.4365,Medio,0.0
3717-OFRTN,1,0,0,0,1,0-12 meses,Month-to-month,Bank transfer (automatic),No,19.75,19.75,No,0.5,Medio,0.0
9046-JBFWA,1,0,0,1,27,25-48 meses,Month-to-month,Mailed check,No,19.15,537.35,No,0.0891,Bajo,0.0
3280-NMUVX,1,0,1,1,34,25-48 meses,One year,Credit card (automatic),No,19.6,678.8,No,0.034,Bajo,0.0
1206-EHBDD,0,0,1,0,56,49-72 meses,Two year,Bank transfer (automatic),Fiber optic,80.3,4513.65,No,0.1785,Bajo,0.0
8361-LBRDI,0,0,0,0,58,49-72 meses,Two year,Credit card (automatic),No,24.35,1423.85,No,0.0507,Bajo,0.0
4883-KCPZJ,0,0,1,1,22,13-24 meses,Two year,Credit card (automatic),No,25.25,555.4,No,0.0783,Bajo,0.0
9108-EQPNQ,0,0,1,1,10,0-12 meses,Two year,Credit card (automatic),No,26.1,225.55,No,0.131,Bajo,0.0
7277-KAMWT,1,0,0,0,13,13-24 meses,Two year,Credit card (automatic),No,20.0,268.45,No,0.101,Bajo,0.0
3842-IYKUE,0,0,0,0,35,25-48 meses,Month-to-month,Credit card (automatic),Fiber optic,85.3,2917.5,Yes,0.4694,Medio,0.0
6641-XRPSU,0,0,0,0,34,25-48 meses,Month-to-month,Credit card (automatic),Fiber optic,70.0,2416.1,Yes,0.5535,Medio,0.0
1374-DMZUI,0,1,0,0,4,0-12 meses,Month-to-month,Electronic check,Fiber optic,94.3,424.45,Yes,0.9153,Alto,94.3
2545-LXYVJ,1,0,1,0,72,49-72 meses,Two year,Bank transfer (automatic),No,20.7,1492.1,No,0.0238,Bajo,0.0
3234-VKACU,1,0,0,0,2,0-12 meses,Month-to-month,Electronic check,DSL,70.3,132.4,No,0.6598,Alto,70.3
8357-EQXFO,0,0,0,0,7,0-12 meses,Month-to-month,Electronic check,Fiber optic,95.35,660.9,Yes,0.8644,Alto,95.35
1989-PRJHP,1,1,1,0,27,25-48 meses,Month-to-month,Electronic check,Fiber optic,75.5,1893.95,Yes,0.7103,Alto,75.5
8120-JDCAM,1,0,1,1,4,0-12 meses,Month-to-month,Mailed check,Fiber optic,69.55,284.9,No,0.7886,Alto,69.55
8917-FAEMR,0,0,0,0,37,25-48 meses,Two year,Mailed check,No,19.85,784.25,No,0.0447,Bajo,0.0
7047-YXDMZ,1,0,0,0,21,13-24 meses,Month-to-month,Mailed check,No,20.0,417.7,No,0.1269,Bajo,0.0
2858-EIMXH,0,1,1,0,53,49-72 meses,One year,Credit card (automatic),Fiber optic,95.85,5016.25,No,0.4824,Medio,0.0
9524-EGPJC,0,0,0,0,18,13-24 meses,Month-to-month,Electronic check,Fiber optic,90.1,1612.75,Yes,0.7294,Alto,90.1
6993-OHLXR,0,0,0,0,2,0-12 meses,Month-to-month,Electronic check,Fiber optic,68.95,119.75,Yes,0.8065,Alto,68.95
8818-XYFCQ,1,0,1,1,32,25-48 meses,Month-to-month,Credit card (automatic),Fiber optic,99.55,3204.65,Yes,0.5943,Medio,0.0
6419-ZTTLE,1,1,1,0,23,13-24 meses,One year,Electronic check,No,20.75,485.2,No,0.1065,Bajo,0.0
0929-HYQEW,1,0,0,0,3,0-12 meses,Month-to-month,Mailed check,DSL,50.15,160.85,No,0.5839,Medio,0.0
6614-YOLAC,0,0,1,1,71,49-72 meses,Two year,Mailed check,DSL,58.65,4145.25,No,0.0369,Bajo,0.0
7426-RHZGU,1,0,0,0,9,0-12 meses,Month-to-month,Bank transfer (automatic),Fiber optic,95.9,827.45,No,0.7874,Alto,95.9
4065-JJAVA,0,0,0,0,1,0-12 meses,Month-to-month,Electronic check,DSL,49.5,49.5,No,0.694,Alto,49.5
4695-VADHF,1,0,1,1,18,13-24 meses,Month-to-month,Electronic check,DSL,57.45,990.85,Yes,0.464,Medio,0.0
3863-IUBJR,1,0,1,1,12,0-12 meses,One year,Credit card (automatic),DSL,53.65,696.35,Yes,0.3671,Medio,0.0
7649-SIJJF,1,0,1,0,71,49-72 meses,Two year,Mailed check,DSL,80.1,5585.4,No,0.0503,Bajo,0.0
9361-YNQWJ,0,0,0,0,64,49-72 meses,One year,Bank transfer (automatic),No,24.4,1601.2,No,0.0794,Bajo,0.0
3748-FVMZZ,1,0,0,0,4,0-12 meses,Month-to-month,Electronic check,DSL,40.05,162.45,No,0.6965,Alto,40.05
9391-TTOYH,0,0,0,0,23,13-24 meses,Month-to-month,Mailed check,No,19.5,470.2,No,0.1461,Bajo,0.0
1452-XRSJV,0,0,1,1,39,25-48 meses,Month-to-month,Credit card (automatic),DSL,51.05,2066.0,No,0.2516,Bajo,0.0
3422-WJOYD,1,0,1,0,28,25-48 meses,One year,Mailed check,DSL,54.35,1426.45,No,0.1401,Bajo,0.0
8242-SOQUO,0,1,0,0,5,0-12 meses,Month-to-month,Electronic check,Fiber optic,84.7,392.5,No,0.8565,Alto,84.7
7460-ITWWP,0,1,1,0,45,25-48 meses,Month-to-month,Electronic check,Fiber optic,86.1,3861.45,No,0.6097,Alto,86.1
7147-AYBAA,1,0,0,0,37,25-48 meses,Month-to-month,Mailed check,Fiber optic,70.35,2552.9,No,0.5438,Medio,0.0
7868-TMWMZ,0,1,1,0,60,49-72 meses,Two year,Bank transfer (automatic),Fiber optic,110.0,6668.35,No,0.2322,Bajo,0.0
4822-RVYBB,1,1,0,0,8,0-12 meses,Month-to-month,Electronic check,Fiber optic,100.6,819.4,Yes,0.8993,Alto,100.6
6732-FZUGP,0,0,0,0,47,25-48 meses,One year,Credit card (automatic),Fiber optic,94.9,4615.25,No,0.3052,Medio,0.0
8436-BJUMM,1,0,1,1,26,25-48 meses,Month-to-month,Electronic check,Fiber optic,83.75,2070.6,Yes,0.7226,Alto,83.75
4184-TJFAN,0,1,1,1,3,0-12 meses,Month-to-month,Mailed check,Fiber optic,88.3,273.75,Yes,0.7269,Alto,88.3
8329-GWVPJ,0,0,1,1,50,49-72 meses,Month-to-month,Bank transfer (automatic),Fiber optic,69.75,3557.7,No,0.476,Medio,0.0
1352-VHKAJ,1,0,1,1,27,25-48 meses,Month-to-month,Bank transfer (automatic),DSL,71.6,1957.1,No,0.2576,Bajo,0.0
4145-UQXUQ,0,1,0,0,8,0-12 meses,Month-to-month,Electronic check,Fiber optic,92.1,729.95,Yes,0.8674,Alto,92.1
2632-TACXW,0,0,1,0,62,49-72 meses,Two year,Bank transfer (automatic),No,23.65,1416.75,No,0.0236,Bajo,0.0
8146-QQKZH,0,0,1,0,71,49-72 meses,Two year,Bank transfer (automatic),DSL,81.85,5924.4,No,0.0479,Bajo,0.0
1767-CJKBA,1,0,0,0,66,49-72 meses,Two year,Mailed check,No,25.1,1697.7,No,0.0519,Bajo,0.0
6445-TNRXS,1,0,1,1,68,49-72 meses,Two year,Bank transfer (automatic),Fiber optic,114.7,7849.85,No,0.1781,Bajo,0.0
4581-LNWUM,0,0,0,0,13,13-24 meses,Month-to-month,Electronic check,DSL,49.15,649.4,No,0.5735,Medio,0.0
4869-EPIUS,1,0,1,0,56,49-72 meses,One year,Electronic check,Fiber optic,80.9,4557.5,No,0.4304,Medio,0.0
9948-YPTDG,1,0,1,0,38,25-48 meses,Month-to-month,Electronic check,Fiber optic,79.45,3013.05,Yes,0.5863,Medio,0.0
1236-WFCDV,1,1,0,0,14,13-24 meses,Month-to-month,Credit card (automatic),Fiber optic,90.45,1266.1,Yes,0.6768,Alto,90.45
1915-OAKWD,0,0,0,1,16,13-24 meses,One year,Bank transfer (automatic),No,19.3,360.35,No,0.1477,Bajo,0.0
7296-PIXQY,0,0,1,1,14,13-24 meses,Month-to-month,Electronic check,Fiber optic,70.2,1046.5,No,0.6612,Alto,70.2
4883-QICIH,1,0,1,1,32,25-48 meses,Month-to-month,Bank transfer (automatic),Fiber optic,69.75,2347.9,Yes,0.5603,Medio,0.0
3354-OADJP,0,0,0,0,8,0-12 meses,One year,Bank transfer (automatic),DSL,54.25,447.75,No,0.3532,Medio,0.0
3524-WQDSG,0,0,1,1,43,25-48 meses,Month-to-month,Bank transfer (automatic),Fiber optic,99.3,4209.95,No,0.6023,Alto,99.3
0810-DHDBD,0,0,0,0,52,49-72 meses,One year,Credit card (automatic),DSL,74.0,3877.65,No,0.1599,Bajo,0.0
4026-SKKHW,1,0,0,0,3,0-12 meses,Month-to-month,Mailed check,DSL,50.25,152.3,No,0.628,Alto,50.25
2829-HYVZP,1,0,0,0,29,25-48 meses,One year,Mailed check,No,19.8,572.2,No,0.0675,Bajo,0.0
8329-IBCTI,0,0,0,0,1,0-12 meses,Month-to-month,Mailed check,No,19.65,19.65,Yes,0.5368,Medio,0.0
1271-SJBGZ,1,1,0,0,12,0-12 meses,Month-to-month,Electronic check,DSL,43.65,526.95,Yes,0.5966,Medio,0.0
3845-JHAMY,0,0,1,1,16,13-24 meses,Month-to-month,Credit card (automatic),DSL,35.5,552.7,No,0.4598,Medio,0.0
7013-PSXHK,0,0,0,0,40,25-48 meses,One year,Mailed check,DSL,80.75,3208.65,No,0.2755,Bajo,0.0
5669-SRAIP,0,0,0,0,5,0-12 meses,Month-to-month,Electronic check,DSL,39.5,210.75,Yes,0.7077,Alto,39.5
5981-ITEMU,1,0,1,0,40,25-48 meses,Month-to-month,Bank transfer (automatic),Fiber optic,97.1,3706.95,Yes,0.6373,Alto,97.1
3486-NPGST,0,0,0,0,36,25-48 meses,One year,Mailed check,No,19.55,620.75,No,0.0505,Bajo,0.0
6941-PMGEP,0,0,0,0,5,0-12 meses,Month-to-month,Electronic check,Fiber optic,80.0,412.5,Yes,0.8632,Alto,80.0
1624-WOIWJ,0,0,0,0,10,0-12 meses,Month-to-month,Mailed check,Fiber optic,84.7,832.05,Yes,0.7334,Alto,84.7
2074-GKOWZ,1,0,1,1,2,0-12 meses,Month-to-month,Bank transfer (automatic),Fiber optic,89.55,185.55,Yes,0.8465,Alto,89.55
0376-YMCJC,1,0,0,0,23,13-24 meses,Month-to-month,Electronic check,Fiber optic,90.6,1943.2,Yes,0.7008,Alto,90.6
6100-FJZDG,1,0,1,1,26,25-48 meses,One year,Bank transfer (automatic),No,20.05,505.9,No,0.0576,Bajo,0.0
4829-ZLJTK,0,1,1,0,72,49-72 meses,Two year,Electronic check,Fiber optic,112.4,8046.85,No,0.2003,Bajo,0.0
1730-VFMWO,0,0,1,0,34,25-48 meses,Month-to-month,Bank transfer (automatic),DSL,50.2,1815.3,No,0.2582,Bajo,0.0
7143-BQIBA,1,0,0,0,10,0-12 meses,Month-to-month,Bank transfer (automatic),DSL,62.25,612.95,No,0.3758,Medio,0.0
3800-LYTRK,0,0,0,0,14,13-24 meses,One year,Mailed check,DSL,55.7,795.15,No,0.2609,Bajo,0.0
0634-SZPQA,0,0,0,0,23,13-24 meses,Month-to-month,Bank transfer (automatic),Fiber optic,90.05,2169.8,Yes,0.5929,Medio,0.0
9646-NMHXE,1,0,1,0,47,25-48 meses,Two year,Mailed check,No,19.65,973.1,No,0.0328,Bajo,0.0
7030-NJVDP,1,0,1,0,24,13-24 meses,Month-to-month,Electronic check,Fiber optic,89.25,2210.2,No,0.5682,Medio,0.0
5536-RTPWK,1,0,1,0,49,49-72 meses,Month-to-month,Bank transfer (automatic),Fiber optic,99.05,4853.75,Yes,0.5918,Medio,0.0
8883-GRDWQ,1,1,0,0,20,13-24 meses,One year,Mailed check,DSL,54.0,1055.9,No,0.2935,Bajo,0.0
6166-ILMNY,0,0,0,0,2,0-12 meses,Month-to-month,Bank transfer (automatic),Fiber optic,69.75,144.55,Yes,0.7942,Alto,69.75
3097-NNSPB,0,0,0,0,2,0-12 meses,Month-to-month,Credit card (automatic),DSL,49.05,91.1,Yes,0.6967,Alto,49.05
7771-ZONAT,1,0,0,0,22,13-24 meses,Two year,Bank transfer (automatic),DSL,56.75,1304.85,No,0.1881,Bajo,0.0
0655-RBDUG,1,0,0,0,7,0-12 meses,Month-to-month,Bank transfer (automatic),Fiber optic,98.05,713.0,Yes,0.8761,Alto,98.05
2111-DWYHN,1,0,0,0,1,0-12 meses,Month-to-month,Mailed check,No,21.1,21.1,No,0.4924,Medio,0.0
4194-WHFCB,0,0,1,1,59,49-72 meses,Month-to-month,Bank transfer (automatic),Fiber optic,96.65,5580.8,No,0.3812,Medio,0.0
4121-AGSIN,0,0,1,1,58,49-72 meses,One year,Credit card (automatic),No,24.5,1497.9,No,0.0662,Bajo,0.0
4361-BKAXE,0,0,0,0,41,25-48 meses,Month-to-month,Bank transfer (automatic),Fiber optic,114.5,4527.45,Yes,0.4902,Medio,0.0
9845-PEEKO,0,1,0,0,59,49-72 meses,Two year,Credit card (automatic),Fiber optic,79.2,4590.35,No,0.2603,Bajo,0.0
0455-XFASS,0,0,1,1,3,0-12 meses,Month-to-month,Electronic check,Fiber optic,69.55,200.2,No,0.8094,Alto,69.55
0301-KOBTQ,1,0,0,0,32,25-48 meses,Two year,Bank transfer (automatic),No,20.05,614.45,No,0.0572,Bajo,0.0
1751-NCDLI,1,1,1,0,46,25-48 meses,Month-to-month,Electronic check,Fiber optic,98.85,4564.9,No,0.724,Alto,98.85
4367-NUYAO,1,0,1,1,0,,Two year,Mailed check,No,25.75,25.75,No,0.2268,Bajo,0.0
9878-TNQGW,1,0,0,0,2,0-12 meses,Month-to-month,Electronic check,Fiber optic,80.95,171.15,Yes,0.8627,Alto,80.95
9170-ARBTB,0,0,1,1,52,49-72 meses,One year,Credit card (automatic),No,19.6,1012.4,No,0.0567,Bajo,0.0
4441-NIHPT,0,1,0,0,13,13-24 meses,Month-to-month,Electronic check,Fiber optic,74.3,940.35,Yes,0.7601,Alto,74.3
8999-BOHSE,0,1,0,0,11,0-12 meses,Month-to-month,Bank transfer (automatic),Fiber optic,89.7,1047.7,Yes,0.7635,Alto,89.7
7241-AJHFS,1,0,0,0,32,25-48 meses,Month-to-month,Bank transfer (automatic),Fiber optic,87.65,2766.4,No,0.4107,Medio,0.0
7029-RPUAV,1,1,1,0,17,13-24 meses,Month-to-month,Credit card (automatic),Fiber optic,100.45,1622.45,Yes,0.7049,Alto,100.45
4546-FOKWR,0,0,0,0,16,13-24 meses,Month-to-month,Credit card (automatic),Fiber optic,74.75,1129.35,No,0.6794,Alto,74.75
9036-CSKBW,0,0,0,0,51,49-72 meses,One year,Bank transfer (automatic),Fiber optic,107.45,5680.9,No,0.3618,Medio,0.0
5832-TRLPB,1,0,0,0,29,25-48 meses,One year,Bank transfer (automatic),DSL,75.35,2243.9,No,0.2906,Bajo,0.0
8590-YFFQO,1,0,1,0,70,49-72 meses,Two year,Credit card (automatic),DSL,64.95,4523.25,No,0.0615,Bajo,0.0
8659-IOOPU,0,0,1,1,71,49-72 meses,Two year,Electronic check,Fiber optic,100.45,7159.7,No,0.2243,Bajo,0.0
1338-CECEE,1,0,1,1,41,25-48 meses,One year,Bank transfer (automatic),DSL,68.5,2839.95,No,0.2225,Bajo,0.0
7439-DKZTW,1,0,0,0,1,0-12 meses,Month-to-month,Electronic check,Fiber optic,80.55,80.55,No,0.9093,Alto,80.55
4646-QZXTF,0,0,1,0,7,0-12 meses,Month-to-month,Bank transfer (automatic),DSL,81.25,580.1,No,0.4754,Medio,0.0
4607-CHPCA,1,0,1,1,25,25-48 meses,One year,Electronic check,Fiber optic,90.4,2178.6,Yes,0.5652,Medio,0.0
9742-XOKTS,1,0,1,1,67,49-72 meses,One year,Electronic check,Fiber optic,89.55,6038.55,No,0.2699,Bajo,0.0
6921-OZMFH,1,0,1,1,5,0-12 meses,Month-to-month,Mailed check,DSL,55.7,259.4,No,0.5322,Medio,0.0
9578-FOMUK,1,0,0,1,15,13-24 meses,Month-to-month,Electronic check,No,24.8,324.15,No,0.2096,Bajo,0.0
4712-UYOOI,0,0,1,1,20,13-24 meses,Month-to-month,Electronic check,No,20.0,417.65,No,0.1496,Bajo,0.0
8824-RWFXJ,1,0,1,1,3,0-12 meses,Month-to-month,Mailed check,DSL,56.15,168.15,Yes,0.6137,Alto,56.15
7722-CVFXN,1,0,1,1,54,49-72 meses,One year,Electronic check,Fiber optic,105.2,5637.85,No,0.4685,Medio,0.0
8717-VCTXJ,1,0,0,0,42,25-48 meses,One year,Mailed check,No,19.55,839.4,No,0.0678,Bajo,0.0
7363-QTBIW,0,0,1,0,9,0-12 meses,Month-to-month,Electronic check,Fiber optic,79.75,769.1,No,0.8415,Alto,79.75
4159-NAAIX,0,0,0,0,63,49-72 meses,Two year,Bank transfer (automatic),Fiber optic,97.45,6253.0,No,0.2298,Bajo,0.0
0971-QIFJK,0,0,1,0,69,49-72 meses,Two year,Bank transfer (automatic),No,24.25,1641.8,No,0.0182,Bajo,0.0
9397-TZSHA,0,0,0,0,69,49-72 meses,Two year,Credit card (automatic),No,24.6,1678.05,No,0.0422,Bajo,0.0
3391-JSQEW,1,0,1,0,40,25-48 meses,Month-to-month,Mailed check,DSL,50.15,2058.5,No,0.3279,Medio,0.0
0343-QLUZP,1,0,0,0,60,49-72 meses,Two year,Bank transfer (automatic),DSL,39.6,2424.5,No,0.0897,Bajo,0.0
9763-PDTKK,0,0,0,0,4,0-12 meses,Month-to-month,Bank transfer (automatic),Fiber optic,94.4,387.2,Yes,0.7552,Alto,94.4
2176-LVPNX,0,1,0,0,71,49-72 meses,Two year,Mailed check,DSL,89.85,6293.45,No,0.0666,Bajo,0.0
7627-JKIAZ,0,0,1,0,37,25-48 meses,Month-to-month,Credit card (automatic),Fiber optic,78.95,2839.65,Yes,0.5479,Medio,0.0
3312-UUMZW,1,0,1,0,32,25-48 meses,Month-to-month,Credit card (automatic),Fiber optic,98.85,3145.9,No,0.6269,Alto,98.85
1271-UODNO,1,0,0,0,39,25-48 meses,Two year,Credit card (automatic),DSL,53.85,2200.7,No,0.1577,Bajo,0.0
8461-EFQYM,0,0,0,0,38,25-48 meses,One year,Electronic check,No,24.25,914.4,No,0.1091,Bajo,0.0
6900-RBKER,1,0,0,0,52,49-72 meses,Two year,Credit card (automatic),Fiber optic,89.45,4577.75,No,0.2921,Bajo,0.0
6891-JPYFF,0,0,1,1,48,25-48 meses,Month-to-month,Credit card (automatic),Fiber optic,105.25,4997.5,No,0.4958,Medio,0.0
1459-QNFQT,1,0,1,1,70,49-72 meses,Two year,Bank transfer (automatic),DSL,59.5,4144.8,No,0.0402,Bajo,0.0
1047-NNCBF,1,0,0,0,20,13-24 meses,Month-to-month,Credit card (automatic),Fiber optic,70.55,1493.55,No,0.5242,Medio,0.0
3696-XRIEN,0,0,0,0,50,49-72 meses,One year,Credit card (automatic),DSL,82.5,4179.1,No,0.2176,Bajo,0.0
4081-DYXAV,0,0,0,0,19,13-24 meses,One year,Credit card (automatic),DSL,44.85,893.55,Yes,0.4548,Medio,0.0
0074-HDKDG,1,0,1,1,25,25-48 meses,One year,Bank transfer (automatic),DSL,61.6,1611.0,No,0.2247,Bajo,0.0
8791-GFXLZ,1,0,0,0,12,0-12 meses,Month-to-month,Bank transfer (automatic),DSL,49.05,593.05,No,0.4717,Medio,0.0
8111-SLLHI,1,1,1,0,39,25-48 meses,Month-to-month,Electronic check,Fiber optic,105.65,4284.8,Yes,0.7242,Alto,105.65
0927-LCSMG,1,0,0,0,7,0-12 meses,Month-to-month,Mailed check,Fiber optic,74.65,544.55,Yes,0.7543,Alto,74.65
9330-DHBFL,0,0,1,1,23,13-24 meses,One year,Mailed check,DSL,66.25,1533.8,No,0.21,Bajo,0.0
0098-BOWSO,1,0,0,0,27,25-48 meses,Month-to-month,Electronic check,No,19.4,529.8,No,0.1564,Bajo,0.0
3452-ABWRL,1,1,0,0,47,25-48 meses,Month-to-month,Credit card (automatic),Fiber optic,86.05,3865.6,No,0.5693,Medio,0.0
5859-HZYLF,1,0,1,1,26,25-48 meses,Two year,Credit card (automatic),No,19.15,515.75,No,0.0431,Bajo,0.0
8257-RZAHR,0,0,1,0,14,13-24 meses,Month-to-month,Bank transfer (automatic),DSL,64.7,941.0,Yes,0.4351,Medio,0.0
5293-WXJAK,0,1,1,0,11,0-12 meses,Month-to-month,Bank transfer (automatic),Fiber optic,104.05,1133.65,Yes,0.8075,Alto,104.05
3156-QLHBO,1,0,0,1,2,0-12 meses,Month-to-month,Mailed check,No,19.25,48.35,No,0.1919,Bajo,0.0
2208-NQBCT,0,0,1,1,26,25-48 meses,Month-to-month,Electronic check,Fiber optic,81.95,2070.05,No,0.5179,Medio,0.0
1779-PWPMG,0,1,1,0,72,49-72 meses,Two year,Bank transfer (automatic),Fiber optic,114.65,8333.95,No,0.09,Bajo,0.0
6621-NRZAK,0,0,1,1,63,49-72 meses,Two year,Credit card (automatic),No,20.0,1209.25,No,0.016,Bajo,0.0
0831-JNISG,1,0,1,1,71,49-72 meses,Two year,Mailed check,No,19.8,1396.25,No,0.0221,Bajo,0.0
0774-IFUVM,1,0,1,1,11,0-12 meses,Month-to-month,Bank transfer (automatic),DSL,65.15,723.35,No,0.3795,Medio,0.0
3082-WQRVY,1,1,1,0,14,13-24 meses,One year,Mailed check,No,19.65,228.65,No,0.1122,Bajo,0.0
9553-DLCLU,0,0,0,1,13,13-24 meses,Two year,Credit card (automatic),DSL,88.95,1161.75,No,0.226,Bajo,0.0
1641-BYBTK,1,0,0,1,6,0-12 meses,Month-to-month,Mailed check,No,20.2,98.35,No,0.1874,Bajo,0.0
2460-NGXBJ,1,1,1,1,11,0-12 meses,Month-to-month,Credit card (automatic),Fiber optic,75.2,775.3,No,0.7094,Alto,75.2
2446-ZKVAF,1,0,1,0,18,13-24 meses,Month-to-month,Credit card (automatic),DSL,56.8,1074.65,No,0.3851,Medio,0.0
0841-NULXI,1,0,0,0,1,0-12 meses,Month-to-month,Electronic check,DSL,35.55,35.55,Yes,0.8259,Alto,35.55
3522-CDKHF,0,0,1,0,32,25-48 meses,Month-to-month,Bank transfer (automatic),Fiber optic,75.5,2324.7,No,0.5177,Medio,0.0
1430-SFQSA,1,0,0,0,29,25-48 meses,One year,Mailed check,DSL,35.6,1072.6,No,0.2012,Bajo,0.0
0411-EZJZE,0,0,0,0,3,0-12 meses,Month-to-month,Electronic check,DSL,60.25,170.5,No,0.6857,Alto,60.25
7851-WZEKY,0,0,0,0,2,0-12 meses,Month-to-month,Electronic check,Fiber optic,95.15,196.9,Yes,0.9145,Alto,95.15
8844-TONUD,1,0,1,1,13,13-24 meses,Month-to-month,Mailed check,Fiber optic,96.65,1162.85,Yes,0.7601,Alto,96.65
8807-ARQET,0,0,0,0,41,25-48 meses,Month-to-month,Electronic check,DSL,40.35,1677.85,No,0.443,Medio,0.0
8992-CEUEN,0,0,0,0,1,0-12 meses,Month-to-month,Electronic check,No,18.85,18.85,No,0.4502,Medio,0.0
4320-QMLLA,1,0,0,0,7,0-12 meses,Month-to-month,Mailed check,DSL,54.85,370.4,No,0.5317,Medio,0.0
8777-PVYGU,0,0,1,0,52,49-72 meses,One year,Mailed check,DSL,64.3,3410.6,No,0.1605,Bajo,0.0
8292-ITGYJ,0,0,1,1,45,25-48 meses,Two year,Bank transfer (automatic),No,24.65,1138.8,No,0.0505,Bajo,0.0
6870-ZWMNX,1,0,1,0,70,49-72 meses,Two year,Credit card (automatic),DSL,76.1,5264.25,No,0.0907,Bajo,0.0
0621-CXBKL,0,0,0,0,53,49-72 meses,Two year,Mailed check,No,18.7,1005.7,No,0.0698,Bajo,0.0
5268-DSMNQ,0,1,1,0,62,49-72 meses,One year,Credit card (automatic),Fiber optic,97.95,5936.55,No,0.3449,Medio,0.0
5334-JLAXU,0,0,1,0,60,49-72 meses,Month-to-month,Credit card (automatic),Fiber optic,94.1,5475.9,No,0.3857,Medio,0.0
4086-YQSNZ,0,1,1,0,3,0-12 meses,Month-to-month,Electronic check,Fiber optic,80.4,224.05,Yes,0.8531,Alto,80.4
6242-MBHPK,0,1,1,0,23,13-24 meses,Month-to-month,Electronic check,Fiber optic,95.1,2326.05,No,0.7014,Alto,95.1
5868-CZJDR,1,0,0,1,1,0-12 meses,Month-to-month,Mailed check,DSL,31.35,31.35,Yes,0.7222,Alto,31.35
9359-UGBTK,0,0,0,0,67,49-72 meses,One year,Bank transfer (automatic),DSL,72.35,4991.5,No,0.1748,Bajo,0.0
0135-NMXAP,0,0,0,0,12,0-12 meses,Month-to-month,Bank transfer (automatic),Fiber optic,89.75,1052.4,Yes,0.7953,Alto,89.75
4782-OSFXZ,0,1,1,0,71,49-72 meses,Two year,Bank transfer (automatic),DSL,82.7,5831.2,No,0.0654,Bajo,0.0
6479-OAUSD,1,0,0,0,25,25-48 meses,One year,Credit card (automatic),No,19.9,510.8,No,0.0603,Bajo,0.0
7129-ACFOG,0,0,0,0,5,0-12 meses,Month-to-month,Electronic check,DSL,53.8,283.95,No,0.6287,Alto,53.8
4189-NAKJS,1,0,0,0,26,25-48 meses,One year,Credit card (automatic),DSL,51.55,1295.4,No,0.2675,Bajo,0.0
5562-BETPV,1,0,1,1,1,0-12 meses,One year,Mailed check,No,19.65,19.65,No,0.3965,Medio,0.0
1282-IHQAC,1,1,0,0,70,49-72 meses,One year,Credit card (automatic),DSL,44.05,3011.65,No,0.293,Bajo,0.0
9127-FHJBZ,1,0,1,1,72,49-72 meses,Two year,Electronic check,Fiber optic,114.0,8093.15,No,0.1481,Bajo,0.0
6270-OMFIW,1,0,1,0,60,49-72 meses,One year,Electronic check,Fiber optic,94.4,5610.25,Yes,0.4699,Medio,0.0
1641-RQDAY,0,1,1,1,32,25-48 meses,Month-to-month,Electronic check,Fiber optic,100.4,3217.65,No,0.6998,Alto,100.4
0107-WESLM,1,0,0,0,1,0-12 meses,Month-to-month,Electronic check,No,19.85,19.85,Yes,0.5027,Medio,0.0
6994-ORCWG,0,0,0,0,14,13-24 meses,One year,Mailed check,DSL,54.25,773.2,No,0.3939,Medio,0.0
1346-UFHAX,0,0,0,0,13,13-24 meses,Month-to-month,Credit card (automatic),Fiber optic,80.0,1029.35,No,0.6532,Alto,80.0
3992-YWPKO,0,0,0,0,6,0-12 meses,Month-to-month,Credit card (automatic),Fiber optic,109.9,669.45,Yes,0.786,Alto,109.9
2933-XEUJM,0,0,0,0,46,25-48 meses,Two year,Mailed check,DSL,79.2,3593.8,No,0.1014,Bajo,0.0
0125-LZQXK,1,0,0,0,15,13-24 meses,Month-to-month,Electronic check,Fiber optic,101.35,1553.95,Yes,0.7325,Alto,101.35
5461-QKNTN,1,1,1,0,43,25-48 meses,Month-to-month,Electronic check,Fiber optic,94.3,3953.15,No,0.6233,Alto,94.3
4835-YSJMR,1,0,0,0,39,25-48 meses,Two year,Bank transfer (automatic),DSL,49.8,1971.15,No,0.1326,Bajo,0.0
8399-YNDCH,1,1,0,0,21,13-24 meses,Month-to-month,Bank transfer (automatic),DSL,60.05,1236.15,Yes,0.4783,Medio,0.0
3164-YAXFY,1,0,0,0,57,49-72 meses,Month-to-month,Electronic check,DSL,53.75,3196.0,No,0.3515,Medio,0.0
0887-WBJVH,0,0,1,0,53,49-72 meses,One year,Electronic check,Fiber optic,93.45,4872.2,No,0.4248,Medio,0.0
4660-IRIBM,1,0,1,1,18,13-24 meses,Month-to-month,Mailed check,Fiber optic,87.9,1500.5,No,0.5772,Medio,0.0
5673-FSSMF,0,0,0,0,1,0-12 meses,Month-to-month,Electronic check,DSL,60.15,60.15,Yes,0.747,Alto,60.15
7670-ZBPOQ,0,0,1,0,58,49-72 meses,One year,Bank transfer (automatic),DSL,61.05,3478.75,No,0.105,Bajo,0.0
8089-UZWLX,0,1,0,0,71,49-72 meses,Two year,Bank transfer (automatic),Fiber optic,104.05,7413.55,No,0.2996,Bajo,0.0
0080-OROZO,0,0,0,0,35,25-48 meses,One year,Electronic check,Fiber optic,99.25,3532.0,No,0.5477,Medio,0.0
3916-NRPAP,1,0,0,0,3,0-12 meses,Month-to-month,Credit card (automatic),Fiber optic,85.7,256.75,No,0.7738,Alto,85.7
6807-SIWJI,1,0,0,0,38,25-48 meses,One year,Electronic check,Fiber optic,104.85,3887.25,No,0.5302,Medio,0.0
8221-HVAYI,1,0,1,1,35,25-48 meses,Two year,Credit card (automatic),DSL,69.15,2490.15,No,0.0863,Bajo,0.0
1579-KLYDT,1,0,0,0,7,0-12 meses,Month-to-month,Electronic check,Fiber optic,90.45,593.45,Yes,0.879,Alto,90.45
5232-NXPAY,0,0,0,0,47,25-48 meses,Two year,Mailed check,DSL,74.45,3510.3,No,0.0823,Bajo,0.0
8967-SZQAS,0,0,0,0,14,13-24 meses,Month-to-month,Electronic check,DSL,50.45,765.45,No,0.4641,Medio,0.0
4468-KAZHE,0,1,1,0,20,13-24 meses,Month-to-month,Electronic check,DSL,60.0,1259.35,No,0.4775,Medio,0.0
0455-ENTCR,1,0,1,0,66,49-72 meses,Two year,Electronic check,DSL,85.25,5538.35,No,0.1246,Bajo,0.0
8944-AILEF,1,0,1,0,15,13-24 meses,Month-to-month,Credit card (automatic),No,19.45,340.85,No,0.1788,Bajo,0.0
5542-NKVRU,0,0,0,0,42,25-48 meses,Two year,Bank transfer (automatic),No,20.75,844.45,No,0.0352,Bajo,0.0
7126-RBHSD,0,0,1,0,17,13-24 meses,Month-to-month,Electronic check,Fiber optic,78.9,1348.95,No,0.6004,Alto,78.9
5370-IIVVL,1,0,0,0,37,25-48 meses,One year,Credit card (automatic),Fiber optic,104.5,3778.0,No,0.4766,Medio,0.0
6789-HJBWG,0,0,0,0,12,0-12 meses,Month-to-month,Electronic check,DSL,49.4,611.65,No,0.5339,Medio,0.0
3927-NLNRY,1,0,1,0,53,49-72 meses,One year,Bank transfer (automatic),Fiber optic,94.25,4867.95,Yes,0.45,Medio,0.0
9087-EYCPR,0,0,0,0,60,49-72 meses,Two year,Mailed check,No,25.0,1505.05,No,0.0475,Bajo,0.0
6791-YBNAK,1,0,1,1,18,13-24 meses,Month-to-month,Credit card (automatic),DSL,25.55,467.85,No,0.3985,Medio,0.0
6358-LYNGM,1,0,0,0,1,0-12 meses,Month-to-month,Electronic check,Fiber optic,74.9,74.9,Yes,0.9068,Alto,74.9
6077-BDPXA,0,0,0,0,3,0-12 meses,Month-to-month,Electronic check,Fiber optic,70.15,194.2,No,0.8313,Alto,70.15
0013-MHZWF,0,0,0,1,9,0-12 meses,Month-to-month,Credit card (automatic),DSL,69.4,571.45,No,0.5246,Medio,0.0
5494-HECPR,0,0,0,0,1,0-12 meses,Month-to-month,Electronic check,Fiber optic,80.25,80.25,Yes,0.91,Alto,80.25
8268-YDIXR,1,0,1,0,56,49-72 meses,One year,Electronic check,Fiber optic,93.15,5253.95,No,0.3826,Medio,0.0
9824-BEMCV,1,0,1,1,17,13-24 meses,Month-to-month,Electronic check,Fiber optic,69.0,1149.65,Yes,0.6995,Alto,69.0
1373-ORVIZ,0,0,1,1,11,0-12 meses,Month-to-month,Electronic check,DSL,66.35,740.8,Yes,0.5402,Medio,0.0
4291-SHSBH,1,0,0,0,7,0-12 meses,Month-to-month,Electronic check,Fiber optic,69.55,521.35,No,0.8047,Alto,69.55
6980-IMXXE,0,0,1,1,69,49-72 meses,Two year,Bank transfer (automatic),No,20.2,1412.65,No,0.0204,Bajo,0.0
9866-QEVEE,1,0,0,0,19,13-24 meses,Month-to-month,Bank transfer (automatic),Fiber optic,86.0,1532.45,Yes,0.6694,Alto,86.0
9897-KXHCM,0,0,1,1,3,0-12 meses,Month-to-month,Electronic check,Fiber optic,80.3,250.05,Yes,0.8515,Alto,80.3
0040-HALCW,1,0,1,1,54,49-72 meses,Two year,Credit card (automatic),No,20.4,1090.6,No,0.0329,Bajo,0.0
0784-GTUUK,1,0,1,0,62,49-72 meses,One year,Credit card (automatic),No,23.75,1446.8,No,0.0769,Bajo,0.0
7979-CORPM,1,0,0,0,24,13-24 meses,Month-to-month,Credit card (automatic),Fiber optic,90.55,2282.55,Yes,0.6228,Alto,90.55
2294-DMMUS,0,0,1,1,62,49-72 meses,Month-to-month,Credit card (automatic),DSL,70.45,4300.45,No,0.2716,Bajo,0.0
0872-JCPIB,1,0,0,0,17,13-24 meses,Month-to-month,Bank transfer (automatic),DSL,65.75,1111.2,No,0.3795,Medio,0.0
3055-MJDSB,1,0,0,0,9,0-12 meses,Month-to-month,Mailed check,DSL,24.6,190.1,No,0.6059,Alto,24.6
9091-WTUUY,1,0,1,1,64,49-72 meses,Two year,Mailed check,DSL,69.25,4447.75,No,0.0495,Bajo,0.0
1618-CFHME,0,0,0,0,2,0-12 meses,Month-to-month,Electronic check,Fiber optic,75.9,143.35,Yes,0.8701,Alto,75.9
3165-HDOEW,1,0,1,1,1,0-12 meses,Month-to-month,Mailed check,DSL,45.85,45.85,Yes,0.7309,Alto,45.85
6581-NQCBA,0,0,1,0,16,13-24 meses,Month-to-month,Electronic check,DSL,49.95,810.2,Yes,0.5341,Medio,0.0
7115-IRDHS,0,0,1,0,72,49-72 meses,Two year,Bank transfer (automatic),No,24.65,1830.05,No,0.017,Bajo,0.0
8496-DMZUK,1,0,0,0,30,25-48 meses,One year,Bank transfer (automatic),Fiber optic,90.4,2820.65,No,0.3265,Medio,0.0
2040-VZIKE,0,0,1,0,49,49-72 meses,Month-to-month,Mailed check,Fiber optic,100.85,4847.35,No,0.541,Medio,0.0
9068-VPWQQ,1,0,1,0,61,49-72 meses,Two year,Credit card (automatic),DSL,75.35,4729.3,No,0.0825,Bajo,0.0
0178-SZBHO,1,0,1,1,47,25-48 meses,Month-to-month,Electronic check,Fiber optic,87.2,4017.45,No,0.5548,Medio,0.0
0384-RVBPI,1,0,0,0,20,13-24 meses,Month-to-month,Credit card (automatic),DSL,64.4,1398.6,No,0.3453,Medio,0.0
1689-MRZQR,1,0,1,1,34,25-48 meses,Month-to-month,Electronic check,Fiber optic,78.3,2564.3,Yes,0.624,Alto,78.3
1299-AURJA,0,0,1,1,70,49-72 meses,Two year,Bank transfer (automatic),No,24.7,1685.9,No,0.0137,Bajo,0.0
4525-VZCZG,1,0,0,1,54,49-72 meses,One year,Electronic check,Fiber optic,105.85,5826.65,No,0.4035,Medio,0.0
1543-LLLFT,1,1,1,0,61,49-72 meses,One year,Mailed check,Fiber optic,98.3,6066.55,No,0.3406,Medio,0.0
5835-BEQEU,1,0,0,0,3,0-12 meses,Month-to-month,Electronic check,Fiber optic,76.95,228.4,Yes,0.8647,Alto,76.95
2788-CJQAQ,1,0,0,0,13,13-24 meses,One year,Mailed check,No,19.45,270.2,No,0.0788,Bajo,0.0
5565-FILXA,0,1,0,0,16,13-24 meses,Month-to-month,Electronic check,Fiber optic,96.15,1529.2,Yes,0.8283,Alto,96.15
0319-QZTCO,0,0,1,1,3,0-12 meses,Month-to-month,Credit card (automatic),DSL,58.7,168.6,No,0.5881,Medio,0.0
2120-SMPEX,1,0,0,0,25,25-48 meses,Month-to-month,Mailed check,No,20.15,536.35,No,0.1286,Bajo,0.0
0096-FCPUF,1,0,0,0,30,25-48 meses,Month-to-month,Mailed check,DSL,64.5,1888.45,No,0.2467,Bajo,0.0
0668-OGMHD,0,0,1,0,21,13-24 meses,Month-to-month,Electronic check,DSL,28.5,629.35,No,0.4814,Medio,0.0
5552-ZNFSJ,1,0,0,0,1,0-12 meses,Month-to-month,Electronic check,DSL,45.3,45.3,Yes,0.7676,Alto,45.3
2223-KAGMX,0,0,0,0,15,13-24 meses,Month-to-month,Bank transfer (automatic),No,19.4,289.3,Yes,0.2519,Bajo,0.0
6507-ZJSUR,1,1,1,0,23,13-24 meses,Month-to-month,Electronic check,Fiber optic,90.45,2117.25,No,0.7325,Alto,90.45
9408-HRXRK,0,0,1,1,45,25-48 meses,Month-to-month,Electronic check,Fiber optic,105.15,4730.9,No,0.5837,Medio,0.0
5593-SUAOO,0,0,1,1,24,13-24 meses,One year,Bank transfer (automatic),Fiber optic,83.15,2033.05,No,0.3756,Medio,0.0
7321-PKUYW,0,0,0,0,11,0-12 meses,Month-to-month,Electronic check,Fiber optic,90.15,987.95,Yes,0.7475,Alto,90.15
2833-SLKDQ,1,0,0,0,1,0-12 meses,Month-to-month,Mailed check,DSL,45.05,45.05,Yes,0.7246,Alto,45.05
6766-HFKLA,0,0,1,0,56,49-72 meses,Two year,Bank transfer (automatic),Fiber optic,103.2,5744.35,No,0.246,Bajo,0.0
7595-EUIVN,0,0,0,0,1,0-12 meses,Month-to-month,Electronic check,Fiber optic,75.8,75.8,Yes,0.8428,Alto,75.8
7617-EYGLW,1,0,0,0,1,0-12 meses,Month-to-month,Electronic check,No,19.45,19.45,No,0.446,Medio,0.0
2026-TGDHM,0,0,0,0,7,0-12 meses,Month-to-month,Electronic check,Fiber optic,79.3,523.15,Yes,0.8601,Alto,79.3
9220-ZNKJI,0,1,1,0,55,49-72 meses,Two year,Credit card (automatic),Fiber optic,88.8,4805.3,No,0.2045,Bajo,0.0
4030-VPZBD,0,0,0,0,2,0-12 meses,Month-to-month,Electronic check,DSL,30.9,59.05,Yes,0.726,Alto,30.9
2226-ICFDO,0,0,1,1,72,49-72 meses,Two year,Credit card (automatic),DSL,85.9,6110.75,No,0.0404,Bajo,0.0
0723-VSOBE,0,1,0,0,45,25-48 meses,One year,Electronic check,DSL,34.2,1596.6,No,0.3411,Medio,0.0
5529-GIBVH,0,0,0,0,47,25-48 meses,Two year,Mailed check,No,20.15,1046.2,No,0.0403,Bajo,0.0
4187-CINZD,0,1,0,0,46,25-48 meses,One year,Credit card (automatic),Fiber optic,95.25,4424.2,Yes,0.4449,Medio,0.0
9992-UJOEL,1,0,0,0,2,0-12 meses,Month-to-month,Mailed check,DSL,50.3,92.75,No,0.7068,Alto,50.3
4741-WWJQZ,0,0,1,0,2,0-12 meses,Month-to-month,Electronic check,Fiber optic,80.15,194.55,No,0.7404,Alto,80.15
6625-UTXEW,0,0,1,0,12,0-12 meses,Month-to-month,Electronic check,DSL,51.25,612.1,No,0.4967,Medio,0.0
6818-WOBHJ,0,1,1,0,68,49-72 meses,Month-to-month,Bank transfer (automatic),Fiber optic,89.6,6127.6,Yes,0.4839,Medio,0.0
6244-BESBM,1,0,1,1,69,49-72 meses,Two year,Credit card (automatic),Fiber optic,95.2,6671.7,No,0.2158,Bajo,0.0
1004-NOZNR,1,1,0,1,56,49-72 meses,One year,Credit card (automatic),Fiber optic,94.8,5264.3,No,0.3554,Medio,0.0
1251-STYSZ,0,1,0,0,4,0-12 meses,Month-to-month,Electronic check,Fiber optic,80.25,303.7,No,0.7791,Alto,80.25
2612-PHGOX,1,0,1,0,64,49-72 meses,Two year,Bank transfer (automatic),DSL,76.1,4818.8,No,0.0962,Bajo,0.0
2408-TZMJL,1,0,1,0,59,49-72 meses,One year,Electronic check,Fiber optic,110.15,6448.05,Yes,0.4466,Medio,0.0
8480-PPONV,1,0,1,1,62,49-72 meses,Two year,Bank transfer (automatic),Fiber optic,115.55,7159.05,No,0.2061,Bajo,0.0
8780-IHCRN,1,0,1,1,63,49-72 meses,Two year,Credit card (automatic),No,24.65,1574.5,No,0.0165,Bajo,0.0
4598-ZADCK,0,0,0,0,53,49-72 meses,One year,Electronic check,DSL,53.6,2879.2,No,0.2043,Bajo,0.0
1257-SXUXQ,1,0,1,1,5,0-12 meses,Month-to-month,Mailed check,No,19.45,86.05,No,0.1748,Bajo,0.0
9681-KYGYB,1,1,1,0,49,49-72 meses,Month-to-month,Electronic check,Fiber optic,88.2,4159.45,No,0.564,Medio,0.0
7182-OVLBJ,0,0,1,1,62,49-72 meses,Two year,Bank transfer (automatic),Fiber optic,101.15,6638.35,No,0.2465,Bajo,0.0
5095-ETBRJ,0,0,1,0,55,49-72 meses,Two year,Mailed check,DSL,56.8,3112.05,No,0.0573,Bajo,0.0
7005-CYUIL,0,1,1,0,71,49-72 meses,Two year,Electronic check,Fiber optic,99.4,7168.25,No,0.1776,Bajo,0.0
4821-WQOYN,0,0,1,1,72,49-72 meses,Two year,Credit card (automatic),No,20.1,1326.25,No,0.0261,Bajo,0.0
4730-AWNAU,1,0,1,1,36,25-48 meses,One year,Credit card (automatic),DSL,60.7,2234.55,No,0.1814,Bajo,0.0
3452-FLHYD,1,0,1,0,25,25-48 meses,One year,Bank transfer (automatic),No,20.95,495.15,No,0.0891,Bajo,0.0
2388-LAESQ,0,1,1,0,72,49-72 meses,Two year,Bank transfer (automatic),Fiber optic,114.85,8317.95,No,0.09,Bajo,0.0
9531-NSBMR,0,0,0,0,36,25-48 meses,One year,Bank transfer (automatic),No,19.25,679.8,No,0.0649,Bajo,0.0
6260-ONULR,1,0,0,0,1,0-12 meses,Month-to-month,Mailed check,DSL,62.8,62.8,No,0.6832,Alto,62.8
4389-UEFCZ,0,0,1,0,72,49-72 meses,Two year,Electronic check,Fiber optic,105.5,7544.0,No,0.2859,Bajo,0.0
8711-LOBKY,1,0,1,1,59,49-72 meses,Two year,Mailed check,No,19.85,1188.25,No,0.0312,Bajo,0.0
9134-CEQMF,1,1,1,0,7,0-12 meses,Month-to-month,Electronic check,Fiber optic,89.5,676.7,Yes,0.8663,Alto,89.5
8985-OOPOS,0,0,0,0,1,0-12 meses,One year,Credit card (automatic),DSL,74.1,74.1,No,0.535,Medio,0.0
8800-ZKRFW,0,0,1,1,30,25-48 meses,Month-to-month,Electronic check,Fiber optic,107.5,3242.5,No,0.6155,Alto,107.5
2616-FLVQC,1,0,0,0,64,49-72 meses,Two year,Mailed check,No,19.55,1240.15,No,0.069,Bajo,0.0
9968-FFVVH,1,0,0,0,63,49-72 meses,One year,Bank transfer (automatic),DSL,68.8,4111.35,No,0.125,Bajo,0.0
3108-PCCGG,1,1,1,0,72,49-72 meses,Two year,Credit card (automatic),DSL,84.45,5899.85,No,0.1042,Bajo,0.0
7993-PYKOF,1,0,1,0,8,0-12 meses,Month-to-month,Electronic check,Fiber optic,75.0,632.95,Yes,0.6656,Alto,75.0
8390-FESFV,0,0,0,0,62,49-72 meses,Two year,Bank transfer (automatic),DSL,84.5,5193.2,No,0.0808,Bajo,0.0
3022-BEXHZ,1,0,1,1,67,49-72 meses,Two year,Bank transfer (automatic),Fiber optic,111.2,7530.8,No,0.3011,Medio,0.0
5027-XWQHA,1,0,0,0,6,0-12 meses,Month-to-month,Electronic check,DSL,44.75,270.95,Yes,0.6754,Alto,44.75
6248-TKCQV,0,0,1,1,70,49-72 meses,Two year,Bank transfer (automatic),DSL,80.6,5460.2,No,0.0666,Bajo,0.0
6729-GDNGC,0,1,0,0,20,13-24 meses,Month-to-month,Bank transfer (automatic),Fiber optic,80.7,1614.2,No,0.5752,Medio,0.0
6198-ZFIOJ,0,0,0,0,5,0-12 meses,Month-to-month,Electronic check,Fiber optic,75.6,402.5,No,0.8155,Alto,75.6
5989-OMNJE,0,0,1,1,24,13-24 meses,One year,Electronic check,DSL,57.6,1367.75,No,0.3007,Medio,0.0
4566-QVRRW,0,0,1,0,11,0-12 meses,Month-to-month,Electronic check,DSL,44.05,483.7,Yes,0.6003,Alto,44.05
1291-CUOCY,1,0,1,0,72,49-72 meses,Two year,Credit card (automatic),Fiber optic,110.6,7962.2,No,0.156,Bajo,0.0
9795-SHUHB,0,0,1,1,66,49-72 meses,Two year,Credit card (automatic),DSL,58.2,3810.8,No,0.0518,Bajo,0.0
3230-IUALN,0,0,1,1,45,25-48 meses,Two year,Mailed check,DSL,81.0,3533.6,No,0.0677,Bajo,0.0
0042-RLHYP,0,0,1,1,69,49-72 meses,Two year,Bank transfer (automatic),No,19.7,1396.9,No,0.0267,Bajo,0.0
8519-IMDHU,1,1,1,0,15,13-24 meses,Month-to-month,Bank transfer (automatic),Fiber optic,85.6,1345.55,Yes,0.75,Alto,85.6
4945-RVMTE,0,0,0,0,28,25-48 meses,Month-to-month,Bank transfer (automatic),DSL,59.55,1646.45,No,0.3539,Medio,0.0
0201-OAMXR,0,0,0,0,70,49-72 meses,One year,Credit card (automatic),Fiber optic,115.55,8127.6,Yes,0.2882,Bajo,0.0
1866-NXPSP,0,0,0,0,36,25-48 meses,One year,Mailed check,DSL,75.55,2680.15,No,0.2609,Bajo,0.0
3372-KWFBM,1,1,0,0,16,13-24 meses,Month-to-month,Electronic check,Fiber optic,86.6,1281.0,Yes,0.7932,Alto,86.6
7831-QGOXH,0,0,0,0,18,13-24 meses,Month-to-month,Electronic check,Fiber optic,85.2,1553.9,Yes,0.763,Alto,85.2
6393-WRYZE,0,0,1,0,34,25-48 meses,Month-to-month,Electronic check,Fiber optic,97.65,3207.55,Yes,0.7258,Alto,97.65
3941-XTSKM,1,0,1,1,42,25-48 meses,One year,Credit card (automatic),DSL,45.1,2049.05,No,0.3288,Medio,0.0
1661-CZBAU,1,0,0,0,48,25-48 meses,One year,Bank transfer (automatic),DSL,70.95,3629.2,No,0.186,Bajo,0.0
6599-RCLCJ,1,0,1,0,47,25-48 meses,Month-to-month,Electronic check,Fiber optic,109.55,5124.55,Yes,0.5969,Medio,0.0
9831-BPFRI,0,0,1,1,39,25-48 meses,One year,Electronic check,Fiber optic,89.55,3474.45,Yes,0.4653,Medio,0.0
5158-RIVOP,0,0,1,1,11,0-12 meses,Two year,Credit card (automatic),No,20.9,202.3,No,0.0977,Bajo,0.0
9788-YTFGE,1,0,0,0,7,0-12 meses,Month-to-month,Mailed check,No,19.95,147.5,No,0.2322,Bajo,0.0
9277-JOOMO,0,0,0,0,3,0-12 meses,Month-to-month,Mailed check,No,24.6,86.35,No,0.2526,Bajo,0.0
1907-YLNYW,1,0,0,0,8,0-12 meses,Month-to-month,Electronic check,DSL,66.7,579.0,No,0.5419,Medio,0.0
1725-MIMXW,1,0,0,1,1,0-12 meses,Month-to-month,Mailed check,No,19.45,19.45,Yes,0.5294,Medio,0.0
8947-YRTDV,1,0,1,1,32,25-48 meses,One year,Mailed check,Fiber optic,94.8,3131.55,No,0.3511,Medio,0.0
3161-ONRWK,1,0,1,1,60,49-72 meses,One year,Bank transfer (automatic),DSL,65.85,3928.3,No,0.1068,Bajo,0.0
0114-RSRRW,0,0,1,0,10,0-12 meses,Month-to-month,Bank transfer (automatic),No,19.95,187.75,No,0.2518,Bajo,0.0
4565-NLZBV,0,0,1,0,71,49-72 meses,Two year,Bank transfer (automatic),No,24.65,1710.15,No,0.0285,Bajo,0.0
0031-PVLZI,0,0,1,1,4,0-12 meses,Month-to-month,Mailed check,No,20.35,76.35,Yes,0.2529,Bajo,0.0
7206-GZCDC,0,1,0,0,1,0-12 meses,Month-to-month,Electronic check,Fiber optic,69.25,69.25,Yes,0.8828,Alto,69.25
6682-VCIXC,0,0,1,1,43,25-48 meses,One year,Bank transfer (automatic),DSL,51.25,2151.6,No,0.1735,Bajo,0.0
4791-QRGMF,1,0,1,0,59,49-72 meses,One year,Bank transfer (automatic),Fiber optic,99.5,5961.1,Yes,0.4641,Medio,0.0
6475-VHUIZ,0,0,1,0,23,13-24 meses,Month-to-month,Electronic check,DSL,54.25,1221.55,No,0.3396,Medio,0.0
3910-MRQOY,0,0,1,0,72,49-72 meses,Two year,Bank transfer (automatic),No,19.4,1496.45,No,0.0352,Bajo,0.0
0661-WCQNQ,1,0,1,0,22,13-24 meses,One year,Credit card (automatic),DSL,56.25,1292.2,No,0.225,Bajo,0.0
7537-RBWEA,0,0,0,0,1,0-12 meses,Month-to-month,Mailed check,DSL,25.15,25.15,No,0.7543,Alto,25.15
4656-CAURT,1,0,0,0,69,49-72 meses,Two year,Bank transfer (automatic),No,23.95,1713.1,No,0.04,Bajo,0.0
0121-SNYRK,1,0,0,0,50,49-72 meses,One year,Mailed check,DSL,35.4,1748.9,No,0.1507,Bajo,0.0
1768-ZAIFU,0,1,0,0,1,0-12 meses,Month-to-month,Electronic check,DSL,25.2,25.2,Yes,0.8125,Alto,25.2
4671-LXRDQ,1,0,0,0,2,0-12 meses,Month-to-month,Mailed check,DSL,45.0,96.45,Yes,0.7377,Alto,45.0
3733-LSYCE,0,0,1,0,15,13-24 meses,Month-to-month,Bank transfer (automatic),Fiber optic,75.35,1114.55,No,0.5897,Medio,0.0
6265-FRMTQ,1,0,0,0,31,25-48 meses,Two year,Bank transfer (automatic),No,20.4,609.1,No,0.0493,Bajo,0.0
1934-SJVJK,1,0,0,0,1,0-12 meses,Month-to-month,Mailed check,No,20.15,20.15,Yes,0.566,Medio,0.0
3838-OZURD,1,0,1,0,66,49-72 meses,Month-to-month,Credit card (automatic),Fiber optic,105.0,7133.25,Yes,0.512,Medio,0.0
1371-DWPAZ,0,0,1,1,0,,Two year,Credit card (automatic),DSL,56.05,56.05,No,0.2963,Bajo,0.0
9269-CQOOL,1,0,0,1,3,0-12 meses,Month-to-month,Credit card (automatic),DSL,54.7,169.45,Yes,0.6627,Alto,54.7
2017-CCBLH,0,0,0,0,8,0-12 meses,Two year,Mailed check,No,20.0,141.6,No,0.1477,Bajo,0.0
7690-KPNCU,1,0,1,1,64,49-72 meses,One year,Credit card (automatic),DSL,73.05,4688.65,No,0.2187,Bajo,0.0
0536-BGFMZ,0,0,1,0,28,25-48 meses,Month-to-month,Mailed check,No,20.5,563.05,No,0.1066,Bajo,0.0
2293-IJWPS,0,0,1,0,57,49-72 meses,One year,Credit card (automatic),Fiber optic,100.75,5985.0,No,0.4432,Medio,0.0
2845-HSJCY,0,0,1,1,14,13-24 meses,Month-to-month,Electronic check,Fiber optic,87.25,1258.6,Yes,0.776,Alto,87.25
5469-NUJUR,1,0,0,0,19,13-24 meses,Two year,Mailed check,No,19.95,373.5,No,0.085,Bajo,0.0
1184-PJVDB,1,0,1,0,10,0-12 meses,Month-to-month,Electronic check,Fiber optic,79.95,857.2,Yes,0.8364,Alto,79.95
2625-TRCZQ,0,0,1,0,51,49-72 meses,Month-to-month,Electronic check,DSL,49.65,2553.35,No,0.4604,Medio,0.0
4102-HLENU,0,0,1,0,67,49-72 meses,Two year,Mailed check,DSL,65.65,4322.85,No,0.0687,Bajo,0.0
7266-GSSJX,1,0,1,1,11,0-12 meses,Month-to-month,Electronic check,No,20.45,250.8,No,0.2016,Bajo,0.0
7722-VJRQD,1,0,1,1,72,49-72 meses,Two year,Bank transfer (automatic),DSL,60.95,4549.05,No,0.0412,Bajo,0.0
7073-QETQY,1,0,1,1,66,49-72 meses,One year,Electronic check,No,20.35,1359.5,No,0.078,Bajo,0.0
9415-DPEWS,0,0,0,0,18,13-24 meses,Month-to-month,Electronic check,Fiber optic,88.35,1639.3,Yes,0.7375,Alto,88.35
5624-RYAMH,0,0,0,0,9,0-12 meses,Month-to-month,Electronic check,No,19.5,178.85,No,0.2374,Bajo,0.0
0196-JTUQI,0,0,0,0,9,0-12 meses,Month-to-month,Credit card (automatic),Fiber optic,75.2,633.85,No,0.7805,Alto,75.2
7130-YXBRO,1,0,1,0,48,25-48 meses,Month-to-month,Bank transfer (automatic),Fiber optic,111.45,5315.1,No,0.4876,Medio,0.0
9272-LSVYH,1,0,0,0,10,0-12 meses,Month-to-month,Mailed check,Fiber optic,70.15,735.5,No,0.6885,Alto,70.15
7943-RQCHR,0,0,0,0,9,0-12 meses,Month-to-month,Electronic check,Fiber optic,94.75,889.9,Yes,0.8909,Alto,94.75
3793-MMFUH,0,1,0,0,13,13-24 meses,Month-to-month,Electronic check,Fiber optic,95.05,1290.0,Yes,0.8455,Alto,95.05
3249-ZPQRG,1,0,0,0,4,0-12 meses,Month-to-month,Electronic check,Fiber optic,78.45,330.05,Yes,0.7935,Alto,78.45
2568-BRGYX,1,0,0,0,4,0-12 meses,Month-to-month,Electronic check,Fiber optic,70.2,237.95,Yes,0.8259,Alto,70.2
3084-DOWLE,0,0,1,0,72,49-72 meses,Two year,Bank transfer (automatic),DSL,92.0,6474.4,No,0.0269,Bajo,0.0
1084-MNSMJ,0,0,1,1,51,49-72 meses,Two year,Credit card (automatic),DSL,85.5,4421.95,No,0.0626,Bajo,0.0
7721-JXEAW,1,0,1,0,59,49-72 meses,Month-to-month,Bank transfer (automatic),DSL,41.05,2452.7,Yes,0.3998,Medio,0.0
7249-WBIYX,1,0,1,0,10,0-12 meses,Month-to-month,Electronic check,Fiber optic,85.6,813.85,Yes,0.8638,Alto,85.6
4238-HFHSN,1,1,1,0,61,49-72 meses,Month-to-month,Electronic check,Fiber optic,82.15,4904.85,No,0.5446,Medio,0.0
6250-CGGUN,1,0,0,0,54,49-72 meses,One year,Electronic check,Fiber optic,84.4,4484.05,No,0.3148,Medio,0.0
5478-JJVZK,0,0,0,0,33,25-48 meses,Month-to-month,Mailed check,DSL,60.9,2033.85,No,0.25,Bajo,0.0
7596-IIWYC,0,0,0,0,27,25-48 meses,Two year,Bank transfer (automatic),No,20.25,538.2,No,0.0631,Bajo,0.0
6567-HOOPW,0,1,0,0,1,0-12 meses,Month-to-month,Electronic check,Fiber optic,79.2,79.2,Yes,0.9094,Alto,79.2
9793-WECQC,1,0,0,0,23,13-24 meses,Month-to-month,Mailed check,Fiber optic,95.3,2192.9,No,0.5571,Medio,0.0
4291-HPAXL,1,0,0,1,1,0-12 meses,Month-to-month,Mailed check,No,19.85,19.85,No,0.5098,Medio,0.0
8999-YPYBV,1,0,1,1,45,25-48 meses,Two year,Mailed check,DSL,84.35,3858.05,No,0.0586,Bajo,0.0
1839-FBNFR,0,0,1,1,39,25-48 meses,Two year,Bank transfer (automatic),No,19.85,854.8,No,0.0343,Bajo,0.0
3164-AALRN,1,0,0,0,5,0-12 meses,One year,Mailed check,DSL,70.0,347.4,Yes,0.593,Medio,0.0
3071-MVJCD,1,0,1,1,72,49-72 meses,Two year,Bank transfer (automatic),DSL,82.3,5815.15,No,0.0349,Bajo,0.0
1697-BCSHV,0,0,1,1,58,49-72 meses,Month-to-month,Bank transfer (automatic),DSL,66.8,3970.4,No,0.2584,Bajo,0.0
0562-KBDVM,0,0,0,0,70,49-72 meses,Two year,Bank transfer (automatic),DSL,44.6,3058.15,No,0.0622,Bajo,0.0
1131-SUEKT,1,0,1,1,61,49-72 meses,One year,Bank transfer (automatic),Fiber optic,98.45,6145.2,No,0.3405,Medio,0.0
3717-OEAUQ,1,0,0,0,2,0-12 meses,Month-to-month,Mailed check,Fiber optic,70.7,129.2,No,0.7899,Alto,70.7
4538-WNTMJ,0,0,1,1,46,25-48 meses,One year,Mailed check,No,24.95,1165.9,No,0.0634,Bajo,0.0
3334-CTHOL,0,0,0,0,1,0-12 meses,Month-to-month,Bank transfer (automatic),DSL,49.95,49.95,Yes,0.7314,Alto,49.95
4704-ERYFC,0,0,1,0,22,13-24 meses,Month-to-month,Electronic check,Fiber optic,69.25,1554.0,Yes,0.6784,Alto,69.25
9432-RUVSL,0,0,0,0,48,25-48 meses,Two year,Credit card (automatic),Fiber optic,102.5,4904.25,No,0.2534,Bajo,0.0
8060-HIWJJ,1,0,0,0,64,49-72 meses,Two year,Credit card (automatic),DSL,86.55,5632.55,No,0.085,Bajo,0.0
7684-XSZIY,1,0,1,1,72,49-72 meses,Two year,Bank transfer (automatic),No,24.3,1643.25,No,0.0122,Bajo,0.0
9089-UOWJG,0,0,1,1,12,0-12 meses,Month-to-month,Credit card (automatic),DSL,58.35,740.55,No,0.4189,Medio,0.0
8621-MNIHH,0,1,1,0,34,25-48 meses,Month-to-month,Electronic check,Fiber optic,94.25,3217.55,Yes,0.691,Alto,94.25
8039-ACLPL,0,0,1,1,72,49-72 meses,Two year,Credit card (automatic),DSL,68.75,4888.2,No,0.067,Bajo,0.0
9885-AIBVB,1,0,1,0,29,25-48 meses,Month-to-month,Electronic check,Fiber optic,85.8,2440.25,No,0.6898,Alto,85.8
1934-MKPXS,1,0,1,1,33,25-48 meses,One year,Credit card (automatic),No,20.1,620.55,No,0.0333,Bajo,0.0
2592-YKDIF,0,0,0,0,1,0-12 meses,Month-to-month,Mailed check,No,20.35,20.35,No,0.5519,Medio,0.0
2272-JKMSI,0,0,1,1,62,49-72 meses,One year,Electronic check,Fiber optic,110.8,6840.95,No,0.4277,Medio,0.0
0471-LVHGK,1,0,1,0,41,25-48 meses,One year,Electronic check,DSL,73.0,3001.2,Yes,0.3682,Medio,0.0
9518-RWHZL,0,0,0,0,64,49-72 meses,One year,Credit card (automatic),Fiber optic,100.05,6254.2,Yes,0.4333,Medio,0.0
8714-CTZJW,0,0,0,0,4,0-12 meses,Month-to-month,Credit card (automatic),Fiber optic,82.85,319.6,No,0.8187,Alto,82.85
3569-EDBPQ,0,0,0,0,24,13-24 meses,Month-to-month,Electronic check,Fiber optic,84.35,1938.05,No,0.6257,Alto,84.35
3131-NWVFJ,0,0,1,1,14,13-24 meses,One year,Mailed check,No,19.55,294.5,No,0.1139,Bajo,0.0
7521-YXVZY,1,0,0,1,3,0-12 meses,Month-to-month,Mailed check,No,19.95,58.3,No,0.2374,Bajo,0.0
5419-CONWX,0,1,0,0,4,0-12 meses,Month-to-month,Credit card (automatic),Fiber optic,99.8,442.85,Yes,0.8391,Alto,99.8
6240-EURKS,0,0,0,1,18,13-24 meses,Month-to-month,Electronic check,DSL,35.0,553.0,Yes,0.5735,Medio,0.0
2373-NTKOD,1,0,0,0,8,0-12 meses,Month-to-month,Electronic check,DSL,66.25,546.45,No,0.6062,Alto,66.25
1970-KKFWL,0,0,0,0,35,25-48 meses,Two year,Bank transfer (automatic),No,23.3,797.1,No,0.0514,Bajo,0.0
6960-HVYXR,0,0,0,0,1,0-12 meses,Month-to-month,Electronic check,Fiber optic,76.0,76.0,Yes,0.8698,Alto,76.0
9337-SRRNI,1,0,0,1,66,49-72 meses,Two year,Credit card (automatic),No,25.3,1673.8,No,0.0423,Bajo,0.0
0895-UADGO,1,0,0,1,8,0-12 meses,Two year,Mailed check,DSL,44.55,343.45,No,0.2639,Bajo,0.0
5678-VFNEQ,0,0,1,0,71,49-72 meses,One year,Credit card (automatic),Fiber optic,104.1,7412.25,No,0.343,Medio,0.0
5977-CKHON,0,0,1,1,43,25-48 meses,Month-to-month,Bank transfer (automatic),Fiber optic,92.55,4039.0,No,0.5415,Medio,0.0
7024-OHCCK,0,1,0,0,2,0-12 meses,Month-to-month,Electronic check,Fiber optic,93.85,170.85,Yes,0.92,Alto,93.85
2692-BUCFV,1,1,0,0,29,25-48 meses,Month-to-month,Bank transfer (automatic),Fiber optic,101.45,2948.6,No,0.6306,Alto,101.45
7861-UVUFT,0,0,1,0,15,13-24 meses,Month-to-month,Electronic check,Fiber optic,84.3,1308.4,Yes,0.7484,Alto,84.3
1830-GGFNM,1,0,1,1,65,49-72 meses,Two year,Credit card (automatic),Fiber optic,94.55,6078.75,No,0.136,Bajo,0.0
5302-BDJNT,1,0,0,0,35,25-48 meses,Month-to-month,Electronic check,Fiber optic,95.5,3418.2,No,0.5981,Medio,0.0
5223-UZAVK,1,0,0,0,64,49-72 meses,One year,Credit card (automatic),Fiber optic,100.3,6603.8,No,0.379,Medio,0.0
4859-ZSRDZ,0,0,1,1,58,49-72 meses,Two year,Credit card (automatic),DSL,55.5,3166.9,No,0.063,Bajo,0.0
5651-WYIPH,0,1,0,0,18,13-24 meses,Month-to-month,Credit card (automatic),DSL,49.85,865.75,No,0.4788,Medio,0.0
9350-VLHMB,1,0,1,1,67,49-72 meses,Month-to-month,Bank transfer (automatic),Fiber optic,89.55,6373.1,No,0.4221,Medio,0.0
3498-LZGQZ,1,0,1,1,63,49-72 meses,Two year,Mailed check,No,19.15,1177.05,No,0.0497,Bajo,0.0
8785-CJSHH,0,0,1,0,60,49-72 meses,Month-to-month,Electronic check,Fiber optic,99.8,5985.75,No,0.5994,Medio,0.0
5357-TZHPP,1,1,0,0,9,0-12 meses,Month-to-month,Credit card (automatic),Fiber optic,84.4,732.5,Yes,0.8162,Alto,84.4
3870-SPZSI,0,0,1,1,70,49-72 meses,Two year,Credit card (automatic),Fiber optic,113.05,7869.05,No,0.1282,Bajo,0.0
0680-DFNNY,1,0,1,0,15,13-24 meses,Month-to-month,Electronic check,Fiber optic,101.1,1504.05,Yes,0.8226,Alto,101.1
7560-QRBXH,0,0,0,1,48,25-48 meses,One year,Mailed check,No,19.95,936.7,No,0.0488,Bajo,0.0
7077-XJMET,1,0,1,0,12,0-12 meses,Month-to-month,Electronic check,DSL,74.15,741.4,No,0.5391,Medio,0.0
8752-GHJFU,1,1,1,0,71,49-72 meses,One year,Electronic check,Fiber optic,92.0,6585.2,No,0.274,Bajo,0.0
6896-SRVYQ,1,1,0,0,44,25-48 meses,Month-to-month,Electronic check,Fiber optic,73.85,3122.4,No,0.5645,Medio,0.0
7767-UXAGJ,1,0,0,0,1,0-12 meses,Month-to-month,Electronic check,DSL,50.45,50.45,Yes,0.7681,Alto,50.45
4652-ODEVH,1,0,1,1,45,25-48 meses,Two year,Mailed check,No,24.45,1088.25,No,0.029,Bajo,0.0
6510-UPNKS,0,0,0,0,23,13-24 meses,One year,Credit card (automatic),No,24.8,615.35,No,0.1234,Bajo,0.0
6718-BDGHG,0,0,1,0,43,25-48 meses,One year,Bank transfer (automatic),DSL,64.85,2908.2,No,0.2003,Bajo,0.0
9046-DQMTP,1,0,0,0,35,25-48 meses,Month-to-month,Bank transfer (automatic),No,20.75,739.9,No,0.1216,Bajo,0.0
6439-LAJXL,1,0,1,0,9,0-12 meses,Month-to-month,Mailed check,DSL,68.95,593.85,No,0.3946,Medio,0.0
1571-SAVHK,1,0,0,0,12,0-12 meses,Month-to-month,Mailed check,Fiber optic,99.95,1132.75,Yes,0.7921,Alto,99.95
9052-VKDUW,0,1,1,0,65,49-72 meses,Month-to-month,Credit card (automatic),Fiber optic,109.4,7227.45,No,0.3746,Medio,0.0
9546-CQJSU,0,0,0,0,2,0-12 meses,Month-to-month,Electronic check,Fiber optic,91.4,193.6,Yes,0.8991,Alto,91.4
1666-JZPZT,1,0,0,0,27,25-48 meses,Month-to-month,Mailed check,DSL,49.0,1291.35,No,0.2814,Bajo,0.0
5777-KJIRB,0,0,0,0,40,25-48 meses,One year,Mailed check,DSL,50.25,2023.55,No,0.2899,Bajo,0.0
0506-LVNGN,0,1,0,0,5,0-12 meses,Month-to-month,Credit card (automatic),Fiber optic,75.55,349.65,Yes,0.7908,Alto,75.55
7677-SJJJK,1,0,1,1,8,0-12 meses,One year,Credit card (automatic),No,19.9,153.95,No,0.1632,Bajo,0.0
2480-EJWYP,0,1,1,0,58,49-72 meses,One year,Bank transfer (automatic),Fiber optic,97.8,5458.8,No,0.4599,Medio,0.0
3253-HKOKL,0,0,1,1,52,49-72 meses,One year,Electronic check,Fiber optic,100.3,5244.45,No,0.3999,Medio,0.0
7055-HNEOJ,1,0,1,0,3,0-12 meses,Month-to-month,Mailed check,DSL,55.8,154.55,No,0.5848,Medio,0.0
5514-YQENT,1,0,0,1,41,25-48 meses,Two year,Electronic check,Fiber optic,111.15,4507.15,No,0.3335,Medio,0.0
3211-AAPKX,1,0,0,0,20,13-24 meses,Month-to-month,Mailed check,Fiber optic,98.55,2031.95,No,0.6516,Alto,98.55
8445-DNBAE,1,0,0,1,1,0-12 meses,Month-to-month,Electronic check,DSL,50.05,50.05,No,0.7491,Alto,50.05
2951-QOQTK,1,0,0,1,4,0-12 meses,Month-to-month,Credit card (automatic),Fiber optic,80.8,332.45,Yes,0.7495,Alto,80.8
2958-NHPPS,1,0,0,0,23,13-24 meses,Month-to-month,Electronic check,No,20.85,473.9,No,0.1501,Bajo,0.0
6806-YDEUL,0,1,0,0,6,0-12 meses,Month-to-month,Bank transfer (automatic),No,19.5,106.8,No,0.2657,Bajo,0.0
1735-XMJVH,1,0,1,1,8,0-12 meses,Month-to-month,Mailed check,No,19.35,152.6,No,0.1811,Bajo,0.0
6890-PFRQX,1,0,0,0,18,13-24 meses,Month-to-month,Mailed check,DSL,69.5,1199.4,No,0.3462,Medio,0.0
0222-CNVPT,1,1,0,0,52,49-72 meses,Month-to-month,Credit card (automatic),DSL,48.8,2555.05,No,0.3698,Medio,0.0
5899-OUVKV,1,0,0,0,31,25-48 meses,Month-to-month,Electronic check,Fiber optic,94.5,2979.2,No,0.6588,Alto,94.5
8681-ICONS,1,0,1,1,29,25-48 meses,Month-to-month,Mailed check,No,20.65,654.85,No,0.0938,Bajo,0.0
1621-YNCJH,0,0,1,0,36,25-48 meses,Two year,Credit card (automatic),Fiber optic,106.05,3834.4,No,0.2702,Bajo,0.0
3473-XIIIT,0,0,1,0,16,13-24 meses,Month-to-month,Electronic check,Fiber optic,100.0,1534.75,Yes,0.814,Alto,100.0
6362-QHAFM,1,0,1,0,42,25-48 meses,One year,Electronic check,Fiber optic,108.3,4586.15,No,0.5687,Medio,0.0
7893-IXHRQ,1,0,0,0,1,0-12 meses,Month-to-month,Electronic check,No,20.55,20.55,Yes,0.4555,Medio,0.0
3070-BDOQC,0,0,0,0,60,49-72 meses,Two year,Electronic check,Fiber optic,99.65,5941.05,No,0.3262,Medio,0.0
2952-QAYZF,1,0,0,0,5,0-12 meses,Month-to-month,Electronic check,Fiber optic,85.3,424.15,Yes,0.8685,Alto,85.3
6234-PFPXL,1,0,1,0,22,13-24 meses,Month-to-month,Credit card (automatic),Fiber optic,95.9,2234.95,No,0.5138,Medio,0.0
9824-QCJPK,1,0,1,0,36,25-48 meses,One year,Mailed check,No,20.0,666.75,No,0.0529,Bajo,0.0
4763-PGDPO,0,0,0,0,4,0-12 meses,Month-to-month,Electronic check,Fiber optic,70.4,281.0,Yes,0.7958,Alto,70.4
4283-IVYCI,1,0,0,0,9,0-12 meses,Month-to-month,Mailed check,DSL,64.95,547.8,No,0.3931,Medio,0.0
1866-OBPNR,1,0,1,1,1,0-12 meses,Month-to-month,Credit card (automatic),Fiber optic,74.6,74.6,No,0.7679,Alto,74.6
8205-MQUGY,1,0,1,1,12,0-12 meses,Month-to-month,Electronic check,DSL,49.2,571.15,No,0.5044,Medio,0.0
8970-ANWXO,0,0,0,0,23,13-24 meses,One year,Mailed check,DSL,73.75,1756.6,No,0.2765,Bajo,0.0
9480-BQJEI,1,0,0,0,62,49-72 meses,One year,Bank transfer (automatic),Fiber optic,92.3,5731.45,No,0.3526,Medio,0.0
5394-SVGJV,1,0,0,0,37,25-48 meses,Month-to-month,Bank transfer (automatic),Fiber optic,98.8,3475.55,Yes,0.5429,Medio,0.0
6979-TNDEU,0,0,0,0,8,0-12 meses,Month-to-month,Mailed check,No,19.2,156.85,No,0.196,Bajo,0.0
9777-WJJPR,1,0,1,0,31,25-48 meses,Month-to-month,Credit card (automatic),Fiber optic,88.65,2683.2,No,0.5185,Medio,0.0
9283-LZQOH,1,0,1,1,13,13-24 meses,Month-to-month,Credit card (automatic),Fiber optic,74.4,896.75,Yes,0.6882,Alto,74.4
7079-QRCBC,0,0,0,0,24,13-24 meses,Month-to-month,Electronic check,Fiber optic,98.75,2407.3,Yes,0.775,Alto,98.75
9495-SKLKD,1,0,1,1,45,25-48 meses,Month-to-month,Bank transfer (automatic),Fiber optic,95.95,4456.65,No,0.5185,Medio,0.0
6048-UWKAL,0,1,1,0,69,49-72 meses,Two year,Credit card (automatic),Fiber optic,105.4,6998.95,No,0.2229,Bajo,0.0
5067-DGXLL,1,0,0,0,2,0-12 meses,Month-to-month,Mailed check,No,20.25,36.8,No,0.2571,Bajo,0.0
5469-CTCWN,1,0,1,1,61,49-72 meses,One year,Electronic check,Fiber optic,106.0,6547.7,Yes,0.3931,Medio,0.0
9851-QXEEQ,1,0,0,0,41,25-48 meses,Month-to-month,Electronic check,Fiber optic,104.7,4346.4,Yes,0.7043,Alto,104.7
6281-FKEWS,0,0,0,0,44,25-48 meses,One year,Electronic check,DSL,49.05,2265.0,No,0.3867,Medio,0.0
8898-KASCD,1,0,0,0,39,25-48 meses,One year,Mailed check,DSL,35.55,1309.15,No,0.2177,Bajo,0.0
9242-TKFSV,1,0,1,1,72,49-72 meses,Two year,Credit card (automatic),DSL,65.1,4754.3,No,0.0272,Bajo,0.0
9290-SHCMB,0,1,0,0,13,13-24 meses,Month-to-month,Electronic check,Fiber optic,96.85,1235.55,No,0.7978,Alto,96.85
0743-HNPFG,0,0,1,1,51,49-72 meses,One year,Credit card (automatic),DSL,69.75,3562.5,No,0.1544,Bajo,0.0
2277-BKJKN,0,1,1,0,71,49-72 meses,Two year,Electronic check,Fiber optic,99.2,7213.75,No,0.3082,Medio,0.0
9809-IMGCQ,1,1,0,0,22,13-24 meses,Month-to-month,Electronic check,Fiber optic,96.7,2082.95,Yes,0.8154,Alto,96.7
5208-HFSBT,0,0,0,0,2,0-12 meses,Month-to-month,Credit card (automatic),DSL,55.05,102.75,Yes,0.6435,Alto,55.05
5035-PGZXH,0,0,0,0,56,49-72 meses,One year,Electronic check,Fiber optic,106.8,5914.4,No,0.5303,Medio,0.0
8695-WDYEA,1,0,0,0,1,0-12 meses,Month-to-month,Mailed check,DSL,51.25,51.25,No,0.6108,Alto,51.25
6543-JXSOO,0,0,1,1,23,13-24 meses,One year,Mailed check,DSL,57.75,1282.85,No,0.1861,Bajo,0.0
8016-ZMGMO,0,1,1,0,66,49-72 meses,One year,Bank transfer (automatic),DSL,70.85,4738.85,No,0.2186,Bajo,0.0
8605-ITULD,0,0,0,0,1,0-12 meses,Month-to-month,Mailed check,No,19.55,19.55,No,0.5275,Medio,0.0
3254-YRILK,1,1,0,0,19,13-24 meses,Month-to-month,Electronic check,Fiber optic,88.2,1775.8,Yes,0.7784,Alto,88.2
6416-YJTTB,1,0,0,0,11,0-12 meses,Month-to-month,Bank transfer (automatic),Fiber optic,79.5,795.65,No,0.6539,Alto,79.5
2667-WYLWJ,0,0,1,1,8,0-12 meses,One year,Mailed check,No,19.75,145.0,Yes,0.2041,Bajo,0.0
4472-VESGY,0,0,1,1,52,49-72 meses,Month-to-month,Bank transfer (automatic),Fiber optic,98.15,4993.4,No,0.3788,Medio,0.0
3195-TQDZX,1,0,0,0,3,0-12 meses,Month-to-month,Electronic check,No,20.25,61.45,No,0.26,Bajo,0.0
3128-YOVTD,0,0,1,1,51,49-72 meses,Month-to-month,Bank transfer (automatic),Fiber optic,79.15,4018.55,No,0.4022,Medio,0.0
0529-ONKER,1,1,0,0,15,13-24 meses,Month-to-month,Electronic check,Fiber optic,75.65,1146.65,Yes,0.7023,Alto,75.65
1728-CXQBE,1,1,1,0,64,49-72 meses,Month-to-month,Electronic check,Fiber optic,94.25,6081.4,No,0.5423,Medio,0.0
7041-TXQJH,0,0,0,0,37,25-48 meses,Month-to-month,Credit card (automatic),DSL,40.2,1478.85,No,0.3987,Medio,0.0
5014-GSOUQ,1,0,0,0,13,13-24 meses,Two year,Mailed check,No,19.95,243.65,No,0.1041,Bajo,0.0
5724-BIDBU,1,0,1,0,49,49-72 meses,One year,Electronic check,DSL,55.35,2633.95,No,0.2394,Bajo,0.0
0481-SUMCB,0,1,0,0,45,25-48 meses,One year,Bank transfer (automatic),Fiber optic,102.15,4735.35,No,0.4758,Medio,0.0
1769-GRUIK,0,0,0,0,18,13-24 meses,Month-to-month,Electronic check,Fiber optic,71.1,1247.75,No,0.6776,Alto,71.1
5240-IJOQT,1,1,0,0,1,0-12 meses,Month-to-month,Electronic check,Fiber optic,74.7,74.7,Yes,0.9058,Alto,74.7
8819-WFGGJ,1,0,1,0,68,49-72 meses,Two year,Bank transfer (automatic),DSL,54.1,3794.5,No,0.0983,Bajo,0.0
7427-AUFPY,1,0,0,0,54,49-72 meses,Two year,Credit card (automatic),No,19.65,1008.7,No,0.0572,Bajo,0.0
2811-POVEX,0,1,1,1,23,13-24 meses,Month-to-month,Bank transfer (automatic),Fiber optic,88.45,2130.55,No,0.6073,Alto,88.45
1092-GANHU,1,0,0,0,17,13-24 meses,Month-to-month,Electronic check,Fiber optic,76.65,1313.55,Yes,0.6781,Alto,76.65
7898-PDWQE,1,0,1,0,71,49-72 meses,Two year,Credit card (automatic),DSL,80.4,5727.15,No,0.0524,Bajo,0.0
9972-EWRJS,0,0,1,1,67,49-72 meses,Two year,Bank transfer (automatic),No,19.25,1372.9,No,0.0345,Bajo,0.0
9314-IJWSQ,0,0,1,1,14,13-24 meses,Month-to-month,Electronic check,Fiber optic,84.8,1203.9,No,0.7825,Alto,84.8
0661-XEYAN,0,1,0,0,1,0-12 meses,Month-to-month,Mailed check,DSL,25.8,25.8,Yes,0.7694,Alto,25.8
5799-JRCZO,0,0,0,1,63,49-72 meses,Two year,Credit card (automatic),No,19.5,1215.1,No,0.0455,Bajo,0.0
1921-KYSAY,0,0,0,0,41,25-48 meses,One year,Electronic check,DSL,68.6,2877.05,No,0.2916,Bajo,0.0
6198-RTPMF,0,0,1,0,17,13-24 meses,Month-to-month,Electronic check,Fiber optic,92.6,1579.7,No,0.6971,Alto,92.6
2924-KHUVI,1,0,1,0,56,49-72 meses,One year,Electronic check,Fiber optic,100.55,5514.95,No,0.4948,Medio,0.0
1925-GMVBW,0,0,0,0,5,0-12 meses,Month-to-month,Credit card (automatic),No,20.55,96.1,No,0.2621,Bajo,0.0
7881-EVUAD,0,0,0,0,2,0-12 meses,Month-to-month,Electronic check,DSL,42.6,72.4,Yes,0.7121,Alto,42.6
6184-DYUOB,0,0,1,0,3,0-12 meses,Month-to-month,Mailed check,No,19.6,55.25,No,0.2674,Bajo,0.0
9207-ZPANB,1,0,0,0,37,25-48 meses,One year,Electronic check,DSL,67.45,2443.3,No,0.2043,Bajo,0.0
5766-XQXMQ,0,0,0,0,29,25-48 meses,Month-to-month,Bank transfer (automatic),DSL,68.85,1970.5,Yes,0.3137,Medio,0.0
9327-QSDED,1,0,0,0,8,0-12 meses,Month-to-month,Mailed check,DSL,43.55,335.4,No,0.522,Medio,0.0
1656-DRSMG,0,0,0,0,63,49-72 meses,Month-to-month,Credit card (automatic),Fiber optic,109.85,7002.95,No,0.4293,Medio,0.0
3012-VFFMN,0,0,1,1,7,0-12 meses,Month-to-month,Mailed check,No,20.65,158.95,No,0.1904,Bajo,0.0
2984-AFWNC,0,0,0,0,3,0-12 meses,Month-to-month,Electronic check,Fiber optic,95.4,293.15,No,0.8184,Alto,95.4
0640-YJTPY,1,0,1,1,72,49-72 meses,Two year,Bank transfer (automatic),No,21.0,1493.75,No,0.0162,Bajo,0.0
8096-LOIST,0,0,0,0,19,13-24 meses,Month-to-month,Electronic check,DSL,56.2,1093.4,No,0.5229,Medio,0.0
9764-REAFF,0,0,1,0,59,49-72 meses,Two year,Bank transfer (automatic),No,18.4,1057.85,No,0.0582,Bajo,0.0
3703-VAVCL,1,0,1,1,2,0-12 meses,Month-to-month,Credit card (automatic),Fiber optic,90.0,190.05,Yes,0.736,Alto,90.0
7107-UBYKY,0,0,1,1,35,25-48 meses,Month-to-month,Electronic check,No,25.75,882.55,No,0.1271,Bajo,0.0
4881-GQJTW,1,0,0,0,14,13-24 meses,Month-to-month,Credit card (automatic),No,19.6,300.4,No,0.1682,Bajo,0.0
8519-QJGJD,0,0,0,0,14,13-24 meses,Month-to-month,Electronic check,Fiber optic,75.35,1025.95,Yes,0.6881,Alto,75.35
7876-DNYAP,0,0,1,1,69,49-72 meses,Two year,Credit card (automatic),No,19.8,1436.95,No,0.0134,Bajo,0.0
7905-NJMXS,1,1,1,0,7,0-12 meses,Month-to-month,Electronic check,DSL,64.2,475.0,No,0.4845,Medio,0.0
2882-WDTBA,1,0,1,1,69,49-72 meses,Two year,Bank transfer (automatic),DSL,75.75,5388.15,No,0.0529,Bajo,0.0
2091-GPPIQ,0,0,1,1,72,49-72 meses,Two year,Electronic check,DSL,78.95,5730.15,No,0.1525,Bajo,0.0
6326-MTTXK,1,0,0,0,8,0-12 meses,Month-to-month,Electronic check,Fiber optic,100.85,819.55,Yes,0.8235,Alto,100.85
5071-FBJFS,0,0,1,1,4,0-12 meses,Month-to-month,Electronic check,DSL,50.3,217.1,No,0.5904,Medio,0.0
2796-UUZZO,1,0,1,1,63,49-72 meses,Month-to-month,Credit card (automatic),Fiber optic,80.3,4896.35,No,0.3674,Medio,0.0
2429-AYKKO,1,0,0,0,72,49-72 meses,Two year,Bank transfer (automatic),No,19.85,1434.1,No,0.0529,Bajo,0.0
9798-OPFEM,0,0,0,0,46,25-48 meses,Two year,Electronic check,No,21.1,937.1,No,0.0709,Bajo,0.0
0330-IVZHA,0,0,1,0,5,0-12 meses,Month-to-month,Electronic check,Fiber optic,69.95,330.15,Yes,0.774,Alto,69.95
3794-NFNCH,1,0,1,0,30,25-48 meses,Month-to-month,Mailed check,DSL,50.0,1474.9,No,0.3183,Medio,0.0
5193-QLVZB,1,0,0,0,63,49-72 meses,Two year,Bank transfer (automatic),Fiber optic,104.75,6536.5,No,0.3255,Medio,0.0
7114-AEOZE,0,0,0,0,60,49-72 meses,Two year,Bank transfer (automatic),No,19.85,1128.1,No,0.0531,Bajo,0.0
2886-KEFUM,0,0,1,0,63,49-72 meses,One year,Electronic check,Fiber optic,107.5,6873.75,Yes,0.4973,Medio,0.0
5522-NYKPB,1,0,1,1,25,25-48 meses,Month-to-month,Electronic check,Fiber optic,85.9,2199.05,No,0.5705,Medio,0.0
4237-RLAQD,1,0,0,0,1,0-12 meses,Month-to-month,Mailed check,DSL,45.85,45.85,Yes,0.7547,Alto,45.85
9957-YODKZ,1,1,1,0,6,0-12 meses,Month-to-month,Electronic check,Fiber optic,80.8,457.1,No,0.868,Alto,80.8
6518-KZXCB,1,0,0,0,22,13-24 meses,Two year,Mailed check,No,25.25,566.5,No,0.0821,Bajo,0.0
2245-ADZFJ,0,0,1,1,31,25-48 meses,Two year,Bank transfer (automatic),DSL,80.55,2471.6,No,0.1351,Bajo,0.0
7776-QGYJC,0,0,1,1,39,25-48 meses,Month-to-month,Bank transfer (automatic),Fiber optic,81.5,3107.3,No,0.4395,Medio,0.0
9313-QOLTZ,1,0,0,0,26,25-48 meses,Month-to-month,Mailed check,No,20.9,518.3,No,0.1233,Bajo,0.0
9651-GTSAQ,0,0,1,0,53,49-72 meses,One year,Bank transfer (automatic),Fiber optic,106.1,5769.75,Yes,0.4262,Medio,0.0
3186-BAXNB,0,0,0,0,1,0-12 meses,Month-to-month,Electronic check,Fiber optic,91.7,91.7,Yes,0.8118,Alto,91.7
4672-FOTSD,1,0,0,0,12,0-12 meses,Month-to-month,Electronic check,DSL,67.25,832.3,No,0.47,Medio,0.0
0637-YLETY,0,0,0,0,16,13-24 meses,Month-to-month,Credit card (automatic),Fiber optic,95.6,1555.65,Yes,0.6722,Alto,95.6
9818-XQCUV,0,0,0,0,2,0-12 meses,Month-to-month,Mailed check,No,20.35,45.3,No,0.2699,Bajo,0.0
7338-ERIVA,1,0,0,1,39,25-48 meses,One year,Bank transfer (automatic),DSL,45.05,1790.6,No,0.1595,Bajo,0.0
1157-BQCUW,1,0,0,0,1,0-12 meses,Month-to-month,Electronic check,Fiber optic,74.95,74.95,Yes,0.9068,Alto,74.95
8259-NFJTV,0,0,1,1,7,0-12 meses,Month-to-month,Mailed check,DSL,34.65,246.6,No,0.463,Medio,0.0
3223-DWFIO,1,1,0,0,4,0-12 meses,Month-to-month,Electronic check,Fiber optic,69.35,261.65,No,0.768,Alto,69.35
2660-EMUBI,1,1,0,0,10,0-12 meses,Month-to-month,Electronic check,Fiber optic,95.35,898.35,Yes,0.8964,Alto,95.35
6968-GMKPR,0,0,0,0,55,49-72 meses,Month-to-month,Electronic check,Fiber optic,81.55,4509.5,No,0.5255,Medio,0.0
4751-ERMAN,1,0,1,1,72,49-72 meses,Two year,Bank transfer (automatic),DSL,75.4,5480.25,No,0.1227,Bajo,0.0
1436-ZMJAN,0,0,1,0,10,0-12 meses,Month-to-month,Credit card (automatic),DSL,67.8,653.15,No,0.5052,Medio,0.0
3292-PBZEJ,1,1,0,0,11,0-12 meses,Month-to-month,Electronic check,Fiber optic,111.4,1183.05,No,0.786,Alto,111.4
0799-DDIHE,0,0,1,1,15,13-24 meses,Month-to-month,Electronic check,DSL,46.3,639.45,No,0.489,Medio,0.0
3070-FNFZQ,0,0,1,1,23,13-24 meses,Two year,Bank transfer (automatic),No,20.4,478.75,No,0.0376,Bajo,0.0
2812-SFXMJ,1,0,0,1,1,0-12 meses,Month-to-month,Mailed check,No,20.05,20.05,No,0.5133,Medio,0.0
7675-OZCZG,0,1,0,0,3,0-12 meses,Month-to-month,Electronic check,DSL,45.0,127.1,Yes,0.7217,Alto,45.0
5014-WUQMG,1,0,1,1,47,25-48 meses,One year,Electronic check,Fiber optic,96.1,4391.45,No,0.427,Medio,0.0
5312-TSZVC,0,0,0,1,15,13-24 meses,One year,Mailed check,No,19.65,270.6,No,0.1179,Bajo,0.0
2003-CKLOR,1,0,0,0,66,49-72 meses,Month-to-month,Electronic check,Fiber optic,99.5,6710.5,Yes,0.5242,Medio,0.0
0993-OSGPT,0,1,1,0,68,49-72 meses,One year,Bank transfer (automatic),DSL,60.65,3975.9,No,0.1794,Bajo,0.0
9254-RBFON,0,0,1,1,17,13-24 meses,One year,Bank transfer (automatic),Fiber optic,98.6,1704.95,Yes,0.4578,Medio,0.0
1205-WNWPJ,0,0,0,0,7,0-12 meses,Month-to-month,Mailed check,DSL,59.5,415.95,Yes,0.4954,Medio,0.0
9391-EOYLI,1,1,1,0,12,0-12 meses,Month-to-month,Electronic check,Fiber optic,80.45,950.2,Yes,0.7917,Alto,80.45
7108-DGVUU,0,1,1,0,21,13-24 meses,One year,Bank transfer (automatic),DSL,71.7,1497.05,No,0.3214,Medio,0.0
2782-JEEBU,1,0,0,0,21,13-24 meses,Month-to-month,Mailed check,DSL,36.0,780.15,No,0.4095,Medio,0.0
5127-BZENZ,0,0,1,1,56,49-72 meses,One year,Bank transfer (automatic),DSL,65.2,3512.15,No,0.1297,Bajo,0.0
2720-FVBQP,0,0,1,1,6,0-12 meses,Month-to-month,Credit card (automatic),DSL,48.95,273.25,No,0.5742,Medio,0.0
9906-NHHVC,0,1,0,0,65,49-72 meses,Two year,Bank transfer (automatic),DSL,53.5,3517.9,No,0.1951,Bajo,0.0
4522-XRWWI,1,0,1,0,42,25-48 meses,One year,Credit card (automatic),DSL,80.45,3375.9,No,0.2407,Bajo,0.0
3766-EJLFL,0,0,1,1,68,49-72 meses,Two year,Bank transfer (automatic),Fiber optic,109.05,7508.55,No,0.254,Bajo,0.0
5939-SXWHM,1,0,1,1,48,25-48 meses,Two year,Bank transfer (automatic),No,26.3,1245.05,No,0.0399,Bajo,0.0
8152-UOBNY,0,1,0,0,50,49-72 meses,One year,Electronic check,Fiber optic,106.8,5347.95,No,0.5063,Medio,0.0
7351-KYHQH,0,1,0,0,7,0-12 meses,Month-to-month,Electronic check,DSL,64.95,493.65,No,0.5596,Medio,0.0
7643-RCHXS,0,0,1,1,63,49-72 meses,Two year,Electronic check,No,19.35,1263.85,No,0.0624,Bajo,0.0
8246-SHFGA,1,0,0,0,17,13-24 meses,Month-to-month,Credit card (automatic),No,21.1,385.55,No,0.1802,Bajo,0.0
8387-MOJJT,0,0,1,1,42,25-48 meses,Month-to-month,Credit card (automatic),Fiber optic,77.95,3384.0,Yes,0.5342,Medio,0.0
0620-XEFWH,1,0,1,1,4,0-12 meses,Month-to-month,Mailed check,No,18.85,84.2,No,0.1741,Bajo,0.0
6485-QXWWE,0,0,0,1,62,49-72 meses,Two year,Bank transfer (automatic),No,26.0,1638.7,No,0.0339,Bajo,0.0
2761-OCIAX,1,1,0,0,2,0-12 meses,Month-to-month,Electronic check,Fiber optic,74.7,165.4,Yes,0.8336,Alto,74.7
7321-VGNKU,0,0,1,0,2,0-12 meses,Month-to-month,Electronic check,Fiber optic,70.35,120.25,No,0.8353,Alto,70.35
5327-CNLUQ,1,0,1,0,48,25-48 meses,Two year,Bank transfer (automatic),Fiber optic,96.9,4473.45,No,0.2384,Bajo,0.0
7552-KEYGT,1,0,1,0,27,25-48 meses,Two year,Bank transfer (automatic),No,19.55,520.55,No,0.0555,Bajo,0.0
5816-JMLGY,0,0,1,1,70,49-72 meses,Two year,Bank transfer (automatic),DSL,80.4,5717.85,No,0.0661,Bajo,0.0
3068-OMWZA,1,1,0,0,1,0-12 meses,Month-to-month,Electronic check,Fiber optic,88.8,88.8,Yes,0.9192,Alto,88.8
2927-QRRQV,1,0,1,0,46,25-48 meses,One year,Electronic check,Fiber optic,94.65,4312.5,No,0.511,Medio,0.0
6032-KRXXO,1,0,0,0,30,25-48 meses,Month-to-month,Electronic check,Fiber optic,90.25,2755.35,Yes,0.6794,Alto,90.25
7459-RRWQZ,0,0,0,0,15,13-24 meses,Month-to-month,Bank transfer (automatic),DSL,64.65,994.55,Yes,0.4671,Medio,0.0
6265-SXWBU,1,0,1,1,69,49-72 meses,One year,Credit card (automatic),Fiber optic,95.75,6511.25,No,0.298,Bajo,0.0
7941-RCJOW,1,0,0,0,65,49-72 meses,Two year,Credit card (automatic),No,19.55,1218.65,No,0.0507,Bajo,0.0
6374-NTQLP,1,1,1,1,72,49-72 meses,Two year,Credit card (automatic),Fiber optic,104.1,7447.7,No,0.1816,Bajo,0.0
4154-AQUGT,1,1,1,0,13,13-24 meses,Month-to-month,Bank transfer (automatic),Fiber optic,89.05,1169.35,Yes,0.6995,Alto,89.05
2387-KDZQY,1,0,0,0,17,13-24 meses,One year,Mailed check,No,20.1,279.5,No,0.0987,Bajo,0.0
3584-WKTTW,1,0,1,0,51,49-72 meses,One year,Electronic check,Fiber optic,111.55,5720.35,No,0.4744,Medio,0.0
3399-BMLVW,1,0,1,1,51,49-72 meses,Two year,Credit card (automatic),DSL,60.5,3121.45,No,0.0643,Bajo,0.0
1971-DTCZB,0,0,1,0,72,49-72 meses,Two year,Bank transfer (automatic),DSL,90.95,6468.6,No,0.0249,Bajo,0.0
3092-IGHWF,1,0,1,1,67,49-72 meses,One year,Electronic check,Fiber optic,87.4,5918.8,Yes,0.3778,Medio,0.0
3374-PZLXD,1,0,0,0,34,25-48 meses,Month-to-month,Mailed check,No,19.7,675.6,No,0.1179,Bajo,0.0
3813-DHBBB,1,0,1,0,67,49-72 meses,Two year,Bank transfer (automatic),DSL,50.95,3521.7,No,0.054,Bajo,0.0
2812-REYAT,0,0,1,0,49,49-72 meses,One year,Bank transfer (automatic),No,20.05,923.1,No,0.0698,Bajo,0.0
6518-PPLMZ,1,0,1,1,53,49-72 meses,Two year,Mailed check,No,19.4,1110.35,No,0.0543,Bajo,0.0
4939-KYYPY,1,0,0,0,27,25-48 meses,Month-to-month,Electronic check,DSL,59.45,1611.65,No,0.304,Medio,0.0
8017-LXHFA,0,1,0,0,23,13-24 meses,Month-to-month,Electronic check,Fiber optic,94.75,2293.6,Yes,0.7289,Alto,94.75
5930-GBIWP,1,0,0,0,69,49-72 meses,Two year,Credit card (automatic),DSL,81.5,5553.25,No,0.0623,Bajo,0.0
6022-KOUQO,0,0,1,1,2,0-12 meses,Month-to-month,Bank transfer (automatic),DSL,29.05,44.75,No,0.6201,Alto,29.05
6352-TWCAU,0,0,0,0,35,25-48 meses,Month-to-month,Electronic check,Fiber optic,86.45,3029.1,Yes,0.6997,Alto,86.45
2361-UPSND,0,0,1,0,46,25-48 meses,One year,Mailed check,DSL,70.6,3231.05,No,0.1882,Bajo,0.0
6035-RIIOM,0,0,0,0,54,49-72 meses,Two year,Bank transfer (automatic),Fiber optic,97.2,5129.45,No,0.3181,Medio,0.0
2929-QNSRW,0,0,1,0,56,49-72 meses,One year,Electronic check,Fiber optic,98.25,5508.35,Yes,0.5256,Medio,0.0
1262-OPMFY,0,0,1,0,9,0-12 meses,Month-to-month,Bank transfer (automatic),Fiber optic,75.75,655.9,Yes,0.7792,Alto,75.75
9504-DSHWM,1,0,0,0,20,13-24 meses,Month-to-month,Bank transfer (automatic),DSL,59.2,1191.2,No,0.2919,Bajo,0.0
5035-BVCXS,1,0,0,0,11,0-12 meses,Month-to-month,Mailed check,Fiber optic,75.9,866.4,No,0.7137,Alto,75.9
6267-DCFFZ,0,1,1,0,30,25-48 meses,Month-to-month,Electronic check,Fiber optic,90.05,2627.2,No,0.7083,Alto,90.05
3533-UVMOM,1,0,1,0,68,49-72 meses,Two year,Bank transfer (automatic),DSL,70.95,4741.45,No,0.0795,Bajo,0.0
2439-LYPMQ,1,1,1,0,38,25-48 meses,Month-to-month,Electronic check,Fiber optic,102.6,4009.2,No,0.7331,Alto,102.6
4248-QPAVC,0,1,1,0,17,13-24 meses,Month-to-month,Bank transfer (automatic),Fiber optic,85.35,1463.45,Yes,0.6245,Alto,85.35
1899-VXWXM,1,0,0,0,48,25-48 meses,One year,Credit card (automatic),Fiber optic,106.1,5082.8,Yes,0.4907,Medio,0.0
1478-VPOAD,0,0,0,0,1,0-12 meses,Month-to-month,Electronic check,DSL,43.8,43.8,No,0.7395,Alto,43.8
9995-HOTOH,1,0,1,1,63,49-72 meses,Two year,Electronic check,DSL,59.0,3707.6,No,0.1733,Bajo,0.0
2988-PLAHS,0,0,0,0,3,0-12 meses,One year,Electronic check,DSL,69.95,220.45,No,0.6144,Alto,69.95
1371-OJCEK,0,0,0,0,48,25-48 meses,One year,Bank transfer (automatic),No,24.35,1133.7,No,0.105,Bajo,0.0
4999-IEZLT,1,0,0,0,66,49-72 meses,One year,Credit card (automatic),DSL,29.45,1983.15,No,0.1848,Bajo,0.0
8883-ANODQ,0,0,1,1,68,49-72 meses,Two year,Credit card (automatic),Fiber optic,84.4,5746.75,No,0.1995,Bajo,0.0
4690-LLKUA,1,1,0,0,17,13-24 meses,Month-to-month,Electronic check,DSL,45.05,770.6,Yes,0.5941,Medio,0.0
2351-RRBUE,0,0,1,1,7,0-12 meses,One year,Mailed check,No,20.65,134.05,No,0.1621,Bajo,0.0
5980-BDHPY,1,0,1,0,72,49-72 meses,Two year,Bank transfer (automatic),DSL,87.1,6230.1,No,0.027,Bajo,0.0
1498-DQNRX,0,0,1,0,29,25-48 meses,Month-to-month,Mailed check,No,19.85,573.05,No,0.1142,Bajo,0.0
9469-WEJBT,1,0,1,0,37,25-48 meses,Month-to-month,Electronic check,Fiber optic,90.35,3419.3,No,0.5553,Medio,0.0
3331-HQDTW,0,0,0,0,34,25-48 meses,Month-to-month,Mailed check,Fiber optic,109.8,3587.25,Yes,0.5277,Medio,0.0
9490-DFPMD,0,1,0,0,42,25-48 meses,Month-to-month,Electronic check,Fiber optic,84.65,3541.35,Yes,0.6951,Alto,84.65
2581-VKIRT,0,0,1,1,59,49-72 meses,One year,Mailed check,DSL,65.5,3801.3,No,0.1079,Bajo,0.0
5442-XSDCW,1,0,1,1,11,0-12 meses,Month-to-month,Bank transfer (automatic),Fiber optic,79.5,868.5,Yes,0.7382,Alto,79.5
7426-WEIJX,1,1,1,1,60,49-72 meses,Month-to-month,Electronic check,Fiber optic,80.95,4859.1,No,0.4705,Medio,0.0
2851-MMUTZ,0,0,0,0,27,25-48 meses,Month-to-month,Mailed check,DSL,56.15,1439.35,No,0.2807,Bajo,0.0
3049-NDXFL,0,0,0,0,1,0-12 meses,Month-to-month,Mailed check,Fiber optic,85.8,85.8,Yes,0.8736,Alto,85.8
8580-AECUZ,1,1,0,0,1,0-12 meses,Month-to-month,Electronic check,Fiber optic,79.1,79.1,Yes,0.9085,Alto,79.1
3307-TLCUD,1,0,1,0,17,13-24 meses,Month-to-month,Mailed check,DSL,34.4,592.75,No,0.3715,Medio,0.0
6625-FLENO,1,0,1,0,58,49-72 meses,Two year,Mailed check,No,20.75,1185.95,No,0.0408,Bajo,0.0
2967-MXRAV,1,0,1,1,1,0-12 meses,One year,Mailed check,No,18.8,18.8,No,0.3871,Medio,0.0
7963-GQRMY,0,0,1,1,3,0-12 meses,Month-to-month,Mailed check,DSL,44.3,134.5,Yes,0.6282,Alto,44.3
8189-HBVRW,0,0,0,0,53,49-72 meses,Month-to-month,Electronic check,Fiber optic,90.8,4921.2,No,0.4252,Medio,0.0
4163-KIUHY,1,0,0,0,35,25-48 meses,Month-to-month,Electronic check,No,25.6,901.25,No,0.1455,Bajo,0.0
1228-FZFRV,1,0,1,1,50,49-72 meses,Month-to-month,Credit card (automatic),Fiber optic,105.95,5341.8,Yes,0.4927,Medio,0.0
3500-NSDOA,1,0,1,1,68,49-72 meses,Two year,Credit card (automatic),DSL,70.8,4859.95,No,0.0879,Bajo,0.0
1171-TYKUR,1,0,1,0,47,25-48 meses,Month-to-month,Electronic check,No,25.4,1139.2,No,0.1476,Bajo,0.0
3761-FLYZI,0,1,1,0,65,49-72 meses,Month-to-month,Bank transfer (automatic),Fiber optic,108.8,7082.45,No,0.4891,Medio,0.0
2058-DCJBE,1,0,0,0,5,0-12 meses,Month-to-month,Electronic check,Fiber optic,69.75,324.6,Yes,0.8221,Alto,69.75
5364-XYIRR,1,0,1,0,51,49-72 meses,Month-to-month,Electronic check,Fiber optic,94.65,4812.75,Yes,0.6816,Alto,94.65
4829-AUOAX,0,0,0,0,46,25-48 meses,Month-to-month,Bank transfer (automatic),Fiber optic,96.05,4399.5,Yes,0.5487,Medio,0.0
1219-NNDDO,0,0,0,0,9,0-12 meses,Month-to-month,Electronic check,Fiber optic,76.85,663.55,No,0.8295,Alto,76.85
8388-DMKAE,0,0,0,0,8,0-12 meses,Two year,Mailed check,No,20.25,174.65,No,0.1382,Bajo,0.0
4403-BWPAY,1,0,0,0,14,13-24 meses,One year,Credit card (automatic),No,24.8,321.7,No,0.1466,Bajo,0.0
9659-QEQSY,0,0,0,0,45,25-48 meses,Month-to-month,Electronic check,Fiber optic,115.65,5125.5,No,0.5222,Medio,0.0
5405-ZMYXQ,0,0,0,0,8,0-12 meses,Month-to-month,Credit card (automatic),Fiber optic,74.6,548.9,No,0.7942,Alto,74.6
5047-LHVLY,1,1,0,1,1,0-12 meses,Month-to-month,Mailed check,DSL,50.15,50.15,Yes,0.7269,Alto,50.15
1442-OKRJE,1,0,1,1,66,49-72 meses,One year,Bank transfer (automatic),Fiber optic,103.15,7031.3,No,0.3287,Medio,0.0
4737-AQCPU,1,0,1,1,72,49-72 meses,Two year,Credit card (automatic),DSL,72.1,5016.65,No,0.0705,Bajo,0.0
9158-VCTQB,0,0,1,0,41,25-48 meses,Month-to-month,Bank transfer (automatic),Fiber optic,113.6,4594.95,Yes,0.4821,Medio,0.0
2808-CHTDM,0,0,1,1,23,13-24 meses,Two year,Mailed check,No,25.1,611.45,No,0.0652,Bajo,0.0
6311-UEUME,0,0,0,0,29,25-48 meses,Month-to-month,Electronic check,Fiber optic,78.9,2384.15,Yes,0.6621,Alto,78.9
0793-TWELN,0,0,0,0,4,0-12 meses,Month-to-month,Electronic check,Fiber optic,80.15,319.85,No,0.7757,Alto,80.15
3283-WCWXT,1,0,1,1,6,0-12 meses,Two year,Mailed check,No,25.4,153.3,No,0.1029,Bajo,0.0
1060-ENTOF,0,1,1,0,67,49-72 meses,One year,Credit card (automatic),Fiber optic,105.4,7035.6,No,0.3155,Medio,0.0
0999-QXNSA,1,1,0,1,7,0-12 meses,Month-to-month,Mailed check,DSL,45.75,344.2,No,0.5669,Medio,0.0
5451-MHQOF,1,0,1,1,56,49-72 meses,One year,Mailed check,No,24.45,1431.65,No,0.0644,Bajo,0.0
4836-WNFNO,0,0,1,0,72,49-72 meses,Two year,Credit card (automatic),No,25.0,1849.2,No,0.0321,Bajo,0.0
9225-BZLNZ,1,0,1,0,72,49-72 meses,Two year,Electronic check,DSL,85.25,6083.1,No,0.1688,Bajo,0.0
0354-VXMJC,1,0,1,1,23,13-24 meses,Two year,Credit card (automatic),No,19.6,426.65,No,0.0324,Bajo,0.0
4422-QVIJA,0,0,0,1,35,25-48 meses,Month-to-month,Mailed check,DSL,50.15,1655.35,No,0.2808,Bajo,0.0
9365-SRSZE,1,1,1,0,27,25-48 meses,Month-to-month,Electronic check,Fiber optic,70.55,1943.9,No,0.6594,Alto,70.55
6839-ITVZJ,0,0,1,1,26,25-48 meses,Month-to-month,Electronic check,DSL,60.05,1616.15,Yes,0.3693,Medio,0.0
8332-OSJDW,1,0,1,1,12,0-12 meses,One year,Mailed check,No,26.4,314.95,No,0.1227,Bajo,0.0
4735-BJKOU,0,0,0,0,40,25-48 meses,Two year,Mailed check,No,20.15,804.85,No,0.0386,Bajo,0.0
0274-JKUJR,1,0,1,1,7,0-12 meses,Month-to-month,Mailed check,DSL,58.85,465.7,No,0.3873,Medio,0.0
5740-YHGTW,1,0,1,1,70,49-72 meses,Month-to-month,Credit card (automatic),Fiber optic,97.55,6669.05,No,0.3568,Medio,0.0
8917-SZTTJ,1,0,1,1,60,49-72 meses,Two year,Credit card (automatic),No,19.65,1161.75,No,0.0288,Bajo,0.0
1696-MZVAU,1,0,1,1,39,25-48 meses,One year,Credit card (automatic),DSL,25.25,947.75,No,0.3279,Medio,0.0
7359-WWYJV,1,0,1,0,72,49-72 meses,Two year,Credit card (automatic),Fiber optic,114.45,8375.05,No,0.0926,Bajo,0.0
0375-HVGXO,0,0,0,0,1,0-12 meses,Month-to-month,Electronic check,DSL,34.7,34.7,Yes,0.8102,Alto,34.7
4906-ZHGPK,1,0,1,1,54,49-72 meses,One year,Electronic check,DSL,70.7,3770.0,No,0.2304,Bajo,0.0
8593-WHYHV,1,0,0,0,3,0-12 meses,Month-to-month,Electronic check,Fiber optic,85.3,264.8,Yes,0.8903,Alto,85.3
3795-GWTRD,0,0,1,1,63,49-72 meses,Two year,Credit card (automatic),DSL,75.55,4707.85,No,0.0617,Bajo,0.0
1298-PHBTI,1,0,1,1,71,49-72 meses,Two year,Electronic check,Fiber optic,84.8,6152.4,No,0.2384,Bajo,0.0
6223-DHJGV,0,0,0,0,42,25-48 meses,One year,Mailed check,No,20.65,958.1,No,0.0573,Bajo,0.0
6961-MJKBO,1,0,0,0,47,25-48 meses,Two year,Bank transfer (automatic),No,20.45,943.0,No,0.0375,Bajo,0.0
6097-EQISJ,0,0,1,1,66,49-72 meses,One year,Credit card (automatic),Fiber optic,102.45,6615.15,Yes,0.3883,Medio,0.0
4423-YLHDV,0,0,1,0,21,13-24 meses,Month-to-month,Bank transfer (automatic),Fiber optic,104.4,2200.25,Yes,0.6879,Alto,104.4
8158-WPEZG,1,0,0,0,11,0-12 meses,Month-to-month,Electronic check,DSL,35.65,425.1,No,0.5411,Medio,0.0
0107-YHINA,1,0,0,1,1,0-12 meses,Month-to-month,Electronic check,Fiber optic,99.75,99.75,Yes,0.9052,Alto,99.75
4918-FYJNT,0,1,1,0,55,49-72 meses,Month-to-month,Electronic check,Fiber optic,90.45,5044.8,No,0.4262,Medio,0.0
0727-BNRLG,1,0,0,0,69,49-72 meses,Two year,Credit card (automatic),Fiber optic,97.65,6743.55,No,0.1974,Bajo,0.0
4854-CIDCF,0,1,0,0,3,0-12 meses,Month-to-month,Electronic check,Fiber optic,73.85,196.4,No,0.7959,Alto,73.85
8640-SDGKB,1,0,0,0,4,0-12 meses,Month-to-month,Electronic check,DSL,74.4,299.7,Yes,0.6731,Alto,74.4
3280-MRDOF,1,1,0,0,30,25-48 meses,Two year,Credit card (automatic),DSL,69.1,2093.9,No,0.1642,Bajo,0.0
6435-SRWBJ,0,0,0,0,5,0-12 meses,Month-to-month,Electronic check,Fiber optic,82.75,417.75,No,0.8218,Alto,82.75
9964-WBQDJ,0,0,1,0,71,49-72 meses,Two year,Credit card (automatic),No,24.4,1725.4,No,0.0337,Bajo,0.0
6303-KFWSL,0,0,0,0,29,25-48 meses,One year,Electronic check,DSL,55.25,1620.2,No,0.2808,Bajo,0.0
1702-CCFNJ,1,0,1,0,52,49-72 meses,Month-to-month,Bank transfer (automatic),DSL,61.35,3169.55,No,0.2112,Bajo,0.0
8932-CZHRQ,1,0,0,0,68,49-72 meses,One year,Credit card (automatic),DSL,76.75,5233.25,No,0.2268,Bajo,0.0
0386-CWRGM,0,0,1,1,46,25-48 meses,Two year,Mailed check,No,19.4,967.85,No,0.0311,Bajo,0.0
5515-RUGKN,1,0,0,0,8,0-12 meses,Month-to-month,Credit card (automatic),DSL,54.75,438.05,No,0.5444,Medio,0.0
0404-AHASP,1,0,1,0,72,49-72 meses,Two year,Credit card (automatic),No,19.7,1421.9,No,0.0245,Bajo,0.0
7279-NMVJC,0,0,0,0,17,13-24 meses,One year,Bank transfer (automatic),No,19.9,323.15,No,0.1477,Bajo,0.0
2081-VEYEH,1,0,0,0,3,0-12 meses,Month-to-month,Electronic check,Fiber optic,107.95,318.6,No,0.8092,Alto,107.95
6407-UTSLV,0,1,0,0,2,0-12 meses,Month-to-month,Bank transfer (automatic),Fiber optic,83.8,163.7,No,0.8418,Alto,83.8
4116-TZAQJ,0,0,0,0,9,0-12 meses,Month-to-month,Credit card (automatic),Fiber optic,74.25,639.65,Yes,0.6829,Alto,74.25
9060-HJJRW,0,0,0,0,51,49-72 meses,One year,Credit card (automatic),DSL,56.4,2928.5,No,0.2934,Bajo,0.0
2587-YNLES,0,0,1,1,6,0-12 meses,Two year,Mailed check,No,20.1,100.35,No,0.1115,Bajo,0.0
7398-SKNQZ,0,0,1,0,3,0-12 meses,Month-to-month,Electronic check,Fiber optic,94.9,273.2,No,0.8517,Alto,94.9
5935-FCCNB,0,1,0,0,17,13-24 meses,Month-to-month,Electronic check,Fiber optic,94.2,1608.15,No,0.7966,Alto,94.2
1958-RNRKS,1,0,1,0,30,25-48 meses,Month-to-month,Electronic check,DSL,49.9,1441.95,No,0.3409,Medio,0.0
5136-RGMZO,1,0,0,0,31,25-48 meses,Month-to-month,Electronic check,DSL,71.05,2168.15,No,0.3555,Medio,0.0
8345-MVDYC,0,0,0,0,45,25-48 meses,Two year,Bank transfer (automatic),DSL,81.65,3618.7,No,0.0867,Bajo,0.0
8226-BXGES,1,0,1,0,64,49-72 meses,One year,Bank transfer (automatic),Fiber optic,89.45,5692.65,No,0.2429,Bajo,0.0
3877-JRJIP,1,0,0,0,1,0-12 meses,Month-to-month,Electronic check,DSL,59.85,59.85,Yes,0.7225,Alto,59.85
8375-DKEBR,0,1,0,0,1,0-12 meses,Month-to-month,Electronic check,Fiber optic,69.6,69.6,Yes,0.89,Alto,69.6
9705-IOVQQ,1,1,1,1,61,49-72 meses,One year,Electronic check,Fiber optic,99.0,5969.3,No,0.4507,Medio,0.0
1015-OWJKI,1,0,0,0,1,0-12 meses,Month-to-month,Mailed check,No,19.05,19.05,No,0.5086,Medio,0.0
7511-YMXVQ,1,0,0,0,9,0-12 meses,Month-to-month,Electronic check,DSL,45.4,418.8,Yes,0.7127,Alto,45.4
2040-XBAVJ,1,0,1,1,72,49-72 meses,Two year,Bank transfer (automatic),Fiber optic,114.45,8100.55,No,0.0971,Bajo,0.0
7551-JOHTI,0,0,0,0,1,0-12 meses,Month-to-month,Mailed check,No,19.5,19.5,Yes,0.5275,Medio,0.0
8887-IPQNC,0,0,1,0,7,0-12 meses,Month-to-month,Mailed check,DSL,44.25,313.45,No,0.5424,Medio,0.0
8646-JCOMS,0,0,1,0,66,49-72 meses,One year,Bank transfer (automatic),Fiber optic,90.55,6130.95,No,0.2839,Bajo,0.0
9804-ICWBG,1,0,0,0,1,0-12 meses,Month-to-month,Electronic check,Fiber optic,69.9,69.9,Yes,0.8925,Alto,69.9
1222-KJNZD,1,0,1,1,40,25-48 meses,Month-to-month,Bank transfer (automatic),No,20.4,745.3,No,0.0858,Bajo,0.0
0106-GHRQR,1,0,0,0,16,13-24 meses,Month-to-month,Bank transfer (automatic),DSL,71.4,1212.1,No,0.4798,Medio,0.0
5318-IXUZF,0,0,0,0,2,0-12 meses,Month-to-month,Bank transfer (automatic),Fiber optic,87.15,183.75,Yes,0.849,Alto,87.15
3768-VHXQO,1,0,1,0,67,49-72 meses,Two year,Credit card (automatic),No,24.85,1583.5,No,0.0338,Bajo,0.0
8952-WCVCD,0,0,1,0,41,25-48 meses,One year,Bank transfer (automatic),Fiber optic,104.45,4162.05,No,0.447,Medio,0.0
2418-TPEUN,0,0,1,1,56,49-72 meses,Two year,Credit card (automatic),No,19.8,1119.9,No,0.0408,Bajo,0.0
3963-RYFNS,0,0,0,0,72,49-72 meses,Two year,Bank transfer (automatic),Fiber optic,116.45,8013.55,No,0.1203,Bajo,0.0
3198-VELRD,0,0,1,1,3,0-12 meses,Month-to-month,Bank transfer (automatic),Fiber optic,84.75,264.85,Yes,0.8676,Alto,84.75
8540-ZQGEA,0,0,1,0,54,49-72 meses,Two year,Credit card (automatic),No,20.05,1102.4,No,0.0404,Bajo,0.0
1320-REHCS,1,1,0,0,52,49-72 meses,Month-to-month,Electronic check,Fiber optic,110.75,5832.0,No,0.5716,Medio,0.0
4137-JOPHL,0,0,0,0,50,49-72 meses,Two year,Bank transfer (automatic),Fiber optic,89.7,4304.5,No,0.2297,Bajo,0.0
9436-ZBZCT,1,0,0,0,14,13-24 meses,Month-to-month,Electronic check,Fiber optic,89.95,1178.4,Yes,0.7895,Alto,89.95
7801-CEDNV,1,0,1,0,27,25-48 meses,One year,Credit card (automatic),DSL,48.7,1421.75,No,0.2035,Bajo,0.0
2057-BOYKM,0,1,1,0,72,49-72 meses,Two year,Bank transfer (automatic),Fiber optic,96.6,6827.5,No,0.1156,Bajo,0.0
3658-QQJYD,1,0,0,0,62,49-72 meses,One year,Credit card (automatic),DSL,74.3,4698.05,No,0.2223,Bajo,0.0
1803-BGNBD,0,0,0,0,12,0-12 meses,Month-to-month,Electronic check,DSL,54.3,654.5,No,0.4965,Medio,0.0
0134-XWXCE,0,1,0,0,44,25-48 meses,One year,Bank transfer (automatic),DSL,74.85,3268.05,No,0.2608,Bajo,0.0
6950-TWMYB,1,0,1,1,54,49-72 meses,Two year,Bank transfer (automatic),Fiber optic,79.95,4362.05,No,0.1921,Bajo,0.0
5848-FHRFC,0,0,0,0,68,49-72 meses,Two year,Bank transfer (automatic),No,20.05,1386.9,No,0.0397,Bajo,0.0
2243-FNMMI,1,0,0,0,20,13-24 meses,Month-to-month,Mailed check,No,19.4,415.4,No,0.1202,Bajo,0.0
2511-MORQY,1,0,1,1,50,49-72 meses,One year,Bank transfer (automatic),DSL,54.9,2614.1,No,0.2026,Bajo,0.0
5356-KZCKT,1,0,0,0,58,49-72 meses,Two year,Credit card (automatic),No,24.45,1513.6,No,0.0572,Bajo,0.0
9470-XCCEM,1,0,1,1,35,25-48 meses,Month-to-month,Bank transfer (automatic),Fiber optic,89.65,3161.6,No,0.5476,Medio,0.0
6519-CFDBX,0,0,0,0,2,0-12 meses,Month-to-month,Electronic check,DSL,45.4,80.95,No,0.7767,Alto,45.4
3902-MIVLE,1,0,1,1,63,49-72 meses,Two year,Mailed check,DSL,75.7,4676.7,No,0.0668,Bajo,0.0
0409-WTMPL,0,0,1,0,58,49-72 meses,One year,Credit card (automatic),Fiber optic,110.65,6526.65,No,0.3815,Medio,0.0
8763-KIAFH,0,0,1,1,27,25-48 meses,One year,Mailed check,No,20.55,583.3,No,0.0647,Bajo,0.0
3669-WHAFY,0,0,1,0,71,49-72 meses,Two year,Credit card (automatic),Fiber optic,115.15,8078.1,No,0.1088,Bajo,0.0
3055-VTCGS,0,0,0,0,63,49-72 meses,One year,Credit card (automatic),DSL,58.55,3503.5,No,0.1915,Bajo,0.0
3144-KMTWZ,1,0,1,0,71,49-72 meses,Month-to-month,Bank transfer (automatic),Fiber optic,93.25,6669.45,No,0.4264,Medio,0.0
7279-BUYWN,0,1,0,0,41,25-48 meses,Month-to-month,Electronic check,Fiber optic,113.2,4689.5,Yes,0.6111,Alto,113.2
7156-MHUGY,1,1,0,0,13,13-24 meses,Month-to-month,Electronic check,Fiber optic,90.5,1201.15,Yes,0.8096,Alto,90.5
7198-GLXTC,1,0,0,0,2,0-12 meses,Month-to-month,Electronic check,Fiber optic,79.0,143.65,Yes,0.8277,Alto,79.0
2007-QVGAW,0,0,1,1,68,49-72 meses,Two year,Bank transfer (automatic),No,19.35,1292.65,No,0.0363,Bajo,0.0
5207-PLSTK,1,0,1,1,1,0-12 meses,Month-to-month,Mailed check,DSL,48.75,48.75,No,0.6278,Alto,48.75
2307-FYNNL,1,1,0,0,65,49-72 meses,Two year,Electronic check,Fiber optic,109.05,7108.2,No,0.3356,Medio,0.0
5605-XNWEN,1,1,1,0,72,49-72 meses,Two year,Bank transfer (automatic),No,25.0,1802.55,No,0.0461,Bajo,0.0
2155-AMQRX,0,0,0,0,28,25-48 meses,Month-to-month,Credit card (automatic),DSL,54.9,1505.15,No,0.2918,Bajo,0.0
6181-AXXYF,1,0,1,1,72,49-72 meses,Two year,Credit card (automatic),No,24.75,1859.1,No,0.0185,Bajo,0.0
5091-HFAZW,0,0,0,0,2,0-12 meses,Month-to-month,Electronic check,Fiber optic,91.15,168.5,No,0.786,Alto,91.15
0516-VRYBW,0,0,0,1,18,13-24 meses,One year,Bank transfer (automatic),No,20.15,390.85,Yes,0.169,Bajo,0.0
2519-LBNQL,1,1,1,0,60,49-72 meses,One year,Electronic check,Fiber optic,104.35,6339.45,No,0.5296,Medio,0.0
8623-ULFNQ,0,1,0,0,26,25-48 meses,Month-to-month,Electronic check,DSL,66.05,1652.4,No,0.4044,Medio,0.0
8380-PEFPE,1,0,0,1,1,0-12 meses,Month-to-month,Electronic check,Fiber optic,71.65,71.65,Yes,0.8794,Alto,71.65
5687-DKDTV,0,0,0,0,4,0-12 meses,Month-to-month,Mailed check,No,20.35,77.5,Yes,0.2754,Bajo,0.0
1568-LJSZU,1,0,1,1,68,49-72 meses,Two year,Credit card (automatic),DSL,92.2,6392.85,No,0.0426,Bajo,0.0
7530-HDYDS,0,0,0,0,38,25-48 meses,Month-to-month,Credit card (automatic),Fiber optic,84.25,3264.5,Yes,0.4555,Medio,0.0
7789-HKSBS,0,1,1,0,42,25-48 meses,One year,Bank transfer (automatic),Fiber optic,105.2,4599.15,No,0.4926,Medio,0.0
7416-CKTEP,0,0,1,0,57,49-72 meses,Two year,Bank transfer (automatic),No,19.6,1134.25,No,0.0488,Bajo,0.0
2586-CWXVV,1,0,1,0,54,49-72 meses,Month-to-month,Electronic check,DSL,30.4,1621.35,No,0.4062,Medio,0.0
3096-IZETN,0,0,0,0,12,0-12 meses,Month-to-month,Bank transfer (automatic),Fiber optic,78.1,947.3,Yes,0.676,Alto,78.1
2348-KCJLT,0,0,1,0,44,25-48 meses,One year,Mailed check,DSL,61.5,2722.2,No,0.1798,Bajo,0.0
8401-EMUWF,1,0,1,1,42,25-48 meses,Month-to-month,Bank transfer (automatic),DSL,69.4,3058.3,No,0.2468,Bajo,0.0
4193-IBKSW,1,0,1,1,72,49-72 meses,Two year,Bank transfer (automatic),No,24.75,1769.6,No,0.0153,Bajo,0.0
5377-NDTOU,0,0,1,1,71,49-72 meses,Two year,Mailed check,DSL,91.05,6293.75,No,0.0279,Bajo,0.0
5922-ABDVO,0,0,1,0,19,13-24 meses,Month-to-month,Mailed check,Fiber optic,89.65,1761.05,Yes,0.6012,Alto,89.65
2474-LCNUE,0,0,1,0,23,13-24 meses,Month-to-month,Credit card (automatic),DSL,73.65,1642.75,No,0.3084,Medio,0.0
0839-QNXME,0,0,0,0,30,25-48 meses,Two year,Credit card (automatic),No,19.4,578.5,No,0.0642,Bajo,0.0
3506-OVLKD,1,0,0,0,35,25-48 meses,One year,Bank transfer (automatic),No,26.2,954.9,No,0.1161,Bajo,0.0
9172-ANCRX,0,0,0,0,10,0-12 meses,Month-to-month,Electronic check,Fiber optic,98.7,973.25,Yes,0.8452,Alto,98.7
6650-VJONK,1,0,0,0,1,0-12 meses,Month-to-month,Bank transfer (automatic),DSL,43.85,43.85,No,0.7463,Alto,43.85
2178-PMGCJ,1,0,0,0,22,13-24 meses,Month-to-month,Mailed check,Fiber optic,69.7,1490.4,No,0.5841,Medio,0.0
7492-TAFJD,1,0,1,1,7,0-12 meses,Two year,Mailed check,DSL,38.55,280.0,No,0.2719,Bajo,0.0
2773-MADBQ,0,0,0,0,36,25-48 meses,Two year,Mailed check,DSL,53.1,1901.25,No,0.097,Bajo,0.0
6016-LVTJQ,0,0,1,1,34,25-48 meses,Month-to-month,Mailed check,No,20.65,716.4,No,0.0796,Bajo,0.0
7860-KSUGX,1,0,1,1,72,49-72 meses,Two year,Credit card (automatic),DSL,64.45,4720.0,No,0.075,Bajo,0.0
8966-KZXXA,1,0,1,1,36,25-48 meses,Two year,Credit card (automatic),No,25.1,930.95,No,0.0462,Bajo,0.0
6910-HADCM,0,0,0,0,1,0-12 meses,Month-to-month,Electronic check,Fiber optic,76.35,76.35,Yes,0.8622,Alto,76.35
4816-LXZYW,0,0,0,0,23,13-24 meses,Month-to-month,Electronic check,Fiber optic,79.15,1676.95,Yes,0.7108,Alto,79.15
9606-PBKBQ,1,1,1,0,32,25-48 meses,Month-to-month,Electronic check,Fiber optic,85.0,2642.05,Yes,0.7497,Alto,85.0
5149-QYTTU,0,0,1,1,71,49-72 meses,One year,Credit card (automatic),Fiber optic,95.15,6770.85,No,0.2129,Bajo,0.0
2070-XYMFH,0,1,0,0,23,13-24 meses,Month-to-month,Mailed check,Fiber optic,79.35,1835.3,No,0.5958,Medio,0.0
2085-BOJKI,1,0,1,0,17,13-24 meses,One year,Bank transfer (automatic),Fiber optic,96.65,1588.25,No,0.5443,Medio,0.0
0817-HSUSE,1,0,0,0,1,0-12 meses,Month-to-month,Electronic check,DSL,75.5,75.5,No,0.7239,Alto,75.5
5442-PPTJY,1,0,1,1,12,0-12 meses,Two year,Mailed check,No,19.7,258.35,No,0.0459,Bajo,0.0
1927-QEWMY,0,0,1,0,72,49-72 meses,Two year,Credit card (automatic),No,20.5,1502.25,No,0.021,Bajo,0.0
1663-MHLHE,1,0,0,0,1,0-12 meses,Month-to-month,Mailed check,No,19.2,19.2,No,0.5086,Medio,0.0
5663-QBGIS,1,1,1,0,72,49-72 meses,Two year,Bank transfer (automatic),Fiber optic,98.35,6929.4,No,0.2431,Bajo,0.0
4450-MDZFX,1,0,1,1,60,49-72 meses,Month-to-month,Bank transfer (automatic),Fiber optic,74.35,4453.3,No,0.4104,Medio,0.0
6701-DHKWQ,0,0,1,1,61,49-72 meses,Two year,Credit card (automatic),DSL,51.35,3244.4,No,0.056,Bajo,0.0
7554-AKDQF,0,0,1,0,6,0-12 meses,Month-to-month,Mailed check,DSL,45.65,323.45,No,0.5256,Medio,0.0
3536-IQCTX,1,1,1,0,32,25-48 meses,Month-to-month,Electronic check,Fiber optic,85.3,2661.1,Yes,0.6828,Alto,85.3
4911-BANWH,0,0,0,1,31,25-48 meses,Month-to-month,Credit card (automatic),Fiber optic,86.55,2697.4,Yes,0.592,Medio,0.0
8496-EJAUI,1,0,0,0,19,13-24 meses,Month-to-month,Credit card (automatic),Fiber optic,73.85,1424.5,Yes,0.6082,Alto,73.85
0794-YVSGE,1,0,1,1,72,49-72 meses,Two year,Bank transfer (automatic),No,20.3,1401.15,No,0.0169,Bajo,0.0
5423-BHIXO,0,0,0,0,32,25-48 meses,Month-to-month,Electronic check,DSL,54.2,1739.6,No,0.3838,Medio,0.0
6908-VVYHM,1,0,1,0,65,49-72 meses,Month-to-month,Electronic check,Fiber optic,90.65,5931.0,No,0.5333,Medio,0.0
2959-EEXWB,0,0,1,1,45,25-48 meses,Month-to-month,Bank transfer (automatic),DSL,50.9,2333.85,No,0.2813,Bajo,0.0
1839-UMACK,1,0,0,0,42,25-48 meses,One year,Electronic check,No,25.05,949.85,No,0.1369,Bajo,0.0
3030-YDNRM,1,0,0,0,8,0-12 meses,Month-to-month,Electronic check,Fiber optic,74.85,572.45,No,0.8434,Alto,74.85
7321-KKSDU,1,0,0,1,32,25-48 meses,Two year,Mailed check,No,20.5,696.8,No,0.0382,Bajo,0.0
3402-XRIUO,0,1,1,0,22,13-24 meses,Month-to-month,Mailed check,DSL,63.55,1381.8,No,0.315,Medio,0.0
3132-TVFDZ,1,1,1,0,57,49-72 meses,Month-to-month,Electronic check,DSL,44.85,2572.95,Yes,0.5089,Medio,0.0
8286-AFUYI,1,0,0,0,1,0-12 meses,Month-to-month,Electronic check,DSL,47.95,47.95,No,0.6962,Alto,47.95
8080-DDEMJ,1,1,0,0,1,0-12 meses,Month-to-month,Electronic check,DSL,45.1,45.1,Yes,0.7734,Alto,45.1
8356-WUAOJ,0,0,1,0,1,0-12 meses,Month-to-month,Electronic check,DSL,45.0,45.0,No,0.7789,Alto,45.0
6365-MTGZX,1,0,0,0,24,13-24 meses,Month-to-month,Electronic check,Fiber optic,96.0,2122.45,Yes,0.6623,Alto,96.0
1349-WXNGG,1,0,0,0,1,0-12 meses,Month-to-month,Bank transfer (automatic),No,20.05,20.05,Yes,0.5355,Medio,0.0
8058-DMYRU,1,1,0,0,54,49-72 meses,Month-to-month,Electronic check,Fiber optic,90.05,4931.8,No,0.6093,Alto,90.05
9350-ZXYJC,0,0,0,0,4,0-12 meses,Two year,Credit card (automatic),No,25.3,116.95,No,0.178,Bajo,0.0
6990-YNRIO,1,0,1,1,65,49-72 meses,Two year,Bank transfer (automatic),Fiber optic,108.65,6937.95,Yes,0.2751,Bajo,0.0
8958-JPTRR,0,0,1,0,56,49-72 meses,One year,Electronic check,No,24.3,1261.7,No,0.1308,Bajo,0.0
6959-GQEGV,1,0,0,0,45,25-48 meses,Month-to-month,Electronic check,DSL,75.95,3273.8,No,0.3378,Medio,0.0
3173-WSSUE,0,0,1,1,71,49-72 meses,Two year,Credit card (automatic),No,19.7,1415.85,No,0.0189,Bajo,0.0
1265-HVPZB,1,0,1,0,59,49-72 meses,One year,Credit card (automatic),DSL,66.4,3958.2,No,0.1813,Bajo,0.0
4115-UMJFQ,1,0,0,0,69,49-72 meses,One year,Bank transfer (automatic),DSL,35.75,2492.25,No,0.3016,Medio,0.0
7369-TRPFD,1,0,0,0,19,13-24 meses,One year,Mailed check,No,18.8,279.2,No,0.0659,Bajo,0.0
1098-KFQEC,0,0,1,1,55,49-72 meses,Two year,Credit card (automatic),No,19.4,1083.0,No,0.0418,Bajo,0.0
7190-XHTWJ,0,0,0,0,38,25-48 meses,One year,Mailed check,No,19.3,755.5,No,0.0537,Bajo,0.0
0621-TWIEM,1,0,0,0,10,0-12 meses,Month-to-month,Electronic check,DSL,45.55,402.6,Yes,0.6677,Alto,45.55
3537-RYBHH,0,1,1,0,47,25-48 meses,Month-to-month,Credit card (automatic),DSL,67.45,3252.0,No,0.3001,Medio,0.0
2485-ITVKB,0,0,1,0,2,0-12 meses,Month-to-month,Electronic check,DSL,35.1,68.75,Yes,0.7935,Alto,35.1
3669-OYSJI,1,0,0,0,1,0-12 meses,Month-to-month,Credit card (automatic),DSL,46.2,46.2,Yes,0.705,Alto,46.2
1612-EOHDH,0,0,0,0,1,0-12 meses,Month-to-month,Electronic check,DSL,45.15,45.15,Yes,0.7537,Alto,45.15
6702-OHFWR,1,1,0,0,1,0-12 meses,Month-to-month,Electronic check,DSL,43.3,43.3,Yes,0.7966,Alto,43.3
5296-BFCYD,1,0,1,1,46,25-48 meses,Two year,Mailed check,No,20.1,936.85,No,0.0336,Bajo,0.0
4510-PYUSH,0,1,0,0,38,25-48 meses,Month-to-month,Credit card (automatic),DSL,57.15,2250.65,Yes,0.3746,Medio,0.0
9359-JANWS,0,0,1,0,65,49-72 meses,Two year,Credit card (automatic),DSL,58.9,3857.1,No,0.0844,Bajo,0.0
7517-SAWMO,0,0,1,0,19,13-24 meses,Month-to-month,Electronic check,Fiber optic,73.2,1441.1,Yes,0.6502,Alto,73.2
4143-HHPMK,1,0,0,0,52,49-72 meses,Month-to-month,Electronic check,Fiber optic,85.35,4338.6,Yes,0.5942,Medio,0.0
3279-DYZQM,1,0,1,1,71,49-72 meses,Two year,Mailed check,No,19.45,1378.45,No,0.0317,Bajo,0.0
7054-LGEQW,0,0,0,0,1,0-12 meses,Month-to-month,Mailed check,DSL,45.95,45.95,Yes,0.7229,Alto,45.95
0523-VNGTF,0,1,0,0,52,49-72 meses,Month-to-month,Electronic check,DSL,50.5,2566.3,No,0.3744,Medio,0.0
9575-IWCAZ,1,0,1,0,6,0-12 meses,One year,Mailed check,No,25.1,171.0,No,0.165,Bajo,0.0
7105-MXJLL,0,1,1,0,26,25-48 meses,One year,Mailed check,DSL,60.7,1597.4,No,0.2941,Bajo,0.0
7064-FRRSW,1,1,0,0,48,25-48 meses,One year,Electronic check,Fiber optic,99.0,4744.35,No,0.5584,Medio,0.0
7940-UQQUG,0,0,1,1,64,49-72 meses,One year,Bank transfer (automatic),Fiber optic,104.4,6721.6,No,0.341,Medio,0.0
0923-PNFUB,0,0,0,0,3,0-12 meses,Month-to-month,Electronic check,Fiber optic,83.75,247.25,Yes,0.8106,Alto,83.75
3961-SXAXY,1,0,0,0,1,0-12 meses,Month-to-month,Bank transfer (automatic),DSL,44.05,44.05,No,0.747,Alto,44.05
7010-BRBUU,1,0,1,1,72,49-72 meses,Two year,Credit card (automatic),No,24.1,1734.65,No,0.0151,Bajo,0.0
3566-HJGPK,1,0,0,0,1,0-12 meses,Month-to-month,Mailed check,DSL,45.55,45.55,No,0.7566,Alto,45.55
3062-ICYZQ,0,0,1,1,51,49-72 meses,Month-to-month,Electronic check,Fiber optic,93.8,4539.35,No,0.5126,Medio,0.0
9938-PRCVK,0,0,1,1,41,25-48 meses,Two year,Bank transfer (automatic),No,19.7,804.25,No,0.0305,Bajo,0.0
0973-KYVNF,0,0,1,1,72,49-72 meses,Two year,Credit card (automatic),DSL,70.65,5011.15,No,0.0803,Bajo,0.0
5129-HHMZC,0,0,1,0,43,25-48 meses,Two year,Credit card (automatic),DSL,86.45,3574.5,No,0.1031,Bajo,0.0
9637-CDTKZ,1,0,1,0,72,49-72 meses,Two year,Credit card (automatic),Fiber optic,114.1,8086.4,No,0.0929,Bajo,0.0
3946-JEWRQ,1,0,1,0,47,25-48 meses,One year,Credit card (automatic),Fiber optic,95.2,4563.0,No,0.4734,Medio,0.0
7873-CVMAW,1,0,0,0,72,49-72 meses,Two year,Credit card (automatic),DSL,88.55,6362.35,No,0.0389,Bajo,0.0
0463-WZZKO,1,0,0,0,3,0-12 meses,Month-to-month,Credit card (automatic),No,20.75,67.1,No,0.2432,Bajo,0.0
3494-JCHRQ,1,0,0,0,1,0-12 meses,Month-to-month,Electronic check,Fiber optic,70.05,70.05,Yes,0.891,Alto,70.05
6474-FVJLC,1,0,0,0,2,0-12 meses,Month-to-month,Electronic check,Fiber optic,86.0,165.45,Yes,0.8972,Alto,86.0
4524-QCSSM,1,0,0,0,26,25-48 meses,Month-to-month,Bank transfer (automatic),DSL,44.65,1156.55,No,0.3778,Medio,0.0
5832-EXGTT,1,0,1,1,29,25-48 meses,Month-to-month,Mailed check,DSL,60.2,1834.15,No,0.2378,Bajo,0.0
8840-DQLGN,0,1,1,0,35,25-48 meses,Month-to-month,Bank transfer (automatic),Fiber optic,100.5,3653.35,Yes,0.4905,Medio,0.0
2039-JONDJ,1,0,0,0,27,25-48 meses,One year,Bank transfer (automatic),DSL,55.45,1477.65,No,0.1838,Bajo,0.0
7217-JYHOQ,1,0,1,1,24,13-24 meses,Month-to-month,Credit card (automatic),DSL,70.3,1706.45,No,0.2471,Bajo,0.0
6695-FRVEC,1,0,1,1,67,49-72 meses,Two year,Bank transfer (automatic),DSL,60.4,3953.7,No,0.0538,Bajo,0.0
4547-LYTDD,0,0,0,0,16,13-24 meses,Month-to-month,Electronic check,Fiber optic,72.65,1194.3,Yes,0.6608,Alto,72.65
9894-QMIMJ,0,0,0,0,23,13-24 meses,One year,Bank transfer (automatic),DSL,55.8,1327.85,No,0.2593,Bajo,0.0
8069-YQQAJ,1,0,0,0,14,13-24 meses,Month-to-month,Mailed check,DSL,31.1,419.7,No,0.4587,Medio,0.0
6770-XUAGN,0,0,1,1,1,0-12 meses,Month-to-month,Electronic check,No,21.0,21.0,Yes,0.4464,Medio,0.0
4193-ORFCL,0,1,0,0,1,0-12 meses,Month-to-month,Mailed check,DSL,45.1,45.1,Yes,0.727,Alto,45.1
1636-NTNCO,1,1,0,0,4,0-12 meses,Month-to-month,Credit card (automatic),DSL,50.95,207.35,No,0.6538,Alto,50.95
3466-WAESX,1,0,0,1,16,13-24 meses,Month-to-month,Electronic check,DSL,69.1,1083.7,No,0.5025,Medio,0.0
9281-PKKZE,0,0,1,0,46,25-48 meses,Month-to-month,Electronic check,DSL,43.95,2007.85,No,0.4533,Medio,0.0
3638-VBZTA,1,0,0,1,68,49-72 meses,Two year,Bank transfer (automatic),DSL,86.5,5882.75,No,0.0509,Bajo,0.0
7459-IMVYU,1,0,0,0,38,25-48 meses,Month-to-month,Electronic check,DSL,69.95,2657.55,No,0.2616,Bajo,0.0
7776-QWNFX,1,1,1,0,30,25-48 meses,Month-to-month,Bank transfer (automatic),DSL,50.4,1527.5,Yes,0.3844,Medio,0.0
6689-TCZHQ,0,1,0,0,5,0-12 meses,Month-to-month,Electronic check,Fiber optic,78.95,378.4,Yes,0.8296,Alto,78.95
8563-OYMQY,1,0,0,0,17,13-24 meses,Month-to-month,Credit card (automatic),Fiber optic,90.95,1612.2,No,0.6147,Alto,90.95
0754-EEBDC,1,0,1,1,4,0-12 meses,Two year,Mailed check,No,19.9,76.65,No,0.1127,Bajo,0.0
5777-ZPQNC,0,0,0,0,12,0-12 meses,One year,Electronic check,No,20.15,260.7,No,0.1702,Bajo,0.0
1951-IEYXM,1,0,1,1,72,49-72 meses,Two year,Credit card (automatic),DSL,90.6,6441.85,No,0.026,Bajo,0.0
3318-NMQXL,1,0,0,0,3,0-12 meses,Month-to-month,Electronic check,Fiber optic,92.0,266.8,No,0.8742,Alto,92.0
3143-ILDAL,1,0,0,0,56,49-72 meses,Month-to-month,Electronic check,Fiber optic,94.45,5124.6,Yes,0.5298,Medio,0.0
1022-RKXDR,0,0,0,0,41,25-48 meses,One year,Mailed check,No,24.85,962.25,No,0.0872,Bajo,0.0
2361-FJWNO,1,0,0,0,40,25-48 meses,One year,Credit card (automatic),DSL,36.0,1382.9,No,0.2416,Bajo,0.0
2272-UOINI,0,0,0,0,7,0-12 meses,Month-to-month,Electronic check,DSL,78.5,571.05,No,0.5741,Medio,0.0
8232-UTFOZ,1,0,0,0,69,49-72 meses,Two year,Credit card (automatic),No,19.95,1399.35,No,0.0373,Bajo,0.0
3750-YHRYO,1,0,1,1,7,0-12 meses,One year,Mailed check,No,20.65,150.0,No,0.1342,Bajo,0.0
6637-KYRCV,0,0,1,1,5,0-12 meses,Month-to-month,Electronic check,DSL,30.5,167.2,No,0.6621,Alto,30.5
5668-MEISB,0,0,1,1,72,49-72 meses,Two year,Credit card (automatic),Fiber optic,106.1,7657.4,No,0.1216,Bajo,0.0
0129-QMPDR,1,0,1,1,44,25-48 meses,One year,Bank transfer (automatic),No,20.5,865.05,No,0.0433,Bajo,0.0
7188-CBBBA,0,0,0,0,65,49-72 meses,One year,Electronic check,Fiber optic,95.5,6153.85,No,0.4708,Medio,0.0
5356-CSVSQ,0,0,0,0,3,0-12 meses,Month-to-month,Electronic check,DSL,64.6,174.2,No,0.6302,Alto,64.6
3221-CJMSG,1,0,0,0,24,13-24 meses,Month-to-month,Credit card (automatic),DSL,51.1,1269.6,No,0.2941,Bajo,0.0
4720-VSTSI,0,0,0,0,44,25-48 meses,Month-to-month,Bank transfer (automatic),Fiber optic,84.8,3862.55,Yes,0.5298,Medio,0.0
3219-JQRSL,0,1,1,0,72,49-72 meses,Two year,Credit card (automatic),DSL,89.1,6352.4,No,0.0573,Bajo,0.0
2801-NISEI,1,0,0,0,24,13-24 meses,Month-to-month,Electronic check,DSL,54.95,1348.5,No,0.2849,Bajo,0.0
3946-MHCZW,1,0,0,0,1,0-12 meses,Month-to-month,Mailed check,DSL,50.9,50.9,Yes,0.7075,Alto,50.9
4623-ZKHLY,1,0,1,0,22,13-24 meses,Month-to-month,Bank transfer (automatic),No,20.45,471.55,No,0.1288,Bajo,0.0
6732-VAILE,1,0,1,1,70,49-72 meses,Two year,Credit card (automatic),DSL,85.95,5931.75,No,0.0682,Bajo,0.0
8201-AAXCB,1,0,1,1,25,25-48 meses,Month-to-month,Electronic check,DSL,60.35,1404.65,No,0.3813,Medio,0.0
7696-CFTAT,1,0,1,1,37,25-48 meses,Two year,Bank transfer (automatic),No,19.8,726.1,No,0.0241,Bajo,0.0
1845-CSBRZ,0,1,1,1,22,13-24 meses,Month-to-month,Bank transfer (automatic),Fiber optic,85.35,1961.6,No,0.5901,Medio,0.0
2123-VSCOT,0,0,1,1,59,49-72 meses,Two year,Bank transfer (automatic),DSL,72.1,4194.85,No,0.0734,Bajo,0.0
6651-AZVTJ,1,0,1,1,49,49-72 meses,Month-to-month,Electronic check,Fiber optic,99.8,4872.45,Yes,0.6717,Alto,99.8
4566-GOLUK,1,0,1,1,47,25-48 meses,Month-to-month,Bank transfer (automatic),Fiber optic,107.35,5118.95,Yes,0.5363,Medio,0.0
2484-DGXPZ,0,0,1,1,31,25-48 meses,Month-to-month,Mailed check,No,19.55,658.95,Yes,0.1323,Bajo,0.0
2018-QKYGT,1,0,1,1,1,0-12 meses,Month-to-month,Electronic check,Fiber optic,81.05,81.05,No,0.8862,Alto,81.05
2792-VPPET,1,0,0,0,3,0-12 meses,Month-to-month,Electronic check,No,20.5,76.95,No,0.2499,Bajo,0.0
7409-JURKQ,0,0,1,0,53,49-72 meses,One year,Bank transfer (automatic),Fiber optic,111.8,5809.75,No,0.4064,Medio,0.0
3247-MHJKM,1,0,0,0,1,0-12 meses,Month-to-month,Mailed check,No,20.2,20.2,No,0.5594,Medio,0.0
1964-SVLEA,1,0,0,0,20,13-24 meses,One year,Mailed check,No,19.7,415.9,No,0.074,Bajo,0.0
4587-NUKOX,0,0,0,0,3,0-12 meses,Month-to-month,Electronic check,Fiber optic,79.1,246.5,Yes,0.7593,Alto,79.1
7297-DVYGA,0,0,0,0,51,49-72 meses,One year,Bank transfer (automatic),No,19.85,996.95,No,0.0649,Bajo,0.0
2239-CGBUZ,0,0,1,0,51,49-72 meses,One year,Bank transfer (automatic),DSL,60.5,3145.15,No,0.1303,Bajo,0.0
0854-UYHZD,0,0,1,1,13,13-24 meses,Two year,Mailed check,No,19.55,265.3,No,0.0503,Bajo,0.0
7243-LCGGZ,0,0,0,0,1,0-12 meses,Month-to-month,Mailed check,No,20.9,20.9,No,0.5401,Medio,0.0
8267-KFGYD,1,0,0,1,1,0-12 meses,Month-to-month,Mailed check,No,21.05,21.05,No,0.4596,Medio,0.0
4890-VMUAV,1,0,0,0,63,49-72 meses,One year,Electronic check,DSL,71.5,4576.3,No,0.171,Bajo,0.0
9261-WDCAF,1,0,0,0,3,0-12 meses,Month-to-month,Mailed check,DSL,54.65,189.1,No,0.6527,Alto,54.65
3764-MNMOI,1,0,0,0,46,25-48 meses,Two year,Credit card (automatic),No,19.2,908.15,No,0.0428,Bajo,0.0
7442-YGZFK,1,0,0,0,1,0-12 meses,Month-to-month,Credit card (automatic),DSL,49.8,49.8,No,0.7137,Alto,49.8
0420-BWTPW,1,0,0,1,8,0-12 meses,Month-to-month,Mailed check,DSL,25.5,215.2,Yes,0.5541,Medio,0.0
8229-BUJHX,0,0,1,1,71,49-72 meses,Two year,Bank transfer (automatic),No,20.5,1500.95,No,0.0148,Bajo,0.0
7449-HVPIV,1,0,1,1,55,49-72 meses,Month-to-month,Credit card (automatic),Fiber optic,90.4,5099.15,No,0.46,Medio,0.0
5504-WSIUR,0,0,0,0,70,49-72 meses,One year,Bank transfer (automatic),Fiber optic,90.25,6385.95,No,0.2856,Bajo,0.0
8183-ONMXC,0,0,0,0,2,0-12 meses,Month-to-month,Electronic check,Fiber optic,80.75,159.45,Yes,0.8463,Alto,80.75
8466-PZBLH,1,0,1,1,67,49-72 meses,Two year,Bank transfer (automatic),Fiber optic,104.6,6885.75,No,0.2349,Bajo,0.0
9614-RMGHA,1,0,1,0,65,49-72 meses,Month-to-month,Bank transfer (automatic),Fiber optic,91.85,5940.85,Yes,0.4694,Medio,0.0
8735-IJJEG,1,0,1,0,14,13-24 meses,Month-to-month,Credit card (automatic),DSL,50.2,668.85,No,0.3938,Medio,0.0
0564-MUUQK,0,0,1,1,20,13-24 meses,Month-to-month,Bank transfer (automatic),Fiber optic,95.5,1916.2,No,0.5883,Medio,0.0
5054-IEXZT,1,0,0,1,1,0-12 meses,Month-to-month,Electronic check,Fiber optic,75.35,75.35,Yes,0.8749,Alto,75.35
5834-ASPWA,1,0,0,0,1,0-12 meses,Month-to-month,Electronic check,Fiber optic,75.45,75.45,Yes,0.9071,Alto,75.45
0701-RFGFI,0,0,1,1,49,49-72 meses,Month-to-month,Bank transfer (automatic),Fiber optic,95.4,4613.95,No,0.5712,Medio,0.0
0019-EFAEP,0,0,0,0,72,49-72 meses,Two year,Bank transfer (automatic),Fiber optic,101.3,7261.25,No,0.1564,Bajo,0.0
5619-PTMIK,0,0,1,0,46,25-48 meses,Month-to-month,Electronic check,DSL,53.1,2459.8,No,0.3084,Medio,0.0
3737-XBQDD,1,0,0,0,24,13-24 meses,Month-to-month,Bank transfer (automatic),Fiber optic,84.85,2048.8,No,0.6045,Alto,84.85
5882-CMAZQ,0,0,1,1,5,0-12 meses,Month-to-month,Electronic check,DSL,34.25,163.55,No,0.5897,Medio,0.0
5846-QFDFI,0,0,1,1,33,25-48 meses,Month-to-month,Credit card (automatic),Fiber optic,88.6,2888.7,No,0.4198,Medio,0.0
4445-KWOKW,0,0,0,0,42,25-48 meses,One year,Bank transfer (automatic),DSL,60.15,2421.6,No,0.1966,Bajo,0.0
3511-APPBJ,1,0,0,0,23,13-24 meses,One year,Credit card (automatic),Fiber optic,99.95,2292.75,No,0.5091,Medio,0.0
7967-HYCDE,1,0,0,0,8,0-12 meses,Month-to-month,Bank transfer (automatic),Fiber optic,70.7,553.4,No,0.7298,Alto,70.7
2430-RRYUW,1,0,0,0,66,49-72 meses,One year,Mailed check,DSL,54.8,3465.7,No,0.1659,Bajo,0.0
3948-XHGNA,1,0,0,0,24,13-24 meses,Month-to-month,Bank transfer (automatic),DSL,49.55,1210.4,Yes,0.3534,Medio,0.0
3723-BFBGR,1,1,0,0,24,13-24 meses,Month-to-month,Credit card (automatic),DSL,54.8,1291.3,No,0.3609,Medio,0.0
0565-IYCGT,1,0,0,0,69,49-72 meses,One year,Credit card (automatic),DSL,78.6,5356.45,Yes,0.2361,Bajo,0.0
5447-WZAFP,0,0,0,0,53,49-72 meses,One year,Mailed check,Fiber optic,100.3,5200.8,No,0.4644,Medio,0.0
5110-CHOPY,0,0,0,0,60,49-72 meses,Two year,Electronic check,DSL,53.6,3237.05,No,0.2209,Bajo,0.0
5445-UTODQ,0,0,1,0,7,0-12 meses,Month-to-month,Electronic check,Fiber optic,81.1,576.65,Yes,0.8525,Alto,81.1
4425-OWHWB,0,0,0,0,20,13-24 meses,One year,Credit card (automatic),No,19.35,433.75,No,0.0804,Bajo,0.0
7892-QVYKW,0,0,1,1,23,13-24 meses,Month-to-month,Electronic check,Fiber optic,85.6,1868.4,No,0.6602,Alto,85.6
9675-ICXCT,1,0,1,1,72,49-72 meses,Two year,Electronic check,DSL,80.8,5728.55,No,0.1124,Bajo,0.0
1024-VRZHF,1,0,1,0,11,0-12 meses,Month-to-month,Electronic check,Fiber optic,74.95,825.7,Yes,0.7956,Alto,74.95
4703-MQYKT,1,0,0,0,21,13-24 meses,Two year,Mailed check,No,19.6,390.4,No,0.0626,Bajo,0.0
9497-QCMMS,1,1,0,0,1,0-12 meses,Month-to-month,Electronic check,Fiber optic,93.55,93.55,Yes,0.932,Alto,93.55
5692-ICXLW,1,1,0,0,31,25-48 meses,Month-to-month,Electronic check,Fiber optic,90.7,2845.15,No,0.7095,Alto,90.7
0602-DDUML,0,0,0,0,57,49-72 meses,Two year,Mailed check,DSL,69.75,3894.4,No,0.0643,Bajo,0.0
2208-MPXIO,0,0,1,1,45,25-48 meses,Two year,Bank transfer (automatic),No,20.0,886.4,No,0.0335,Bajo,0.0
1960-UYCNN,1,0,0,0,10,0-12 meses,Month-to-month,Electronic check,Fiber optic,95.25,1021.55,No,0.8544,Alto,95.25
0348-SDKOL,0,0,1,0,58,49-72 meses,Month-to-month,Credit card (automatic),Fiber optic,102.1,5885.4,Yes,0.477,Medio,0.0
3190-FZATL,1,0,0,1,14,13-24 meses,Month-to-month,Mailed check,No,19.95,268.4,No,0.1587,Bajo,0.0
7336-RLLRH,1,0,1,0,27,25-48 meses,One year,Mailed check,DSL,80.85,2204.35,No,0.2083,Bajo,0.0
4373-MAVJG,0,0,1,1,14,13-24 meses,Month-to-month,Bank transfer (automatic),Fiber optic,90.9,1259.0,Yes,0.7325,Alto,90.9
8901-HJXTF,0,0,1,1,12,0-12 meses,Month-to-month,Mailed check,DSL,29.2,309.1,Yes,0.4308,Medio,0.0
7710-JSYOA,0,0,1,1,69,49-72 meses,Two year,Bank transfer (automatic),Fiber optic,93.3,6398.05,No,0.1856,Bajo,0.0
5419-KLXBN,0,0,1,1,25,25-48 meses,Month-to-month,Bank transfer (automatic),Fiber optic,89.15,2257.75,Yes,0.5876,Medio,0.0
3424-NMNBO,1,1,1,0,58,49-72 meses,One year,Electronic check,Fiber optic,108.85,6287.25,Yes,0.4894,Medio,0.0
9885-MFVSU,0,0,1,1,35,25-48 meses,Two year,Credit card (automatic),DSL,46.35,1662.05,No,0.0852,Bajo,0.0
4514-GFCFI,0,1,0,0,16,13-24 meses,Month-to-month,Electronic check,Fiber optic,84.75,1350.15,Yes,0.7873,Alto,84.75
0607-MVMGC,1,0,1,1,45,25-48 meses,One year,Credit card (automatic),DSL,78.75,3600.65,No,0.2231,Bajo,0.0
3365-SAIGS,0,0,0,0,17,13-24 meses,Month-to-month,Electronic check,Fiber optic,83.55,1329.15,No,0.7358,Alto,83.55
9828-AOQLM,0,0,1,1,1,0-12 meses,Month-to-month,Electronic check,DSL,45.7,45.7,Yes,0.76,Alto,45.7
8022-BECSI,1,0,0,0,22,13-24 meses,One year,Mailed check,No,19.6,422.5,No,0.0493,Bajo,0.0
8000-REIQB,0,1,0,0,1,0-12 meses,Month-to-month,Electronic check,Fiber optic,69.95,69.95,Yes,0.8902,Alto,69.95
9993-LHIEB,1,0,1,1,67,49-72 meses,Two year,Mailed check,DSL,67.85,4627.65,No,0.0584,Bajo,0.0
0266-CLZKZ,0,0,1,1,67,49-72 meses,Two year,Bank transfer (automatic),Fiber optic,105.65,6717.9,No,0.2784,Bajo,0.0
7615-ESMYF,0,0,1,0,2,0-12 meses,Month-to-month,Electronic check,DSL,44.6,97.1,Yes,0.7461,Alto,44.6
3858-VOBET,1,0,0,0,23,13-24 meses,Month-to-month,Electronic check,Fiber optic,74.95,1710.45,Yes,0.705,Alto,74.95
7020-OZKXZ,0,1,0,0,9,0-12 meses,Month-to-month,Credit card (automatic),Fiber optic,75.5,637.4,No,0.7037,Alto,75.5
3977-QCRSL,0,0,0,0,5,0-12 meses,Month-to-month,Mailed check,No,20.15,117.95,No,0.2692,Bajo,0.0
0017-DINOC,1,0,0,0,54,49-72 meses,Two year,Credit card (automatic),DSL,45.2,2460.55,No,0.0828,Bajo,0.0
1447-PJGGA,0,0,0,0,57,49-72 meses,Two year,Electronic check,Fiber optic,95.25,5464.65,Yes,0.3465,Medio,0.0
8565-CLBZW,1,0,0,0,24,13-24 meses,Month-to-month,Mailed check,Fiber optic,89.85,2165.05,Yes,0.6165,Alto,89.85
9139-WQQDY,0,0,1,1,49,49-72 meses,One year,Mailed check,Fiber optic,100.45,4941.8,Yes,0.4242,Medio,0.0
0224-HJAPT,1,0,0,0,5,0-12 meses,Month-to-month,Electronic check,DSL,47.15,223.15,Yes,0.7186,Alto,47.15
8086-OVPWV,1,0,0,0,2,0-12 meses,Month-to-month,Electronic check,Fiber optic,80.2,181.1,Yes,0.8623,Alto,80.2
9430-FRQOC,0,0,0,1,4,0-12 meses,Month-to-month,Mailed check,Fiber optic,87.1,341.45,Yes,0.8095,Alto,87.1
7639-OPLNG,1,0,1,1,70,49-72 meses,Two year,Bank transfer (automatic),DSL,79.25,5731.85,No,0.0592,Bajo,0.0
3074-GQWYX,1,0,0,0,5,0-12 meses,Month-to-month,Bank transfer (automatic),Fiber optic,75.9,357.75,Yes,0.8444,Alto,75.9
1492-QGCLU,1,0,1,1,53,49-72 meses,Month-to-month,Electronic check,DSL,85.7,4616.1,No,0.2841,Bajo,0.0
6845-RGTYS,0,0,1,0,47,25-48 meses,Month-to-month,Electronic check,Fiber optic,98.75,4533.7,Yes,0.5822,Medio,0.0
7328-OWMOM,0,0,0,1,31,25-48 meses,One year,Credit card (automatic),No,20.1,589.25,No,0.0582,Bajo,0.0
4418-LZMSV,1,0,1,1,13,13-24 meses,Month-to-month,Bank transfer (automatic),DSL,61.8,750.1,No,0.324,Medio,0.0
5155-AZQPB,0,0,1,1,28,25-48 meses,Month-to-month,Mailed check,DSL,49.9,1410.25,No,0.2665,Bajo,0.0
8861-HGGKB,0,0,0,0,10,0-12 meses,Month-to-month,Electronic check,Fiber optic,86.45,830.85,Yes,0.8111,Alto,86.45
1087-GRUYI,1,0,1,0,38,25-48 meses,Two year,Bank transfer (automatic),No,20.4,743.5,No,0.0304,Bajo,0.0
7065-YUNRY,0,0,0,0,1,0-12 meses,Month-to-month,Mailed check,DSL,45.3,45.3,Yes,0.7563,Alto,45.3
7694-VLBWQ,1,0,1,0,67,49-72 meses,One year,Electronic check,Fiber optic,104.1,7040.85,Yes,0.4801,Medio,0.0
2546-KZAAT,1,0,1,0,52,49-72 meses,One year,Mailed check,DSL,75.4,3865.45,No,0.2031,Bajo,0.0
0181-RITDD,1,0,1,1,62,49-72 meses,Two year,Mailed check,Fiber optic,108.15,6825.65,No,0.2118,Bajo,0.0
5989-PGKJB,0,0,0,0,16,13-24 meses,Month-to-month,Electronic check,Fiber optic,86.25,1340.1,No,0.7369,Alto,86.25
4795-KTRTH,0,1,1,0,5,0-12 meses,Month-to-month,Electronic check,Fiber optic,81.0,371.65,Yes,0.8709,Alto,81.0
8272-ONJLV,1,0,0,0,12,0-12 meses,One year,Electronic check,Fiber optic,95.7,1184.0,No,0.6121,Alto,95.7
1488-PBLJN,0,0,1,1,72,49-72 meses,Two year,Bank transfer (automatic),Fiber optic,116.85,8477.7,No,0.096,Bajo,0.0
0308-GIQJT,1,1,0,0,71,49-72 meses,One year,Bank transfer (automatic),Fiber optic,105.75,7382.85,No,0.397,Medio,0.0
3778-FOAQW,0,0,1,0,24,13-24 meses,One year,Mailed check,No,20.15,456.85,No,0.0565,Bajo,0.0
4452-ROHMO,0,0,0,0,15,13-24 meses,Two year,Mailed check,No,19.6,331.6,No,0.0879,Bajo,0.0
6481-OGDOO,1,0,1,0,67,49-72 meses,One year,Credit card (automatic),Fiber optic,90.6,6056.15,Yes,0.3458,Medio,0.0
3090-LETTY,1,0,0,1,2,0-12 meses,Month-to-month,Bank transfer (automatic),DSL,60.95,134.6,No,0.482,Medio,0.0
5349-AZPEW,0,0,1,1,5,0-12 meses,Month-to-month,Mailed check,DSL,25.05,125.5,No,0.5847,Medio,0.0
3753-TSEMP,0,0,1,0,15,13-24 meses,Month-to-month,Electronic check,Fiber optic,88.15,1390.6,Yes,0.7021,Alto,88.15
8305-VHZBZ,1,0,0,0,1,0-12 meses,Month-to-month,Mailed check,No,20.2,20.2,Yes,0.5853,Medio,0.0
9720-JJJOR,1,0,1,1,41,25-48 meses,One year,Bank transfer (automatic),DSL,60.3,2511.3,No,0.2096,Bajo,0.0
8100-HZZLJ,0,0,0,1,43,25-48 meses,Month-to-month,Electronic check,DSL,63.95,2737.05,No,0.327,Medio,0.0
8775-ERLNB,1,1,1,0,1,0-12 meses,Month-to-month,Electronic check,Fiber optic,74.3,74.3,No,0.8446,Alto,74.3
8309-IEYJD,0,1,0,0,1,0-12 meses,Month-to-month,Mailed check,Fiber optic,70.6,70.6,No,0.8783,Alto,70.6
9172-JITSM,0,0,1,1,26,25-48 meses,Month-to-month,Electronic check,Fiber optic,90.8,2361.8,Yes,0.6963,Alto,90.8
6298-QDFNH,1,0,0,0,22,13-24 meses,Month-to-month,Electronic check,Fiber optic,79.35,1730.35,Yes,0.744,Alto,79.35
7398-HPYZQ,1,0,1,0,71,49-72 meses,Two year,Bank transfer (automatic),DSL,90.55,6404.0,No,0.0337,Bajo,0.0
3546-GHEAE,1,0,0,0,7,0-12 meses,Two year,Mailed check,No,19.45,165.35,No,0.1075,Bajo,0.0
7361-YPXFS,0,1,0,0,28,25-48 meses,Month-to-month,Bank transfer (automatic),DSL,64.45,1867.6,No,0.2641,Bajo,0.0
6557-BZXLQ,1,1,0,0,16,13-24 meses,Month-to-month,Electronic check,Fiber optic,69.65,1043.3,No,0.6645,Alto,69.65
2550-QHZGP,1,0,0,0,7,0-12 meses,One year,Mailed check,No,19.5,128.6,No,0.1117,Bajo,0.0
7519-JTWQH,0,0,0,0,69,49-72 meses,Two year,Bank transfer (automatic),Fiber optic,110.5,7455.45,No,0.2788,Bajo,0.0
2538-OIMXF,0,0,0,1,1,0-12 meses,Month-to-month,Mailed check,DSL,24.7,24.7,No,0.6889,Alto,24.7
8543-MSDMF,1,0,0,0,3,0-12 meses,Month-to-month,Electronic check,DSL,77.4,206.15,No,0.6634,Alto,77.4
9961-JBNMK,1,1,0,0,21,13-24 meses,Month-to-month,Bank transfer (automatic),Fiber optic,96.8,2030.3,Yes,0.6878,Alto,96.8
1170-SASML,0,0,1,0,69,49-72 meses,Month-to-month,Bank transfer (automatic),Fiber optic,85.4,5869.4,No,0.4173,Medio,0.0
4872-JCVCA,0,0,1,0,71,49-72 meses,Two year,Bank transfer (automatic),DSL,47.6,3377.8,No,0.0569,Bajo,0.0
5346-BZCHP,0,0,1,1,69,49-72 meses,Two year,Mailed check,No,19.4,1346.2,No,0.0345,Bajo,0.0
2038-LLMLM,0,0,0,0,48,25-48 meses,Month-to-month,Electronic check,Fiber optic,103.85,4946.05,No,0.6129,Alto,103.85
6173-ITPWD,1,0,1,0,47,25-48 meses,Month-to-month,Bank transfer (automatic),Fiber optic,83.35,4065.0,Yes,0.5213,Medio,0.0
9734-UYXQI,0,0,0,0,2,0-12 meses,Month-to-month,Electronic check,DSL,49.4,106.55,Yes,0.7659,Alto,49.4
1216-BGTSP,1,0,0,0,45,25-48 meses,Month-to-month,Credit card (automatic),Fiber optic,108.45,4964.7,No,0.462,Medio,0.0
4138-NAXED,1,0,0,0,51,49-72 meses,Month-to-month,Bank transfer (automatic),Fiber optic,81.0,4085.75,No,0.4297,Medio,0.0
2189-UXTKY,0,0,1,0,22,13-24 meses,Month-to-month,Electronic check,DSL,79.2,1742.75,Yes,0.4621,Medio,0.0
0744-BIKKF,1,0,0,0,72,49-72 meses,Two year,Bank transfer (automatic),DSL,86.65,6224.8,No,0.0314,Bajo,0.0
7483-IQWIB,1,0,1,1,37,25-48 meses,Month-to-month,Electronic check,Fiber optic,92.95,3415.25,No,0.6286,Alto,92.95
5248-KWLAR,1,0,1,1,71,49-72 meses,Two year,Electronic check,DSL,90.35,6325.25,No,0.0984,Bajo,0.0
4958-GZWIY,1,0,1,1,7,0-12 meses,Month-to-month,Electronic check,DSL,48.7,340.25,Yes,0.6343,Alto,48.7
7996-MHXLW,0,0,0,0,66,49-72 meses,Two year,Credit card (automatic),No,25.15,1683.6,No,0.0584,Bajo,0.0
7833-PKIHD,1,0,1,1,51,49-72 meses,One year,Bank transfer (automatic),DSL,76.4,3966.3,No,0.174,Bajo,0.0
7061-OVMIM,0,0,1,1,30,25-48 meses,One year,Bank transfer (automatic),No,19.55,608.5,No,0.0768,Bajo,0.0
5153-RTHKF,0,0,0,0,34,25-48 meses,Month-to-month,Electronic check,Fiber optic,85.35,2896.6,No,0.6383,Alto,85.35
1852-QSWCD,1,0,1,1,64,49-72 meses,Two year,Mailed check,No,24.8,1514.85,No,0.0369,Bajo,0.0
4832-VRBMR,1,1,1,0,65,49-72 meses,One year,Bank transfer (automatic),Fiber optic,103.15,6792.45,No,0.4175,Medio,0.0
9079-LWTFD,1,0,0,0,47,25-48 meses,Month-to-month,Mailed check,Fiber optic,100.75,4669.2,No,0.3837,Medio,0.0
6356-ELRKD,0,0,0,0,1,0-12 meses,Month-to-month,Electronic check,Fiber optic,95.6,95.6,Yes,0.8502,Alto,95.6
8624-GIOUT,0,0,0,0,49,49-72 meses,Month-to-month,Credit card (automatic),DSL,59.75,2934.3,Yes,0.2865,Bajo,0.0
3392-EHMNK,0,0,1,1,67,49-72 meses,Two year,Credit card (automatic),Fiber optic,94.1,6302.8,No,0.172,Bajo,0.0
5986-WWXDV,1,0,0,1,39,25-48 meses,One year,Bank transfer (automatic),No,19.35,779.2,No,0.0551,Bajo,0.0
3061-BCKYI,1,0,0,0,14,13-24 meses,Month-to-month,Mailed check,No,19.9,283.75,No,0.193,Bajo,0.0
6179-GJPSO,0,1,0,0,43,25-48 meses,Month-to-month,Credit card (automatic),Fiber optic,108.15,4600.7,Yes,0.5099,Medio,0.0
7901-TBKJX,1,1,0,0,56,49-72 meses,Month-to-month,Electronic check,Fiber optic,101.05,5594.0,No,0.6829,Alto,101.05
7228-PAQPD,0,0,0,0,14,13-24 meses,One year,Credit card (automatic),DSL,59.1,772.85,No,0.3362,Medio,0.0
3177-LASXD,0,0,0,0,1,0-12 meses,Month-to-month,Electronic check,Fiber optic,71.35,71.35,Yes,0.8601,Alto,71.35
7746-QYVCO,1,0,1,1,16,13-24 meses,One year,Mailed check,DSL,55.85,857.8,No,0.2873,Bajo,0.0
5804-HYIEZ,1,0,1,1,70,49-72 meses,Month-to-month,Electronic check,Fiber optic,106.05,7554.05,No,0.4316,Medio,0.0
9919-FZDED,1,1,1,0,72,49-72 meses,Two year,Credit card (automatic),DSL,84.1,5981.65,No,0.1116,Bajo,0.0
5934-TSSAU,0,0,1,1,23,13-24 meses,Month-to-month,Credit card (automatic),Fiber optic,75.3,1702.9,No,0.5298,Medio,0.0
3486-KHMLI,1,0,0,1,21,13-24 meses,Month-to-month,Mailed check,No,24.7,467.15,No,0.1029,Bajo,0.0
4897-QSUYC,0,0,0,0,1,0-12 meses,Month-to-month,Mailed check,No,20.15,20.15,Yes,0.6083,Alto,20.15
1084-UQCHV,1,0,0,1,1,0-12 meses,Month-to-month,Bank transfer (automatic),Fiber optic,69.75,69.75,Yes,0.8369,Alto,69.75
8290-YWKHZ,0,1,1,0,32,25-48 meses,Month-to-month,Electronic check,Fiber optic,93.2,2931.0,Yes,0.7443,Alto,93.2
2955-BJZHG,1,0,1,1,17,13-24 meses,Month-to-month,Electronic check,Fiber optic,80.85,1400.85,Yes,0.6651,Alto,80.85
3806-DXQOM,0,0,0,0,4,0-12 meses,Month-to-month,Electronic check,DSL,33.65,137.85,Yes,0.6705,Alto,33.65
6784-XYJAE,0,0,0,0,36,25-48 meses,One year,Electronic check,DSL,55.8,1941.5,No,0.2609,Bajo,0.0
3933-DQPWX,0,0,0,0,50,49-72 meses,Two year,Credit card (automatic),DSL,39.7,1932.75,No,0.1346,Bajo,0.0
6661-EIPZC,0,0,1,1,48,25-48 meses,Month-to-month,Credit card (automatic),DSL,29.5,1423.05,No,0.2676,Bajo,0.0
8957-THMOA,0,0,0,1,50,49-72 meses,Two year,Credit card (automatic),No,20.15,970.85,No,0.0372,Bajo,0.0
2251-PYLPB,1,0,1,0,72,49-72 meses,Two year,Credit card (automatic),DSL,79.55,5810.9,No,0.0525,Bajo,0.0
5555-RNPGT,1,0,0,1,10,0-12 meses,Month-to-month,Credit card (automatic),No,24.8,223.9,No,0.1964,Bajo,0.0
1057-FOGLZ,0,0,0,0,18,13-24 meses,Month-to-month,Mailed check,No,19.65,391.7,No,0.1621,Bajo,0.0
9300-RENDD,1,0,0,0,1,0-12 meses,Month-to-month,Electronic check,Fiber optic,79.95,79.95,Yes,0.9106,Alto,79.95
0761-AETCS,0,0,0,0,1,0-12 meses,Month-to-month,Electronic check,No,19.3,19.3,Yes,0.4502,Medio,0.0
8087-LGYHQ,1,0,0,0,9,0-12 meses,Month-to-month,Electronic check,Fiber optic,94.05,811.65,No,0.8453,Alto,94.05
4137-BTIKL,1,0,0,0,2,0-12 meses,Month-to-month,Mailed check,Fiber optic,90.75,174.75,No,0.7196,Alto,90.75
2190-BCXEC,0,0,1,0,40,25-48 meses,Month-to-month,Credit card (automatic),Fiber optic,78.85,3126.85,No,0.4893,Medio,0.0
6227-FBDXH,1,0,1,0,69,49-72 meses,One year,Bank transfer (automatic),Fiber optic,99.5,6841.45,No,0.3699,Medio,0.0
2153-MREFK,0,0,1,0,37,25-48 meses,One year,Electronic check,Fiber optic,99.2,3754.6,Yes,0.5394,Medio,0.0
2911-WDXMV,1,0,0,1,18,13-24 meses,Month-to-month,Credit card (automatic),Fiber optic,80.55,1406.65,No,0.5982,Medio,0.0
7206-PQBBZ,1,1,1,0,11,0-12 meses,Month-to-month,Electronic check,Fiber optic,70.2,834.7,No,0.7531,Alto,70.2
3106-ULWFW,0,0,1,0,8,0-12 meses,Month-to-month,Credit card (automatic),Fiber optic,85.2,627.4,Yes,0.8303,Alto,85.2
0925-VYDLG,0,0,0,0,3,0-12 meses,Month-to-month,Electronic check,Fiber optic,75.25,242.0,Yes,0.8205,Alto,75.25
4547-FZJWE,1,0,1,1,55,49-72 meses,One year,Credit card (automatic),DSL,59.45,3157.0,No,0.1826,Bajo,0.0
7422-WNBTY,1,0,1,0,33,25-48 meses,Month-to-month,Electronic check,Fiber optic,93.35,3092.0,No,0.6792,Alto,93.35
0842-IWYCP,0,0,0,0,46,25-48 meses,Month-to-month,Bank transfer (automatic),DSL,44.95,2168.9,No,0.3094,Medio,0.0
3521-HTQTV,1,0,0,0,34,25-48 meses,Two year,Bank transfer (automatic),No,26.1,980.35,No,0.0685,Bajo,0.0
3744-ZBHON,0,0,0,0,3,0-12 meses,Month-to-month,Electronic check,No,20.2,65.95,No,0.2989,Bajo,0.0
3373-DIUUN,1,0,1,1,30,25-48 meses,Two year,Mailed check,No,21.25,711.9,No,0.0279,Bajo,0.0
8383-SGHJU,0,0,0,0,33,25-48 meses,One year,Electronic check,DSL,59.4,1952.8,No,0.2028,Bajo,0.0
7607-QKKTJ,1,0,1,1,45,25-48 meses,One year,Credit card (automatic),Fiber optic,95.0,4368.85,No,0.3943,Medio,0.0
7707-PYBBH,1,0,0,0,40,25-48 meses,Month-to-month,Mailed check,DSL,61.9,2647.1,No,0.2066,Bajo,0.0
8984-HPEMB,0,0,0,0,71,49-72 meses,Two year,Electronic check,Fiber optic,118.65,8477.6,No,0.1829,Bajo,0.0
4349-GFQHK,1,0,0,0,1,0-12 meses,Month-to-month,Electronic check,DSL,54.35,54.35,Yes,0.7454,Alto,54.35
4139-DETXS,0,0,1,1,72,49-72 meses,Two year,Bank transfer (automatic),DSL,64.45,4528.0,No,0.0327,Bajo,0.0
9779-DPNEJ,0,0,1,1,22,13-24 meses,Month-to-month,Electronic check,Fiber optic,80.15,1790.65,No,0.7067,Alto,80.15
9805-FILKB,1,0,1,1,46,25-48 meses,One year,Bank transfer (automatic),No,20.2,845.6,No,0.0489,Bajo,0.0
5793-YOLJN,0,0,1,1,55,49-72 meses,Two year,Mailed check,No,21.0,1210.3,No,0.0369,Bajo,0.0
0673-IGUQO,1,0,0,0,1,0-12 meses,Month-to-month,Mailed check,No,20.45,20.45,No,0.5318,Medio,0.0
4123-FCVCB,0,0,0,0,12,0-12 meses,One year,Mailed check,DSL,75.85,854.45,No,0.479,Medio,0.0
8819-IMISP,1,0,0,0,31,25-48 meses,Month-to-month,Electronic check,Fiber optic,80.45,2429.1,No,0.687,Alto,80.45
7802-EFKNY,1,0,1,0,5,0-12 meses,Month-to-month,Electronic check,DSL,24.95,100.4,Yes,0.756,Alto,24.95
8311-UEUAB,0,0,1,1,67,49-72 meses,Two year,Electronic check,DSL,75.5,5229.45,No,0.2137,Bajo,0.0
5858-EAFCZ,1,0,0,0,1,0-12 meses,Month-to-month,Mailed check,DSL,44.45,44.45,No,0.7175,Alto,44.45
8035-BUYVG,1,0,1,0,40,25-48 meses,One year,Electronic check,DSL,42.35,1716.45,Yes,0.3194,Medio,0.0
1163-ONYEY,1,0,1,1,41,25-48 meses,Month-to-month,Credit card (automatic),DSL,74.55,3023.55,No,0.2739,Bajo,0.0
9787-XVQIU,1,0,0,0,1,0-12 meses,Month-to-month,Electronic check,Fiber optic,75.3,75.3,Yes,0.9071,Alto,75.3
8945-MUQUF,1,0,0,0,51,49-72 meses,One year,Electronic check,Fiber optic,94.8,4837.6,Yes,0.4703,Medio,0.0
5656-MJEFC,1,0,1,1,42,25-48 meses,Two year,Credit card (automatic),DSL,48.15,2032.3,No,0.0786,Bajo,0.0
6082-OQFBA,1,0,1,1,23,13-24 meses,One year,Mailed check,No,19.65,436.9,No,0.0456,Bajo,0.0
8051-HJRLT,0,1,0,0,1,0-12 meses,Month-to-month,Electronic check,Fiber optic,70.55,70.55,Yes,0.8878,Alto,70.55
8974-OVACP,0,0,0,0,1,0-12 meses,Month-to-month,Mailed check,No,20.15,20.15,No,0.5801,Medio,0.0
4010-YLMVT,0,0,0,0,56,49-72 meses,Month-to-month,Credit card (automatic),Fiber optic,106.6,5893.95,No,0.471,Medio,0.0
1379-FRVEB,1,0,0,1,15,13-24 meses,Month-to-month,Electronic check,Fiber optic,91.0,1430.05,No,0.779,Alto,91.0
8612-GXIDD,1,0,1,1,12,0-12 meses,Two year,Bank transfer (automatic),No,25.4,313.0,No,0.1156,Bajo,0.0
6288-CHQJB,0,0,1,1,54,49-72 meses,Two year,Bank transfer (automatic),DSL,69.95,3871.85,No,0.0546,Bajo,0.0
8160-HOWOX,0,0,0,0,7,0-12 meses,Month-to-month,Electronic check,DSL,66.85,458.1,No,0.6461,Alto,66.85
3023-GFLBR,0,0,1,1,33,25-48 meses,Month-to-month,Credit card (automatic),Fiber optic,86.15,2745.7,Yes,0.5397,Medio,0.0
6648-INWPS,1,0,1,1,16,13-24 meses,Month-to-month,Electronic check,No,20.15,341.35,No,0.1844,Bajo,0.0
4223-BKEOR,0,0,0,1,21,13-24 meses,One year,Mailed check,DSL,64.85,1336.8,No,0.2547,Bajo,0.0
4079-VTGLK,1,1,1,0,30,25-48 meses,Two year,Electronic check,DSL,74.85,2181.75,No,0.2871,Bajo,0.0
1763-WQFUK,1,0,0,0,3,0-12 meses,Month-to-month,Mailed check,DSL,50.5,147.75,No,0.6238,Alto,50.5
1391-UBDAR,1,0,0,0,11,0-12 meses,Month-to-month,Electronic check,Fiber optic,72.9,818.45,No,0.6843,Alto,72.9
8894-JVDCV,0,0,0,0,62,49-72 meses,One year,Credit card (automatic),Fiber optic,115.05,7133.45,No,0.3317,Medio,0.0
2023-VQFDL,1,0,0,0,18,13-24 meses,Month-to-month,Electronic check,No,19.0,348.8,No,0.1889,Bajo,0.0
1345-GKDZZ,1,0,0,1,6,0-12 meses,Month-to-month,Mailed check,No,19.55,128.6,No,0.1594,Bajo,0.0
2014-MKGMH,0,0,0,0,46,25-48 meses,One year,Electronic check,Fiber optic,101.1,4674.4,No,0.5531,Medio,0.0
5628-FCGYG,1,0,0,0,21,13-24 meses,Month-to-month,Electronic check,Fiber optic,84.1,1737.45,No,0.7613,Alto,84.1
2560-WBWXF,1,0,0,0,68,49-72 meses,Two year,Bank transfer (automatic),No,24.15,1498.85,No,0.044,Bajo,0.0
0248-IPDFW,0,0,0,0,1,0-12 meses,Month-to-month,Electronic check,DSL,50.1,50.1,No,0.7616,Alto,50.1
7978-DKUQH,0,0,1,0,25,25-48 meses,Month-to-month,Electronic check,Fiber optic,74.6,1797.75,No,0.6453,Alto,74.6
4335-UPJSI,0,0,0,1,24,13-24 meses,Two year,Mailed check,No,19.75,498.1,No,0.0561,Bajo,0.0
0524-IAVZO,0,0,1,0,30,25-48 meses,Month-to-month,Electronic check,Fiber optic,85.0,2624.25,Yes,0.7234,Alto,85.0
2737-YNGYW,0,0,0,0,2,0-12 meses,Month-to-month,Electronic check,Fiber optic,80.55,184.1,Yes,0.8447,Alto,80.55
1784-EZDKJ,1,0,1,0,51,49-72 meses,One year,Bank transfer (automatic),Fiber optic,106.8,5498.8,No,0.4809,Medio,0.0
9297-FVVDH,0,0,1,1,57,49-72 meses,Two year,Electronic check,DSL,84.5,4845.4,No,0.1505,Bajo,0.0
8007-YYPWD,0,0,0,0,15,13-24 meses,Two year,Bank transfer (automatic),No,25.05,369.1,No,0.1384,Bajo,0.0
7101-HRBLJ,0,0,1,1,72,49-72 meses,Two year,Bank transfer (automatic),DSL,83.7,6096.9,No,0.0222,Bajo,0.0
5159-YFPKQ,0,0,0,0,2,0-12 meses,Month-to-month,Electronic check,Fiber optic,75.8,160.75,Yes,0.8419,Alto,75.8
6635-CPNUN,1,0,1,0,28,25-48 meses,Month-to-month,Credit card (automatic),Fiber optic,96.6,2684.35,No,0.5114,Medio,0.0
4021-RQSNY,1,1,1,0,29,25-48 meses,Month-to-month,Electronic check,Fiber optic,98.5,3004.15,Yes,0.7777,Alto,98.5
5453-YBTWV,1,0,1,1,70,49-72 meses,Two year,Credit card (automatic),Fiber optic,101.1,6994.8,No,0.1292,Bajo,0.0
5039-LZRQT,0,0,0,0,13,13-24 meses,One year,Mailed check,No,20.2,273.25,No,0.1123,Bajo,0.0
2931-VUVJN,0,1,1,0,59,49-72 meses,One year,Electronic check,Fiber optic,94.05,5483.9,No,0.3192,Medio,0.0
9061-TIHDA,1,1,1,0,13,13-24 meses,Month-to-month,Electronic check,Fiber optic,95.25,1233.65,Yes,0.8473,Alto,95.25
8699-ASUFO,1,1,1,0,7,0-12 meses,Month-to-month,Mailed check,Fiber optic,74.4,527.9,Yes,0.8264,Alto,74.4
6418-PIQSP,0,0,1,0,62,49-72 meses,Two year,Mailed check,DSL,81.0,4985.9,No,0.0666,Bajo,0.0
8220-OCUFY,0,0,0,0,21,13-24 meses,One year,Electronic check,DSL,60.25,1258.35,No,0.3023,Medio,0.0
3995-WFCSM,0,0,0,0,2,0-12 meses,Month-to-month,Electronic check,DSL,60.85,111.4,No,0.683,Alto,60.85
1895-QTKDO,0,0,0,0,1,0-12 meses,Month-to-month,Credit card (automatic),DSL,43.95,43.95,No,0.6867,Alto,43.95
2038-OEQZH,1,0,0,0,4,0-12 meses,Month-to-month,Electronic check,Fiber optic,86.05,308.1,No,0.8167,Alto,86.05
1178-PZGAB,0,0,0,0,19,13-24 meses,One year,Credit card (automatic),No,20.25,383.65,No,0.1116,Bajo,0.0
7927-AUXBZ,0,0,0,0,30,25-48 meses,Month-to-month,Electronic check,Fiber optic,85.15,2555.9,Yes,0.5836,Medio,0.0
2626-VEEWG,1,0,1,1,67,49-72 meses,Two year,Credit card (automatic),No,19.4,1284.2,No,0.031,Bajo,0.0
2878-RMWXY,1,1,1,0,72,49-72 meses,Two year,Credit card (automatic),Fiber optic,102.65,7550.3,No,0.1673,Bajo,0.0
1657-DYMBM,1,0,1,0,53,49-72 meses,Two year,Credit card (automatic),No,19.9,1110.05,No,0.0417,Bajo,0.0
7311-MQJCH,0,0,0,0,5,0-12 meses,One year,Electronic check,No,19.55,99.6,No,0.1855,Bajo,0.0
7375-WMVMT,1,1,1,0,71,49-72 meses,Two year,Credit card (automatic),Fiber optic,95.5,6707.15,No,0.1851,Bajo,0.0
1136-XGEQU,0,0,1,1,50,49-72 meses,One year,Credit card (automatic),DSL,84.15,4164.4,No,0.2038,Bajo,0.0
2530-FMFXO,1,0,1,1,56,49-72 meses,Two year,Electronic check,Fiber optic,103.2,5873.75,No,0.3433,Medio,0.0
6844-DZKRF,1,0,0,0,2,0-12 meses,Month-to-month,Credit card (automatic),DSL,50.2,109.25,No,0.6409,Alto,50.2
4695-WJZUE,0,1,0,0,2,0-12 meses,Month-to-month,Electronic check,Fiber optic,88.55,179.25,Yes,0.9008,Alto,88.55
7619-ODSGN,1,0,1,1,24,13-24 meses,Month-to-month,Electronic check,DSL,54.75,1338.15,Yes,0.3194,Medio,0.0
5970-GHJAW,1,0,1,1,46,25-48 meses,Two year,Credit card (automatic),No,19.95,862.4,No,0.0184,Bajo,0.0
8879-XUAHX,1,0,1,0,71,49-72 meses,Two year,Electronic check,Fiber optic,116.25,8564.75,No,0.1857,Bajo,0.0
3689-MOZGR,0,0,0,0,29,25-48 meses,Month-to-month,Electronic check,DSL,31.2,926.2,No,0.415,Medio,0.0
4195-PNGZS,1,0,1,1,69,49-72 meses,Two year,Bank transfer (automatic),No,24.45,1718.2,No,0.0126,Bajo,0.0
5003-XZWWO,1,0,1,0,71,49-72 meses,Two year,Credit card (automatic),DSL,84.2,5956.85,No,0.0588,Bajo,0.0
3988-RQIXO,0,1,0,0,1,0-12 meses,Month-to-month,Electronic check,Fiber optic,91.3,91.3,Yes,0.9115,Alto,91.3
7622-FWGEW,1,1,1,0,56,49-72 meses,Two year,Bank transfer (automatic),DSL,85.65,4824.45,No,0.1055,Bajo,0.0
6922-NCEDI,1,0,0,1,56,49-72 meses,One year,Mailed check,No,21.2,1238.65,No,0.0788,Bajo,0.0
2514-GINMM,1,0,0,0,1,0-12 meses,Month-to-month,Electronic check,Fiber optic,79.5,79.5,Yes,0.9108,Alto,79.5
9891-NQDBD,0,0,1,0,28,25-48 meses,One year,Mailed check,No,25.55,672.2,No,0.0919,Bajo,0.0
6131-IUNXN,0,0,1,1,19,13-24 meses,Month-to-month,Mailed check,No,20.2,382.2,No,0.1325,Bajo,0.0
8548-AWOFC,1,0,1,0,66,49-72 meses,Month-to-month,Electronic check,DSL,63.85,4264.6,No,0.2915,Bajo,0.0
9798-DRYDS,0,0,1,1,17,13-24 meses,One year,Mailed check,DSL,61.95,1070.7,No,0.3343,Medio,0.0
8532-UEFWH,1,0,1,1,52,49-72 meses,Two year,Mailed check,No,25.75,1345.85,No,0.0331,Bajo,0.0
6296-DDOOR,0,0,0,0,19,13-24 meses,One year,Electronic check,DSL,58.2,1045.25,No,0.3593,Medio,0.0
7951-VRDVK,0,0,0,0,36,25-48 meses,One year,Bank transfer (automatic),DSL,85.85,3003.55,No,0.2784,Bajo,0.0
5931-FLJJF,1,1,1,0,7,0-12 meses,Month-to-month,Mailed check,Fiber optic,70.1,467.55,Yes,0.7944,Alto,70.1
4815-YOSUK,1,0,1,1,72,49-72 meses,One year,Credit card (automatic),Fiber optic,104.9,7537.5,No,0.2596,Bajo,0.0
2659-VXMWZ,1,0,1,1,67,49-72 meses,One year,Electronic check,Fiber optic,111.3,7482.1,Yes,0.3507,Medio,0.0
0380-NEAVX,1,1,0,0,34,25-48 meses,One year,Electronic check,Fiber optic,99.85,3343.15,No,0.5627,Medio,0.0
3207-OYBWH,1,1,1,0,57,49-72 meses,Month-to-month,Bank transfer (automatic),Fiber optic,95.25,5427.05,Yes,0.49,Medio,0.0
4285-GYRQC,0,0,1,0,7,0-12 meses,Month-to-month,Electronic check,Fiber optic,86.25,587.1,Yes,0.8563,Alto,86.25
7216-EWTRS,0,1,1,0,1,0-12 meses,Month-to-month,Electronic check,Fiber optic,100.8,100.8,Yes,0.9208,Alto,100.8
4365-MSDYN,1,0,1,0,8,0-12 meses,Month-to-month,Bank transfer (automatic),No,19.55,161.15,No,0.2109,Bajo,0.0
7036-TYDEC,0,0,0,0,69,49-72 meses,Two year,Electronic check,Fiber optic,104.0,7028.5,No,0.3101,Medio,0.0
5802-ADBRC,0,0,1,0,50,49-72 meses,One year,Mailed check,Fiber optic,104.4,5232.9,No,0.4646,Medio,0.0
8076-FEZKJ,1,0,0,0,10,0-12 meses,One year,Mailed check,No,19.5,225.85,No,0.1003,Bajo,0.0
5197-YPYBZ,0,0,1,1,12,0-12 meses,Two year,Credit card (automatic),No,25.25,274.7,No,0.1146,Bajo,0.0
8337-MSSXB,0,0,0,0,14,13-24 meses,Month-to-month,Electronic check,Fiber optic,86.3,1180.95,Yes,0.7803,Alto,86.3
4312-GVYNH,0,0,1,0,70,49-72 meses,Two year,Bank transfer (automatic),DSL,49.85,3370.2,No,0.0729,Bajo,0.0
8495-LJDFO,0,1,0,0,64,49-72 meses,Month-to-month,Bank transfer (automatic),Fiber optic,108.95,7111.3,No,0.3947,Medio,0.0
0839-JTCUD,0,0,1,1,66,49-72 meses,Two year,Credit card (automatic),DSL,89.9,5958.85,No,0.045,Bajo,0.0
5494-WOZRZ,0,0,1,1,71,49-72 meses,Two year,Credit card (automatic),DSL,82.0,5999.85,No,0.0482,Bajo,0.0
1302-UHBDD,1,1,0,0,20,13-24 meses,Month-to-month,Electronic check,Fiber optic,89.95,1648.45,No,0.6935,Alto,89.95
2234-EOFPT,1,0,1,0,72,49-72 meses,Two year,Bank transfer (automatic),DSL,79.35,5753.25,No,0.0534,Bajo,0.0
8619-IJNDK,0,0,1,1,71,49-72 meses,Two year,Credit card (automatic),DSL,64.05,4492.9,No,0.0558,Bajo,0.0
8378-LKJAF,1,0,1,1,38,25-48 meses,Month-to-month,Credit card (automatic),Fiber optic,101.15,3956.7,No,0.595,Medio,0.0
8182-BJDSI,0,0,0,0,28,25-48 meses,Month-to-month,Electronic check,Fiber optic,89.95,2625.55,Yes,0.72,Alto,89.95
2528-HFYZX,1,1,1,0,17,13-24 meses,Month-to-month,Electronic check,Fiber optic,76.45,1233.4,Yes,0.7184,Alto,76.45
1153-GNOLC,1,0,0,0,33,25-48 meses,One year,Electronic check,DSL,39.1,1309.0,No,0.3591,Medio,0.0
3298-QEICA,0,0,1,1,23,13-24 meses,Two year,Mailed check,DSL,34.6,813.45,No,0.1383,Bajo,0.0
0788-DXBFY,1,0,1,1,58,49-72 meses,One year,Electronic check,No,19.55,1108.8,No,0.102,Bajo,0.0
3597-YASZG,0,1,1,0,70,49-72 meses,Two year,Bank transfer (automatic),Fiber optic,104.45,7349.35,No,0.2569,Bajo,0.0
3496-LFSZU,1,0,1,0,4,0-12 meses,Month-to-month,Electronic check,Fiber optic,70.5,294.2,No,0.7692,Alto,70.5
5242-UOWHD,1,0,1,1,45,25-48 meses,Two year,Mailed check,No,20.35,929.2,No,0.0177,Bajo,0.0
2482-CZGBB,1,0,0,0,10,0-12 meses,Month-to-month,Electronic check,Fiber optic,70.0,740.0,Yes,0.7989,Alto,70.0
6479-SZPLM,1,0,1,1,36,25-48 meses,Two year,Credit card (automatic),No,19.45,754.5,No,0.0224,Bajo,0.0
8097-VBQTZ,1,0,0,0,54,49-72 meses,Month-to-month,Mailed check,DSL,69.9,3883.3,No,0.1775,Bajo,0.0
4500-HKANN,1,0,1,1,23,13-24 meses,Two year,Mailed check,DSL,59.7,1414.2,No,0.1135,Bajo,0.0
9917-KWRBE,0,0,1,1,41,25-48 meses,One year,Credit card (automatic),DSL,78.35,3211.2,No,0.2085,Bajo,0.0
3420-ZDBMA,1,1,0,0,5,0-12 meses,Month-to-month,Mailed check,Fiber optic,71.45,371.6,No,0.8121,Alto,71.45
2212-LYASK,1,0,1,1,27,25-48 meses,One year,Credit card (automatic),DSL,45.85,1246.4,No,0.3407,Medio,0.0
1393-IMKZG,0,0,0,0,1,0-12 meses,Month-to-month,Electronic check,Fiber optic,95.85,95.85,No,0.8556,Alto,95.85
8069-RHUXK,0,0,1,1,67,49-72 meses,Two year,Credit card (automatic),DSL,35.7,2545.7,No,0.0737,Bajo,0.0
3398-GCPMU,0,1,1,1,72,49-72 meses,Two year,Credit card (automatic),DSL,89.55,6448.85,No,0.049,Bajo,0.0
2908-WGAXL,0,0,1,1,56,49-72 meses,Two year,Credit card (automatic),No,24.95,1468.9,No,0.0523,Bajo,0.0
3378-AJRAO,1,0,1,1,44,25-48 meses,One year,Electronic check,No,24.85,1013.6,No,0.0909,Bajo,0.0
1013-QCWAM,0,1,1,0,66,49-72 meses,Month-to-month,Electronic check,Fiber optic,100.8,6690.75,No,0.6035,Alto,100.8
0866-QLSIR,0,0,0,0,34,25-48 meses,One year,Mailed check,DSL,64.4,2088.75,Yes,0.1724,Bajo,0.0
6050-FFXES,0,0,1,0,69,49-72 meses,Two year,Bank transfer (automatic),Fiber optic,105.35,7240.65,No,0.2502,Bajo,0.0
7181-BQYBV,0,0,1,1,1,0-12 meses,Month-to-month,Electronic check,Fiber optic,102.45,102.45,Yes,0.8406,Alto,102.45
0362-RAOQO,0,0,0,0,40,25-48 meses,Two year,Credit card (automatic),No,19.65,830.25,No,0.0381,Bajo,0.0
9554-DFKIC,1,0,1,1,30,25-48 meses,Month-to-month,Bank transfer (automatic),DSL,54.45,1588.7,No,0.229,Bajo,0.0
5527-ACHSO,0,0,0,0,11,0-12 meses,Month-to-month,Mailed check,DSL,70.5,829.3,No,0.4696,Medio,0.0
0829-DDVLK,0,0,0,0,15,13-24 meses,One year,Credit card (automatic),No,20.1,302.45,No,0.1434,Bajo,0.0
1399-UBQIU,1,0,0,0,11,0-12 meses,Month-to-month,Electronic check,DSL,69.35,712.25,No,0.5778,Medio,0.0
1813-JLKWR,0,0,1,1,64,49-72 meses,One year,Bank transfer (automatic),No,19.8,1336.65,No,0.0696,Bajo,0.0
0336-PIKEI,1,1,1,0,72,49-72 meses,Two year,Bank transfer (automatic),DSL,74.4,5360.75,No,0.0812,Bajo,0.0
7322-OCWHC,1,1,1,0,72,49-72 meses,Two year,Bank transfer (automatic),Fiber optic,93.05,6735.05,No,0.103,Bajo,0.0
9537-VHDTA,0,0,0,1,1,0-12 meses,Month-to-month,Mailed check,DSL,51.2,51.2,No,0.5921,Medio,0.0
4957-TIALW,0,0,0,1,15,13-24 meses,One year,Credit card (automatic),DSL,65.6,1010.0,No,0.2548,Bajo,0.0
2054-PJOCK,0,0,0,0,60,49-72 meses,One year,Credit card (automatic),DSL,80.55,4847.05,No,0.2083,Bajo,0.0
9150-HEPMB,1,0,0,0,56,49-72 meses,One year,Mailed check,DSL,52.7,3019.7,No,0.1599,Bajo,0.0
9030-QGZNL,0,0,0,0,8,0-12 meses,Two year,Mailed check,No,20.85,161.65,No,0.1265,Bajo,0.0
6204-IEUXJ,0,0,0,0,3,0-12 meses,Month-to-month,Credit card (automatic),Fiber optic,80.1,217.55,Yes,0.75,Alto,80.1
3126-WQMGH,0,0,1,0,49,49-72 meses,Month-to-month,Credit card (automatic),DSL,52.15,2583.75,No,0.3054,Medio,0.0
4529-CKBCL,0,0,0,0,2,0-12 meses,Month-to-month,Electronic check,Fiber optic,80.2,146.05,Yes,0.8648,Alto,80.2
2506-CLAKW,0,0,0,0,6,0-12 meses,Month-to-month,Bank transfer (automatic),Fiber optic,98.15,567.45,Yes,0.7467,Alto,98.15
7176-WRTNX,1,0,0,0,70,49-72 meses,Two year,Bank transfer (automatic),Fiber optic,114.95,7711.25,No,0.2608,Bajo,0.0
1583-IHQZE,1,0,0,0,12,0-12 meses,Month-to-month,Mailed check,Fiber optic,112.95,1384.75,Yes,0.7053,Alto,112.95
5732-IKGQH,1,1,1,0,52,49-72 meses,One year,Bank transfer (automatic),Fiber optic,104.45,5481.25,No,0.4274,Medio,0.0
9239-GZHZE,0,0,1,0,72,49-72 meses,Two year,Credit card (automatic),Fiber optic,113.65,8124.2,No,0.0762,Bajo,0.0
7205-BAIAD,0,0,0,0,40,25-48 meses,Two year,Bank transfer (automatic),No,20.6,827.3,No,0.0352,Bajo,0.0
0151-ONTOV,0,0,0,0,1,0-12 meses,Month-to-month,Mailed check,Fiber optic,70.9,70.9,Yes,0.8546,Alto,70.9
4140-MUHUG,0,1,0,0,3,0-12 meses,Month-to-month,Electronic check,Fiber optic,86.85,220.95,Yes,0.8685,Alto,86.85
0093-EXYQL,0,1,0,0,40,25-48 meses,Month-to-month,Electronic check,Fiber optic,91.55,3673.6,No,0.6591,Alto,91.55
8064-RAVOH,1,0,0,1,1,0-12 meses,Month-to-month,Electronic check,DSL,49.85,49.85,No,0.7592,Alto,49.85
0219-QAERP,1,0,1,0,30,25-48 meses,One year,Credit card (automatic),No,19.8,576.65,No,0.0534,Bajo,0.0
0320-JDNQG,1,0,1,1,23,13-24 meses,Month-to-month,Electronic check,Fiber optic,99.85,2331.3,Yes,0.6151,Alto,99.85
7180-PISOG,1,0,1,1,1,0-12 meses,Month-to-month,Electronic check,Fiber optic,74.5,74.5,Yes,0.8869,Alto,74.5
9168-INPSZ,0,1,1,0,44,25-48 meses,Month-to-month,Electronic check,Fiber optic,104.15,4495.65,No,0.6119,Alto,104.15
3571-RFHAR,1,0,0,0,65,49-72 meses,Month-to-month,Electronic check,Fiber optic,109.15,6941.2,Yes,0.541,Medio,0.0
0015-UOCOJ,0,1,0,0,7,0-12 meses,Month-to-month,Electronic check,DSL,48.2,340.35,No,0.6422,Alto,48.2
5334-AFQJB,1,1,0,0,72,49-72 meses,Two year,Credit card (automatic),No,25.1,1789.9,No,0.0686,Bajo,0.0
2754-SDJRD,0,1,0,0,8,0-12 meses,Month-to-month,Credit card (automatic),Fiber optic,100.15,908.55,No,0.8147,Alto,100.15
9578-VRMNM,0,0,0,0,16,13-24 meses,Month-to-month,Credit card (automatic),DSL,65.2,1043.35,Yes,0.5079,Medio,0.0
1587-FKLZB,1,1,1,1,66,49-72 meses,Month-to-month,Credit card (automatic),Fiber optic,99.5,6822.15,Yes,0.5032,Medio,0.0
6140-QNRQQ,1,0,0,0,1,0-12 meses,Month-to-month,Mailed check,Fiber optic,71.55,71.55,Yes,0.8737,Alto,71.55
8963-JLGJT,1,0,0,1,3,0-12 meses,Month-to-month,Mailed check,DSL,55.9,157.55,No,0.5132,Medio,0.0
4307-KTUMW,1,0,1,0,53,49-72 meses,Month-to-month,Electronic check,Fiber optic,93.9,5029.2,Yes,0.5303,Medio,0.0
1465-LNTLJ,1,1,1,0,8,0-12 meses,Month-to-month,Credit card (automatic),DSL,64.4,581.7,No,0.4504,Medio,0.0
5440-FLBQG,1,1,1,0,69,49-72 meses,Two year,Bank transfer (automatic),Fiber optic,108.4,7318.2,Yes,0.3401,Medio,0.0
2135-DQWAQ,0,0,0,0,5,0-12 meses,Month-to-month,Mailed check,Fiber optic,85.3,420.45,No,0.833,Alto,85.3
4056-QHXHZ,0,0,1,1,72,49-72 meses,Two year,Mailed check,Fiber optic,107.45,7576.7,No,0.1792,Bajo,0.0
7470-MCQTK,0,0,1,0,13,13-24 meses,Month-to-month,Bank transfer (automatic),DSL,48.75,633.4,Yes,0.4967,Medio,0.0
7488-MXJIV,0,0,0,0,4,0-12 meses,Month-to-month,Electronic check,Fiber optic,85.65,321.65,Yes,0.8868,Alto,85.65
7401-JIXNM,0,0,1,1,54,49-72 meses,Two year,Credit card (automatic),DSL,91.3,4965.0,No,0.0719,Bajo,0.0
9339-FIIJL,1,0,1,0,72,49-72 meses,Two year,Bank transfer (automatic),DSL,85.95,6151.9,No,0.0587,Bajo,0.0
2027-FECZV,1,0,0,0,12,0-12 meses,Month-to-month,Electronic check,Fiber optic,106.7,1253.9,Yes,0.8145,Alto,106.7
2672-DZUOY,1,0,0,0,1,0-12 meses,Month-to-month,Electronic check,DSL,25.15,25.15,Yes,0.8123,Alto,25.15
4706-DGAHW,1,1,0,0,1,0-12 meses,Month-to-month,Electronic check,DSL,45.2,45.2,No,0.7734,Alto,45.2
3870-MQAMG,0,0,1,0,54,49-72 meses,One year,Electronic check,Fiber optic,110.35,5893.15,Yes,0.4648,Medio,0.0
6670-MFRPK,1,0,1,1,69,49-72 meses,Two year,Credit card (automatic),Fiber optic,79.2,5420.65,No,0.2151,Bajo,0.0
6177-PEVRA,0,0,0,0,48,25-48 meses,Two year,Credit card (automatic),DSL,55.5,2627.35,No,0.1086,Bajo,0.0
4800-CZMPC,0,0,1,1,48,25-48 meses,One year,Credit card (automatic),Fiber optic,103.25,5037.55,Yes,0.4404,Medio,0.0
4813-HQMGZ,0,0,1,0,8,0-12 meses,Month-to-month,Electronic check,Fiber optic,90.25,743.75,No,0.8329,Alto,90.25
7579-KKLOE,1,0,1,1,71,49-72 meses,Two year,Mailed check,DSL,91.25,6589.6,No,0.036,Bajo,0.0
7377-DMMRI,1,0,0,0,2,0-12 meses,Month-to-month,Electronic check,DSL,47.8,92.45,Yes,0.7256,Alto,47.8
8402-EIVQS,1,0,1,0,67,49-72 meses,One year,Credit card (automatic),Fiber optic,100.9,6733.15,No,0.369,Medio,0.0
4947-DSMXK,1,0,1,1,34,25-48 meses,Month-to-month,Bank transfer (automatic),Fiber optic,97.7,3410.0,No,0.5831,Medio,0.0
7245-NIIWQ,0,0,0,0,3,0-12 meses,Month-to-month,Electronic check,Fiber optic,69.85,199.85,No,0.8297,Alto,69.85
0002-ORFBO,0,0,1,1,9,0-12 meses,One year,Mailed check,DSL,65.6,593.3,No,0.3869,Medio,0.0
3324-OIRTO,1,0,1,1,71,49-72 meses,One year,Bank transfer (automatic),Fiber optic,104.65,7288.4,No,0.3044,Medio,0.0
5414-OFQCB,1,0,0,0,57,49-72 meses,Two year,Credit card (automatic),Fiber optic,90.45,5229.8,No,0.2345,Bajo,0.0
4967-WPNCF,1,0,0,0,72,49-72 meses,Two year,Bank transfer (automatic),DSL,63.7,4464.8,No,0.0375,Bajo,0.0
8552-OBVRU,0,1,1,1,48,25-48 meses,Month-to-month,Electronic check,Fiber optic,104.5,5068.05,No,0.5254,Medio,0.0
8499-BRXTD,1,0,0,0,18,13-24 meses,One year,Mailed check,No,20.1,401.85,No,0.085,Bajo,0.0
9154-QDGTH,1,0,1,1,43,25-48 meses,One year,Credit card (automatic),Fiber optic,104.3,4451.85,No,0.4239,Medio,0.0
8197-BFWVU,0,0,1,1,72,49-72 meses,Two year,Bank transfer (automatic),DSL,93.25,6688.95,No,0.0226,Bajo,0.0
2577-GVSIL,1,0,1,1,35,25-48 meses,One year,Bank transfer (automatic),DSL,73.45,2661.1,No,0.2772,Bajo,0.0
9367-OIUXP,1,0,0,0,4,0-12 meses,Month-to-month,Mailed check,No,20.7,73.05,No,0.251,Bajo,0.0
6770-UAYGJ,0,0,1,1,49,49-72 meses,Two year,Mailed check,No,25.25,1211.65,No,0.0405,Bajo,0.0
6463-HHXJR,0,0,1,1,71,49-72 meses,Two year,Bank transfer (automatic),Fiber optic,100.5,7030.65,No,0.1445,Bajo,0.0
7928-VJYAB,1,0,1,1,11,0-12 meses,Month-to-month,Electronic check,Fiber optic,90.6,1020.2,No,0.7479,Alto,90.6
1187-WILMM,1,0,1,1,63,49-72 meses,Two year,Credit card (automatic),DSL,89.4,5597.65,No,0.0471,Bajo,0.0
9776-OJUZI,0,1,0,0,65,49-72 meses,Month-to-month,Bank transfer (automatic),Fiber optic,95.45,6223.3,No,0.4804,Medio,0.0
1306-RPWXZ,0,0,0,1,49,49-72 meses,Two year,Credit card (automatic),No,20.45,1024.65,No,0.0369,Bajo,0.0
8949-JTMAY,0,0,0,0,29,25-48 meses,Month-to-month,Credit card (automatic),Fiber optic,98.6,2933.2,Yes,0.632,Alto,98.6
2774-LVQUS,0,1,1,0,15,13-24 meses,Month-to-month,Electronic check,Fiber optic,83.05,1258.3,Yes,0.7417,Alto,83.05
3097-PYWXL,0,0,1,1,4,0-12 meses,Month-to-month,Electronic check,No,19.95,82.9,No,0.2789,Bajo,0.0
2266-SJNAT,0,0,1,0,72,49-72 meses,One year,Credit card (automatic),Fiber optic,109.15,7789.6,No,0.2875,Bajo,0.0
0869-PAPRP,0,1,1,0,26,25-48 meses,Month-to-month,Credit card (automatic),Fiber optic,85.7,2067.0,No,0.5663,Medio,0.0
4238-JSSWH,0,1,1,0,35,25-48 meses,Month-to-month,Bank transfer (automatic),Fiber optic,102.05,3452.55,No,0.5934,Medio,0.0
2972-YDYUW,0,0,0,0,57,49-72 meses,One year,Electronic check,Fiber optic,94.7,5468.95,No,0.3931,Medio,0.0
1104-FEJAM,1,0,1,1,28,25-48 meses,Month-to-month,Electronic check,DSL,64.4,1802.15,No,0.3383,Medio,0.0
2809-ILCYT,0,0,1,0,25,25-48 meses,One year,Mailed check,No,26.8,733.55,No,0.1068,Bajo,0.0
5499-ECUTN,0,0,1,0,47,25-48 meses,One year,Credit card (automatic),DSL,66.05,3021.45,No,0.1874,Bajo,0.0
4981-FLTMF,0,0,1,1,57,49-72 meses,Month-to-month,Bank transfer (automatic),DSL,65.2,3687.85,No,0.1508,Bajo,0.0
9121-PHQSR,1,1,1,0,16,13-24 meses,Month-to-month,Credit card (automatic),Fiber optic,85.05,1391.15,No,0.6779,Alto,85.05
3113-IWHLC,1,0,0,0,5,0-12 meses,Month-to-month,Mailed check,DSL,55.8,274.35,No,0.4755,Medio,0.0
3211-ILJTT,1,0,1,0,17,13-24 meses,Month-to-month,Bank transfer (automatic),Fiber optic,70.4,1214.05,Yes,0.627,Alto,70.4
4612-THJBS,0,1,0,0,56,49-72 meses,One year,Bank transfer (automatic),Fiber optic,104.75,5510.65,Yes,0.4825,Medio,0.0
4277-BWBML,1,0,1,1,72,49-72 meses,Two year,Bank transfer (automatic),No,19.95,1322.85,No,0.0231,Bajo,0.0
4094-NSEDU,0,1,0,0,21,13-24 meses,Month-to-month,Electronic check,Fiber optic,94.25,1973.75,Yes,0.7987,Alto,94.25
0234-TEVTT,0,0,1,1,48,25-48 meses,One year,Credit card (automatic),DSL,45.0,2196.3,No,0.1947,Bajo,0.0
4304-TSPVK,0,0,1,0,68,49-72 meses,Two year,Bank transfer (automatic),Fiber optic,114.9,7843.55,No,0.1465,Bajo,0.0
1552-AAGRX,0,0,0,0,30,25-48 meses,Month-to-month,Bank transfer (automatic),Fiber optic,106.4,3211.9,No,0.511,Medio,0.0
2637-FKFSY,0,0,1,0,3,0-12 meses,Month-to-month,Mailed check,DSL,46.1,130.15,No,0.6761,Alto,46.1
9796-MVYXX,0,1,0,0,14,13-24 meses,Two year,Mailed check,DSL,39.7,692.35,No,0.2232,Bajo,0.0
7874-ECPQJ,0,0,0,1,4,0-12 meses,Month-to-month,Bank transfer (automatic),No,20.05,85.5,No,0.253,Bajo,0.0
0020-INWCK,0,0,1,1,71,49-72 meses,Two year,Credit card (automatic),Fiber optic,95.75,6849.4,No,0.219,Bajo,0.0
7089-RKVSZ,1,0,1,1,8,0-12 meses,One year,Mailed check,No,24.4,203.95,No,0.147,Bajo,0.0
2683-JXWQQ,1,0,1,1,61,49-72 meses,Month-to-month,Bank transfer (automatic),DSL,33.6,2117.2,No,0.2432,Bajo,0.0
9548-ZMVTX,1,0,1,1,72,49-72 meses,Two year,Bank transfer (automatic),Fiber optic,90.45,6565.85,No,0.1283,Bajo,0.0
8739-XNIKG,0,0,0,0,5,0-12 meses,Month-to-month,Electronic check,Fiber optic,84.0,424.75,No,0.8845,Alto,84.0
9755-JHNMN,0,0,0,0,49,49-72 meses,Two year,Bank transfer (automatic),DSL,67.4,3306.85,No,0.0631,Bajo,0.0
3981-QSVQI,1,0,0,0,8,0-12 meses,Month-to-month,Bank transfer (automatic),No,19.7,168.9,No,0.2251,Bajo,0.0
2789-HQBOU,1,0,0,0,3,0-12 meses,Month-to-month,Electronic check,Fiber optic,80.35,253.8,No,0.8556,Alto,80.35
9424-CMPOG,1,0,1,1,9,0-12 meses,Two year,Mailed check,No,19.6,197.4,No,0.0638,Bajo,0.0
5067-WJEUN,1,0,1,1,67,49-72 meses,Two year,Bank transfer (automatic),DSL,54.2,3838.2,No,0.065,Bajo,0.0
3450-WXOAT,1,0,0,0,46,25-48 meses,Month-to-month,Credit card (automatic),DSL,45.2,2065.15,No,0.335,Medio,0.0
9251-WNSOD,0,0,1,0,67,49-72 meses,One year,Mailed check,DSL,75.1,5064.45,No,0.1826,Bajo,0.0
6974-DAFLI,0,0,1,0,55,49-72 meses,One year,Electronic check,No,19.7,1140.05,No,0.1116,Bajo,0.0
2616-UUTFK,1,0,1,0,33,25-48 meses,Month-to-month,Bank transfer (automatic),DSL,72.75,2447.45,No,0.2766,Bajo,0.0
7064-JHXCE,1,0,1,1,62,49-72 meses,Two year,Credit card (automatic),No,20.05,1263.9,No,0.0169,Bajo,0.0
5103-MHMHY,0,0,0,1,1,0-12 meses,Month-to-month,Mailed check,DSL,45.95,45.95,Yes,0.717,Alto,45.95
7989-AWGEH,1,0,1,1,49,49-72 meses,Month-to-month,Electronic check,DSL,39.2,1838.15,No,0.3336,Medio,0.0
4373-VVHQL,1,0,0,0,1,0-12 meses,Month-to-month,Electronic check,DSL,44.75,44.75,No,0.7939,Alto,44.75
4559-UWIHT,1,0,1,0,14,13-24 meses,Month-to-month,Electronic check,Fiber optic,82.65,1185.0,No,0.7843,Alto,82.65
7268-IGMFD,1,1,0,0,18,13-24 meses,Month-to-month,Bank transfer (automatic),Fiber optic,93.9,1743.9,No,0.5659,Medio,0.0
1846-XWOQN,0,1,0,0,1,0-12 meses,Month-to-month,Electronic check,Fiber optic,70.15,70.15,Yes,0.8893,Alto,70.15
0235-KGSLC,0,0,0,0,1,0-12 meses,Month-to-month,Credit card (automatic),Fiber optic,85.55,85.55,Yes,0.8692,Alto,85.55
6650-BWFRT,0,0,1,0,72,49-72 meses,Two year,Credit card (automatic),Fiber optic,117.15,8529.5,No,0.0829,Bajo,0.0
9570-KYEUA,1,0,0,0,64,49-72 meses,Two year,Credit card (automatic),Fiber optic,99.25,6549.45,No,0.2012,Bajo,0.0
6993-YGFJV,1,0,1,0,69,49-72 meses,Two year,Bank transfer (automatic),Fiber optic,112.55,7806.5,No,0.1912,Bajo,0.0
2712-SYWAY,0,0,0,0,1,0-12 meses,Month-to-month,Electronic check,No,25.7,25.7,No,0.3986,Medio,0.0
0730-BGQGF,1,0,1,1,71,49-72 meses,Two year,Credit card (automatic),DSL,90.3,6287.3,No,0.0338,Bajo,0.0
5498-IBWPI,0,0,1,1,66,49-72 meses,One year,Credit card (automatic),DSL,49.4,3251.85,No,0.1646,Bajo,0.0
9101-NTIXF,1,0,0,0,2,0-12 meses,Month-to-month,Mailed check,No,19.4,50.6,No,0.2034,Bajo,0.0
0013-SMEOE,0,1,1,0,71,49-72 meses,Two year,Bank transfer (automatic),Fiber optic,109.7,7904.25,No,0.1362,Bajo,0.0
9314-QDMDW,1,0,0,0,11,0-12 meses,One year,Electronic check,DSL,61.25,729.95,No,0.4295,Medio,0.0
9308-ANMVE,1,0,0,1,47,25-48 meses,Month-to-month,Electronic check,DSL,55.3,2654.05,No,0.3183,Medio,0.0
2884-GBPFB,0,0,1,0,35,25-48 meses,Month-to-month,Electronic check,Fiber optic,70.3,2416.55,Yes,0.6516,Alto,70.3
3757-NJYBX,1,1,1,0,32,25-48 meses,Month-to-month,Bank transfer (automatic),Fiber optic,106.35,3520.75,Yes,0.5564,Medio,0.0
3413-DHLPB,1,0,1,1,60,49-72 meses,Month-to-month,Bank transfer (automatic),Fiber optic,103.75,5969.95,No,0.4336,Medio,0.0
7649-PHJVR,1,0,0,0,11,0-12 meses,One year,Mailed check,No,19.5,226.8,No,0.0974,Bajo,0.0
6114-TCFID,0,0,0,0,29,25-48 meses,One year,Credit card (automatic),DSL,39.5,1082.75,No,0.2175,Bajo,0.0
3787-TRIAL,1,0,1,1,21,13-24 meses,Month-to-month,Electronic check,DSL,26.05,565.75,No,0.5215,Medio,0.0
2573-GYRUU,1,1,1,0,48,25-48 meses,Month-to-month,Credit card (automatic),Fiber optic,91.05,4370.75,No,0.5528,Medio,0.0
5156-UMKOW,0,0,0,1,3,0-12 meses,Month-to-month,Mailed check,DSL,29.65,90.05,No,0.6227,Alto,29.65
1247-QBVSH,0,0,1,1,43,25-48 meses,Month-to-month,Mailed check,DSL,50.2,2169.4,No,0.284,Bajo,0.0
6734-GMPVK,1,0,0,0,5,0-12 meses,Month-to-month,Electronic check,Fiber optic,105.3,550.6,No,0.8181,Alto,105.3
9822-OAOVB,0,0,0,0,1,0-12 meses,Month-to-month,Electronic check,DSL,55.45,55.45,No,0.7547,Alto,55.45
6161-ERDGD,1,0,1,1,71,49-72 meses,One year,Electronic check,DSL,85.45,6300.85,No,0.2293,Bajo,0.0
1226-JZNKR,0,0,1,1,8,0-12 meses,One year,Electronic check,No,19.8,160.05,No,0.21,Bajo,0.0
7318-EIVKO,1,0,0,0,8,0-12 meses,Month-to-month,Electronic check,DSL,59.25,436.6,No,0.6071,Alto,59.25
3771-PZOBW,1,0,0,0,20,13-24 meses,Month-to-month,Credit card (automatic),Fiber optic,90.7,1781.35,No,0.6225,Alto,90.7
5136-KCKGI,0,0,1,1,33,25-48 meses,One year,Mailed check,Fiber optic,103.7,3467.0,Yes,0.489,Medio,0.0
8231-BSWXX,1,0,0,0,71,49-72 meses,One year,Credit card (automatic),Fiber optic,79.05,5552.5,No,0.309,Medio,0.0
6486-LHTMA,0,1,1,0,31,25-48 meses,One year,Electronic check,Fiber optic,90.7,2835.5,No,0.5455,Medio,0.0
4083-BFNYK,0,1,1,0,38,25-48 meses,One year,Credit card (automatic),Fiber optic,95.0,3591.25,No,0.3841,Medio,0.0
3722-WPXTK,1,0,0,0,1,0-12 meses,Month-to-month,Electronic check,Fiber optic,88.35,88.35,Yes,0.9124,Alto,88.35
7389-KBFIT,0,0,1,1,2,0-12 meses,Month-to-month,Mailed check,DSL,30.25,63.75,No,0.6846,Alto,30.25
7176-WIONM,0,0,1,0,12,0-12 meses,Month-to-month,Bank transfer (automatic),DSL,49.85,617.15,No,0.491,Medio,0.0
5141-ZUVBH,0,0,0,1,9,0-12 meses,Month-to-month,Bank transfer (automatic),Fiber optic,93.0,870.25,No,0.6569,Alto,93.0
1089-HDMKP,1,1,0,1,11,0-12 meses,Month-to-month,Electronic check,DSL,54.55,601.25,No,0.4974,Medio,0.0
7623-HKYRK,1,0,0,1,6,0-12 meses,Month-to-month,Mailed check,No,19.7,111.65,No,0.1769,Bajo,0.0
0310-SUCIN,0,0,1,0,71,49-72 meses,One year,Bank transfer (automatic),DSL,84.8,6046.1,No,0.1708,Bajo,0.0
5197-PYEPU,0,0,1,1,42,25-48 meses,One year,Credit card (automatic),Fiber optic,94.45,3923.8,No,0.3466,Medio,0.0
2929-ERCFZ,0,0,1,1,8,0-12 meses,Month-to-month,Electronic check,Fiber optic,94.2,777.3,Yes,0.8304,Alto,94.2
7548-SEPYI,0,0,0,0,5,0-12 meses,Month-to-month,Electronic check,Fiber optic,96.25,512.45,Yes,0.8727,Alto,96.25
8835-VSDSE,0,0,1,0,2,0-12 meses,Month-to-month,Electronic check,Fiber optic,70.7,141.45,Yes,0.832,Alto,70.7
6619-RPLQZ,0,0,1,1,45,25-48 meses,Two year,Mailed check,No,20.85,892.15,No,0.0225,Bajo,0.0
3275-RHRNE,1,0,1,1,28,25-48 meses,One year,Credit card (automatic),DSL,60.0,1682.05,No,0.2492,Bajo,0.0
3503-TYDAY,0,0,1,0,43,25-48 meses,Month-to-month,Electronic check,Fiber optic,80.45,3398.9,No,0.5455,Medio,0.0
6901-GOGZG,1,0,0,1,60,49-72 meses,Two year,Electronic check,DSL,84.95,4984.85,No,0.1459,Bajo,0.0
1623-NLDOT,0,0,1,0,42,25-48 meses,One year,Mailed check,DSL,33.55,1445.3,Yes,0.2829,Bajo,0.0
7021-XSNYE,1,0,1,1,7,0-12 meses,Two year,Credit card (automatic),DSL,49.65,305.55,No,0.2569,Bajo,0.0
9621-OUPYD,0,0,1,0,25,25-48 meses,One year,Bank transfer (automatic),No,20.2,507.9,No,0.0751,Bajo,0.0
9898-KZQDZ,0,1,1,1,40,25-48 meses,Month-to-month,Credit card (automatic),Fiber optic,94.55,3640.45,Yes,0.6282,Alto,94.55
8982-NHAVY,1,0,0,0,27,25-48 meses,One year,Bank transfer (automatic),Fiber optic,100.5,2673.45,No,0.5291,Medio,0.0
4307-KWMXE,1,0,0,0,10,0-12 meses,Month-to-month,Electronic check,DSL,35.75,389.8,No,0.5226,Medio,0.0
0141-YEAYS,0,1,0,0,27,25-48 meses,Month-to-month,Bank transfer (automatic),Fiber optic,86.45,2401.05,No,0.6101,Alto,86.45
2450-ZKEED,0,0,0,0,11,0-12 meses,One year,Bank transfer (automatic),DSL,53.8,651.55,No,0.3526,Medio,0.0
3694-DELSO,1,0,1,1,4,0-12 meses,Month-to-month,Credit card (automatic),DSL,38.55,156.1,No,0.5242,Medio,0.0
3893-JRNFS,1,0,0,0,68,49-72 meses,Month-to-month,Bank transfer (automatic),DSL,39.9,2796.35,No,0.3593,Medio,0.0
9603-OAIHC,1,1,0,0,1,0-12 meses,Month-to-month,Electronic check,Fiber optic,70.05,70.05,No,0.8878,Alto,70.05
1133-KXCGE,0,0,0,0,18,13-24 meses,One year,Mailed check,No,20.1,407.05,No,0.0985,Bajo,0.0
5236-PERKL,0,0,0,0,57,49-72 meses,Two year,Bank transfer (automatic),Fiber optic,112.95,6465.0,Yes,0.2965,Bajo,0.0
0142-GVYSN,1,0,0,0,26,25-48 meses,Month-to-month,Electronic check,No,20.3,511.25,No,0.1332,Bajo,0.0
1049-FYSYG,0,0,1,0,17,13-24 meses,Month-to-month,Credit card (automatic),DSL,35.65,646.05,No,0.4537,Medio,0.0
7854-FOKSF,1,0,0,0,1,0-12 meses,Month-to-month,Electronic check,DSL,35.9,35.9,Yes,0.7799,Alto,35.9
2519-FAKOD,1,0,0,1,38,25-48 meses,Month-to-month,Bank transfer (automatic),Fiber optic,99.25,3777.15,Yes,0.6188,Alto,99.25
8406-LNMHF,1,1,1,0,59,49-72 meses,One year,Credit card (automatic),Fiber optic,82.95,4903.15,No,0.2725,Bajo,0.0
1821-BUCWY,1,0,0,0,30,25-48 meses,Two year,Mailed check,DSL,55.65,1653.85,No,0.1044,Bajo,0.0
8263-JQAIK,1,1,0,0,2,0-12 meses,Month-to-month,Mailed check,DSL,24.45,47.5,Yes,0.7579,Alto,24.45
0023-UYUPN,0,1,1,0,50,49-72 meses,One year,Electronic check,No,25.2,1306.3,No,0.1329,Bajo,0.0
8314-DPQHL,1,0,0,0,9,0-12 meses,One year,Mailed check,DSL,50.8,463.6,No,0.3533,Medio,0.0
1465-WCZVT,0,0,1,1,3,0-12 meses,Month-to-month,Mailed check,No,19.65,60.65,No,0.2533,Bajo,0.0
9481-SFCQY,0,0,0,1,14,13-24 meses,Month-to-month,Credit card (automatic),DSL,59.8,824.85,No,0.443,Medio,0.0
6360-SVNWV,0,1,0,0,31,25-48 meses,Month-to-month,Credit card (automatic),Fiber optic,73.55,2094.65,No,0.5234,Medio,0.0
0567-GGCAC,0,0,0,0,7,0-12 meses,Month-to-month,Electronic check,DSL,61.4,438.9,No,0.5043,Medio,0.0
7089-IVVAZ,0,0,0,0,8,0-12 meses,Month-to-month,Bank transfer (automatic),Fiber optic,103.35,847.3,Yes,0.7816,Alto,103.35
8884-MRNSU,1,0,1,1,17,13-24 meses,One year,Bank transfer (automatic),No,19.9,329.75,No,0.1287,Bajo,0.0
2171-UDMFD,1,0,1,1,32,25-48 meses,Month-to-month,Credit card (automatic),No,19.45,674.55,No,0.0861,Bajo,0.0
9050-IKDZA,0,1,0,0,2,0-12 meses,Month-to-month,Mailed check,Fiber optic,81.5,162.55,No,0.8153,Alto,81.5
2205-YMZZJ,1,1,0,0,7,0-12 meses,Month-to-month,Electronic check,Fiber optic,84.8,546.95,Yes,0.888,Alto,84.8
9802-CAQUT,0,0,1,1,72,49-72 meses,Two year,Credit card (automatic),Fiber optic,109.55,7887.25,No,0.1036,Bajo,0.0
1254-IZEYF,0,1,0,0,31,25-48 meses,Month-to-month,Electronic check,Fiber optic,99.95,3186.65,Yes,0.7307,Alto,99.95
0187-WZNAB,0,0,1,1,27,25-48 meses,Month-to-month,Mailed check,Fiber optic,74.4,1972.35,No,0.4474,Medio,0.0
9492-TOKRI,0,0,0,0,18,13-24 meses,Month-to-month,Credit card (automatic),Fiber optic,90.0,1527.35,Yes,0.6679,Alto,90.0
1475-VWVDO,1,0,0,0,7,0-12 meses,Month-to-month,Electronic check,Fiber optic,74.9,490.55,No,0.8223,Alto,74.9
9221-OTIVJ,0,1,0,0,14,13-24 meses,Month-to-month,Electronic check,Fiber optic,104.85,1531.4,Yes,0.8212,Alto,104.85
1357-MVDOZ,1,0,1,1,11,0-12 meses,Month-to-month,Bank transfer (automatic),DSL,59.65,683.25,No,0.4091,Medio,0.0
7602-MVRMB,0,0,1,1,72,49-72 meses,Two year,Bank transfer (automatic),Fiber optic,110.45,8058.85,No,0.1463,Bajo,0.0
3325-FUYCG,1,0,1,1,28,25-48 meses,One year,Electronic check,Fiber optic,106.1,2847.4,Yes,0.4653,Medio,0.0
5908-QMGOE,1,1,0,0,15,13-24 meses,Month-to-month,Credit card (automatic),Fiber optic,74.2,1133.9,Yes,0.7001,Alto,74.2
1197-BVMVG,0,1,0,0,4,0-12 meses,Month-to-month,Electronic check,Fiber optic,74.45,294.45,No,0.8633,Alto,74.45
5406-KGRMX,0,0,0,0,71,49-72 meses,Two year,Electronic check,No,24.55,1719.15,No,0.0627,Bajo,0.0
8481-YYXWG,0,0,0,0,5,0-12 meses,Month-to-month,Electronic check,Fiber optic,89.35,461.7,Yes,0.8171,Alto,89.35
5968-HYJRZ,1,0,1,1,47,25-48 meses,Two year,Mailed check,No,24.55,1160.45,No,0.0306,Bajo,0.0
5198-EFNBM,1,1,1,0,57,49-72 meses,One year,Electronic check,Fiber optic,90.65,5199.8,No,0.4275,Medio,0.0
7516-GMHUV,1,1,1,0,50,49-72 meses,Two year,Credit card (automatic),Fiber optic,105.05,5163.3,No,0.3599,Medio,0.0
7140-ADSMJ,1,0,0,0,8,0-12 meses,Month-to-month,Credit card (automatic),No,20.45,162.3,No,0.1978,Bajo,0.0
2230-XTUWL,0,0,1,1,48,25-48 meses,Two year,Mailed check,No,19.55,883.35,No,0.031,Bajo,0.0
7706-YLMQA,0,0,0,0,70,49-72 meses,One year,Bank transfer (automatic),No,19.7,1341.5,No,0.0815,Bajo,0.0
2585-KTFRE,1,0,0,1,1,0-12 meses,Month-to-month,Bank transfer (automatic),DSL,70.45,70.45,No,0.5555,Medio,0.0
7994-UYIVZ,1,0,1,0,8,0-12 meses,Month-to-month,Bank transfer (automatic),Fiber optic,85.65,659.45,No,0.8449,Alto,85.65
2609-IAICY,0,0,0,0,1,0-12 meses,Month-to-month,Electronic check,Fiber optic,77.15,77.15,Yes,0.9069,Alto,77.15
1740-CSDJP,1,0,0,0,1,0-12 meses,Month-to-month,Bank transfer (automatic),DSL,35.25,35.25,Yes,0.7667,Alto,35.25
7717-BICXI,1,0,1,1,60,49-72 meses,Two year,Mailed check,No,20.55,1205.05,No,0.0253,Bajo,0.0
6559-RAKOZ,1,0,1,1,49,49-72 meses,One year,Electronic check,Fiber optic,97.95,4917.9,No,0.4871,Medio,0.0
2636-OHFMN,1,0,1,0,4,0-12 meses,Month-to-month,Electronic check,DSL,48.55,201.0,Yes,0.7305,Alto,48.55
4716-MRVEN,0,0,0,0,29,25-48 meses,One year,Mailed check,No,20.0,599.3,No,0.053,Bajo,0.0
2143-LJULT,0,0,1,0,67,49-72 meses,Two year,Credit card (automatic),No,25.25,1733.15,No,0.0478,Bajo,0.0
1323-OOEPC,0,0,1,0,53,49-72 meses,Month-to-month,Credit card (automatic),Fiber optic,98.4,5149.5,Yes,0.5684,Medio,0.0
3200-MNQTF,1,0,1,0,67,49-72 meses,Two year,Credit card (automatic),DSL,70.9,4677.1,No,0.075,Bajo,0.0
6164-HXUGH,0,0,1,1,6,0-12 meses,Month-to-month,Mailed check,No,19.85,119.3,No,0.2405,Bajo,0.0
5630-IXDXV,0,0,0,0,47,25-48 meses,Month-to-month,Electronic check,Fiber optic,106.35,4849.1,No,0.6395,Alto,106.35
0320-DWVTU,0,0,0,0,53,49-72 meses,Two year,Mailed check,Fiber optic,99.5,5424.25,No,0.1673,Bajo,0.0
9135-MGVPY,1,0,1,0,69,49-72 meses,Two year,Mailed check,DSL,84.7,5878.9,No,0.0379,Bajo,0.0
1212-GLHMD,1,0,0,0,3,0-12 meses,Month-to-month,Mailed check,Fiber optic,86.05,244.85,No,0.7555,Alto,86.05
7878-JGDKK,1,0,0,0,4,0-12 meses,Month-to-month,Mailed check,DSL,44.55,220.75,No,0.6194,Alto,44.55
1088-AUUZZ,1,0,1,1,56,49-72 meses,Two year,Credit card (automatic),DSL,75.85,4261.2,No,0.0653,Bajo,0.0
0397-GZBBC,1,1,1,0,59,49-72 meses,Month-to-month,Bank transfer (automatic),Fiber optic,93.85,5574.75,Yes,0.5733,Medio,0.0
6614-YWYSC,1,1,1,0,61,49-72 meses,Two year,Bank transfer (automatic),No,25.0,1501.75,No,0.0388,Bajo,0.0
9588-OZDMQ,0,0,1,0,2,0-12 meses,Month-to-month,Electronic check,DSL,45.0,89.75,No,0.7634,Alto,45.0
7641-EUYET,1,1,1,1,46,25-48 meses,Month-to-month,Electronic check,Fiber optic,100.7,4541.2,Yes,0.6125,Alto,100.7
6476-EPYZR,1,0,1,1,12,0-12 meses,Month-to-month,Mailed check,No,20.5,255.5,No,0.1349,Bajo,0.0
9921-ZVRHG,0,0,0,0,14,13-24 meses,Month-to-month,Electronic check,Fiber optic,80.45,1072.0,Yes,0.8025,Alto,80.45
1174-FGIFN,0,0,1,1,28,25-48 meses,One year,Electronic check,Fiber optic,90.45,2509.25,No,0.5151,Medio,0.0
6620-HVDUJ,1,0,0,0,24,13-24 meses,Month-to-month,Bank transfer (automatic),DSL,60.45,1440.75,No,0.2066,Bajo,0.0
4701-MLJPN,1,0,0,0,31,25-48 meses,Month-to-month,Electronic check,DSL,55.25,1715.65,Yes,0.3127,Medio,0.0
1032-MAELW,0,0,1,1,68,49-72 meses,One year,Electronic check,DSL,78.45,5333.35,No,0.2012,Bajo,0.0
7641-TQFHN,1,0,0,1,39,25-48 meses,Two year,Mailed check,Fiber optic,100.55,3895.35,No,0.2949,Bajo,0.0
1552-TKMXS,0,0,1,0,42,25-48 meses,Month-to-month,Credit card (automatic),No,20.35,869.9,No,0.1126,Bajo,0.0
9206-GVPEQ,1,0,1,0,13,13-24 meses,Month-to-month,Electronic check,DSL,54.45,706.85,Yes,0.5135,Medio,0.0
8622-ZLFKO,0,0,1,0,6,0-12 meses,Month-to-month,Electronic check,Fiber optic,90.75,512.25,No,0.8882,Alto,90.75
1596-BBVTG,1,0,0,0,35,25-48 meses,Month-to-month,Credit card (automatic),Fiber optic,75.35,2636.05,Yes,0.5199,Medio,0.0
6188-UXBBR,0,0,1,0,38,25-48 meses,One year,Credit card (automatic),No,20.25,814.75,No,0.061,Bajo,0.0
2333-KWEWW,1,0,0,0,18,13-24 meses,Two year,Credit card (automatic),No,20.05,388.6,No,0.086,Bajo,0.0
5702-SKUOB,0,0,1,0,4,0-12 meses,Month-to-month,Mailed check,No,19.6,93.45,No,0.2169,Bajo,0.0
1134-YWTYF,1,0,1,0,27,25-48 meses,Month-to-month,Electronic check,DSL,53.8,1389.85,No,0.3145,Medio,0.0
6061-GWWAV,1,0,0,1,41,25-48 meses,One year,Mailed check,DSL,70.2,2894.55,No,0.2101,Bajo,0.0
0679-TDGAK,1,0,1,1,50,49-72 meses,One year,Electronic check,DSL,75.5,4025.6,No,0.2052,Bajo,0.0
6585-WCEWR,1,0,1,1,72,49-72 meses,Two year,Electronic check,No,20.35,1354.4,No,0.0459,Bajo,0.0
9067-YGSCA,0,0,0,0,70,49-72 meses,One year,Credit card (automatic),No,26.05,1856.4,No,0.0941,Bajo,0.0
9067-SQTNS,1,0,1,1,44,25-48 meses,One year,Bank transfer (automatic),No,20.6,926.0,No,0.0461,Bajo,0.0
8433-WXGNA,1,0,0,0,2,0-12 meses,Month-to-month,Electronic check,Fiber optic,75.7,189.2,Yes,0.7656,Alto,75.7
1776-SPBWV,0,0,1,1,34,25-48 meses,One year,Bank transfer (automatic),No,20.1,682.1,No,0.0603,Bajo,0.0
8735-SDUFN,0,1,1,0,72,49-72 meses,Two year,Bank transfer (automatic),No,24.3,1778.7,No,0.0271,Bajo,0.0
9668-PUGNU,1,0,1,0,71,49-72 meses,Two year,Electronic check,No,24.5,1816.2,No,0.0747,Bajo,0.0
9405-GPBBG,0,0,0,0,64,49-72 meses,Two year,Credit card (automatic),Fiber optic,110.5,7069.25,No,0.2615,Bajo,0.0
1926-QUZNN,0,0,1,0,72,49-72 meses,Two year,Bank transfer (automatic),No,25.25,1841.2,No,0.0347,Bajo,0.0
3707-GNWHM,1,0,0,0,1,0-12 meses,Month-to-month,Mailed check,Fiber optic,74.25,74.25,Yes,0.8863,Alto,74.25
7016-NVRIC,1,1,1,0,29,25-48 meses,One year,Bank transfer (automatic),Fiber optic,90.1,2656.7,No,0.4144,Medio,0.0
5829-NVSQN,0,0,1,0,23,13-24 meses,One year,Bank transfer (automatic),DSL,68.75,1689.45,No,0.2196,Bajo,0.0
9565-AXSMR,1,0,1,1,52,49-72 meses,Two year,Mailed check,No,19.2,1054.75,No,0.0366,Bajo,0.0
8922-LIEGH,0,1,0,0,25,25-48 meses,Month-to-month,Electronic check,Fiber optic,89.7,2187.55,Yes,0.7576,Alto,89.7
8869-LIHMK,0,0,0,0,64,49-72 meses,Two year,Bank transfer (automatic),Fiber optic,115.1,7334.05,No,0.2331,Bajo,0.0
8245-UMPYT,0,1,0,0,16,13-24 meses,Month-to-month,Electronic check,Fiber optic,96.4,1581.2,Yes,0.811,Alto,96.4
5186-SAMNZ,1,1,0,0,1,0-12 meses,Month-to-month,Bank transfer (automatic),Fiber optic,69.5,69.5,Yes,0.8694,Alto,69.5
0447-RXSGD,1,0,0,0,24,13-24 meses,Month-to-month,Bank transfer (automatic),Fiber optic,99.65,2404.85,No,0.677,Alto,99.65
4927-WWOOZ,1,0,1,0,2,0-12 meses,Month-to-month,Electronic check,Fiber optic,91.45,171.45,No,0.8896,Alto,91.45
5788-YPOEG,0,0,1,1,34,25-48 meses,Two year,Mailed check,DSL,84.75,2839.45,No,0.1002,Bajo,0.0
5373-SFODM,1,1,1,0,36,25-48 meses,Month-to-month,Credit card (automatic),Fiber optic,85.25,3132.75,Yes,0.6247,Alto,85.25
0661-KBKPA,1,0,1,1,53,49-72 meses,One year,Mailed check,DSL,78.75,3942.45,No,0.2323,Bajo,0.0
9081-WWXKP,0,0,1,1,47,25-48 meses,Two year,Credit card (automatic),No,20.25,873.4,No,0.0188,Bajo,0.0
0784-ZQJZX,1,0,0,1,72,49-72 meses,Two year,Credit card (automatic),No,19.9,1529.65,No,0.0357,Bajo,0.0
3133-PZNSR,1,0,1,1,72,49-72 meses,Two year,Credit card (automatic),Fiber optic,97.75,6991.6,No,0.1236,Bajo,0.0
5766-ZJYBB,1,0,0,0,1,0-12 meses,Month-to-month,Mailed check,No,19.4,19.4,Yes,0.5107,Medio,0.0
8931-GJJIQ,0,0,0,0,9,0-12 meses,Month-to-month,Electronic check,Fiber optic,83.3,803.3,Yes,0.8688,Alto,83.3
4277-PVRAN,0,0,0,0,8,0-12 meses,Month-to-month,Bank transfer (automatic),Fiber optic,80.1,679.3,Yes,0.815,Alto,80.1
0022-TCJCI,1,1,0,0,45,25-48 meses,One year,Credit card (automatic),DSL,62.7,2791.5,Yes,0.3102,Medio,0.0
0722-SVSFK,0,0,0,0,7,0-12 meses,Month-to-month,Electronic check,Fiber optic,100.4,715.0,No,0.8154,Alto,100.4
3612-YVGSJ,0,0,1,0,71,49-72 meses,Two year,Credit card (automatic),No,24.45,1681.6,No,0.0337,Bajo,0.0
9825-YCXWZ,0,1,0,0,41,25-48 meses,One year,Bank transfer (automatic),Fiber optic,101.1,4016.2,No,0.4593,Medio,0.0
5397-NSKQG,1,0,1,1,67,49-72 meses,Two year,Credit card (automatic),DSL,50.9,3281.65,No,0.0867,Bajo,0.0
8565-HBFNN,1,0,1,0,69,49-72 meses,One year,Credit card (automatic),Fiber optic,107.2,7317.1,No,0.3197,Medio,0.0
2000-DHJUY,0,1,1,0,70,49-72 meses,Two year,Bank transfer (automatic),DSL,92.2,6474.45,No,0.0693,Bajo,0.0
0203-HHYIJ,1,0,0,0,25,25-48 meses,One year,Bank transfer (automatic),No,25.3,676.35,Yes,0.1463,Bajo,0.0
8670-ERCJH,1,0,0,0,72,49-72 meses,Two year,Bank transfer (automatic),Fiber optic,113.4,8164.1,No,0.1269,Bajo,0.0
7758-UJWYS,1,0,1,1,34,25-48 meses,Two year,Electronic check,DSL,40.55,1325.85,No,0.1742,Bajo,0.0
2050-ONYDQ,0,0,1,1,65,49-72 meses,Two year,Credit card (automatic),No,26.0,1654.85,No,0.0217,Bajo,0.0
7055-JCGNI,0,0,0,0,70,49-72 meses,Two year,Credit card (automatic),Fiber optic,111.95,7795.95,No,0.1604,Bajo,0.0
0739-UUAJR,0,0,1,1,72,49-72 meses,Two year,Credit card (automatic),DSL,53.8,3952.45,No,0.0726,Bajo,0.0
4826-DXMUP,1,0,0,1,35,25-48 meses,One year,Mailed check,DSL,72.1,2495.15,No,0.3099,Medio,0.0
0952-KMEEH,1,0,0,0,13,13-24 meses,Month-to-month,Mailed check,Fiber optic,98.15,1230.25,Yes,0.6629,Alto,98.15
7285-KLOTR,0,0,1,0,12,0-12 meses,One year,Electronic check,DSL,78.85,876.75,No,0.414,Medio,0.0
0654-PQKDW,0,0,1,1,62,49-72 meses,One year,Bank transfer (automatic),DSL,70.75,4263.45,No,0.112,Bajo,0.0
7175-NTIXE,0,0,0,0,25,25-48 meses,Month-to-month,Credit card (automatic),DSL,76.15,1992.95,No,0.2789,Bajo,0.0
7963-SHNDT,0,0,0,0,52,49-72 meses,Two year,Mailed check,DSL,39.1,1982.1,No,0.0706,Bajo,0.0
9796-BPKIW,1,1,0,0,8,0-12 meses,Month-to-month,Credit card (automatic),Fiber optic,69.95,562.7,No,0.7443,Alto,69.95
0188-GWFLE,1,0,0,0,2,0-12 meses,Month-to-month,Mailed check,No,20.05,33.7,No,0.2623,Bajo,0.0
8129-GMVGI,0,0,1,1,56,49-72 meses,Two year,Mailed check,No,20.05,1090.1,No,0.0402,Bajo,0.0
2882-DDZPG,0,0,0,0,12,0-12 meses,Month-to-month,Bank transfer (automatic),No,19.45,227.45,No,0.2482,Bajo,0.0
3547-LQRIK,0,0,1,0,47,25-48 meses,One year,Electronic check,No,26.9,1250.85,No,0.1298,Bajo,0.0
9137-NOQKA,1,1,0,0,2,0-12 meses,Month-to-month,Electronic check,No,19.2,37.2,No,0.2342,Bajo,0.0
5843-TTHGI,0,0,0,0,18,13-24 meses,Month-to-month,Mailed check,DSL,50.0,892.7,No,0.447,Medio,0.0
1849-RJYIG,0,0,0,0,8,0-12 meses,Month-to-month,Electronic check,DSL,60.0,487.75,No,0.5358,Medio,0.0
8868-GAGIO,1,0,1,0,45,25-48 meses,Month-to-month,Mailed check,Fiber optic,84.55,3713.95,No,0.4575,Medio,0.0
4061-UKJWL,1,0,0,0,3,0-12 meses,Month-to-month,Mailed check,DSL,45.45,141.7,No,0.6539,Alto,45.45
5380-XPJNZ,0,0,0,0,38,25-48 meses,One year,Mailed check,No,20.05,678.2,No,0.0513,Bajo,0.0
8263-QMNTJ,1,0,1,0,72,49-72 meses,Two year,Electronic check,Fiber optic,115.55,8425.3,No,0.1557,Bajo,0.0
8178-EYZUO,1,0,0,0,46,25-48 meses,Month-to-month,Electronic check,Fiber optic,93.7,4154.8,Yes,0.5788,Medio,0.0
3230-JCNZS,0,0,1,1,71,49-72 meses,Two year,Credit card (automatic),Fiber optic,99.0,7061.65,No,0.1381,Bajo,0.0
0277-ORXQS,1,0,1,1,66,49-72 meses,Two year,Bank transfer (automatic),DSL,50.55,3364.55,No,0.0822,Bajo,0.0
5130-IEKQT,1,1,0,0,25,25-48 meses,Month-to-month,Mailed check,Fiber optic,105.95,2655.25,Yes,0.6165,Alto,105.95
3230-WYKIR,1,0,0,0,18,13-24 meses,One year,Credit card (automatic),DSL,82.0,1425.45,Yes,0.3826,Medio,0.0
7996-BPXHY,0,0,1,1,13,13-24 meses,Two year,Bank transfer (automatic),No,25.0,332.5,No,0.1203,Bajo,0.0
3227-WLKLI,0,0,1,1,65,49-72 meses,Two year,Bank transfer (automatic),DSL,91.55,5963.95,No,0.0384,Bajo,0.0
0407-BDJKB,1,0,1,0,60,49-72 meses,Month-to-month,Electronic check,Fiber optic,95.75,5742.9,Yes,0.6016,Alto,95.75
2266-FUBDZ,1,0,1,1,15,13-24 meses,Two year,Mailed check,No,19.35,278.85,No,0.0491,Bajo,0.0
8237-ULIXL,0,0,1,0,72,49-72 meses,Two year,Credit card (automatic),No,24.85,1871.85,No,0.0321,Bajo,0.0
9600-UDOPK,1,0,1,0,30,25-48 meses,Month-to-month,Credit card (automatic),Fiber optic,94.05,2866.45,Yes,0.6448,Alto,94.05
8216-AZUUZ,0,0,1,1,42,25-48 meses,Two year,Electronic check,Fiber optic,100.4,4303.65,No,0.3492,Medio,0.0
9153-BTBVV,0,0,1,0,71,49-72 meses,Two year,Bank transfer (automatic),No,25.0,1753.0,No,0.0217,Bajo,0.0
4074-SJFFA,0,0,0,0,1,0-12 meses,Month-to-month,Mailed check,DSL,54.75,54.75,Yes,0.7366,Alto,54.75
3269-ATYWD,1,1,0,0,39,25-48 meses,Month-to-month,Bank transfer (automatic),Fiber optic,95.65,3759.05,Yes,0.673,Alto,95.65
5186-PEIZU,0,0,0,0,35,25-48 meses,Month-to-month,Bank transfer (automatic),No,19.25,617.65,No,0.1405,Bajo,0.0
1074-AMIOH,0,0,1,1,53,49-72 meses,Month-to-month,Bank transfer (automatic),Fiber optic,108.25,5935.1,No,0.415,Medio,0.0
4910-GMJOT,0,0,0,0,1,0-12 meses,Month-to-month,Electronic check,Fiber optic,94.6,94.6,Yes,0.9292,Alto,94.6
0354-WYROK,0,1,1,1,31,25-48 meses,Month-to-month,Electronic check,Fiber optic,98.9,2911.3,Yes,0.6425,Alto,98.9
4361-FEBGN,1,0,0,0,48,25-48 meses,Two year,Credit card (automatic),No,20.15,982.95,No,0.0349,Bajo,0.0
7748-UMTRK,0,1,0,1,30,25-48 meses,Month-to-month,Electronic check,Fiber optic,101.3,2974.5,No,0.6901,Alto,101.3
0380-ZCSBI,1,0,0,0,10,0-12 meses,Month-to-month,Credit card (automatic),No,20.0,198.7,No,0.2265,Bajo,0.0
7145-FEJWU,0,0,0,1,12,0-12 meses,Month-to-month,Electronic check,Fiber optic,105.3,1275.65,No,0.7936,Alto,105.3
6463-MVYRY,0,1,0,0,57,49-72 meses,Two year,Bank transfer (automatic),DSL,69.85,4003.0,No,0.1109,Bajo,0.0
3969-JQABI,0,0,1,0,58,49-72 meses,Month-to-month,Credit card (automatic),DSL,65.25,3791.6,No,0.2297,Bajo,0.0
9624-EGDEQ,0,0,0,0,37,25-48 meses,Two year,Mailed check,No,19.8,813.3,No,0.0416,Bajo,0.0
1051-EQPZR,0,0,1,1,44,25-48 meses,Month-to-month,Mailed check,No,19.6,780.25,No,0.0957,Bajo,0.0
5849-ASHZJ,1,0,0,1,27,25-48 meses,One year,Credit card (automatic),No,20.05,552.9,No,0.0438,Bajo,0.0
5780-INQIK,0,0,0,0,8,0-12 meses,Month-to-month,Electronic check,DSL,49.4,408.25,No,0.5897,Medio,0.0
7576-OYWBN,1,1,0,0,3,0-12 meses,Month-to-month,Electronic check,Fiber optic,76.05,231.8,Yes,0.8673,Alto,76.05
4526-ZJJTM,0,1,1,0,25,25-48 meses,Month-to-month,Bank transfer (automatic),Fiber optic,88.4,2191.15,No,0.5543,Medio,0.0
8384-FZBJK,0,0,1,1,57,49-72 meses,Month-to-month,Electronic check,Fiber optic,100.6,5611.7,No,0.5981,Medio,0.0
3750-RNQKR,0,0,0,0,12,0-12 meses,Month-to-month,Mailed check,No,19.45,246.25,No,0.181,Bajo,0.0
0962-CQPWQ,0,0,1,1,62,49-72 meses,Two year,Bank transfer (automatic),No,20.3,1296.15,No,0.0188,Bajo,0.0
3096-YXENJ,0,0,1,0,65,49-72 meses,Two year,Bank transfer (automatic),Fiber optic,107.65,7082.85,No,0.283,Bajo,0.0
1265-BCFEO,0,0,1,0,71,49-72 meses,Two year,Bank transfer (automatic),DSL,80.45,5662.25,No,0.0873,Bajo,0.0
5837-LXSDN,0,0,1,1,21,13-24 meses,One year,Credit card (automatic),DSL,58.85,1215.45,No,0.3308,Medio,0.0
5945-AZYHT,1,0,1,0,71,49-72 meses,One year,Electronic check,Fiber optic,109.6,7854.15,No,0.3541,Medio,0.0
8325-QRPZR,0,0,0,0,7,0-12 meses,Month-to-month,Electronic check,Fiber optic,75.15,525.0,No,0.8258,Alto,75.15
6384-VMJHP,0,0,0,0,72,49-72 meses,Two year,Credit card (automatic),DSL,73.0,5265.2,No,0.0717,Bajo,0.0
2262-SLNVK,0,0,0,0,1,0-12 meses,Month-to-month,Electronic check,Fiber optic,70.1,70.1,No,0.8595,Alto,70.1
7730-CLDSV,0,0,1,1,72,49-72 meses,Two year,Bank transfer (automatic),Fiber optic,98.65,7129.45,No,0.1718,Bajo,0.0
1135-HIORI,0,0,1,1,64,49-72 meses,One year,Electronic check,Fiber optic,111.45,7266.95,No,0.4208,Medio,0.0
0164-APGRB,0,0,0,0,72,49-72 meses,Two year,Electronic check,Fiber optic,114.9,8496.7,No,0.1604,Bajo,0.0
6481-ESCNL,0,0,0,0,29,25-48 meses,Month-to-month,Bank transfer (automatic),Fiber optic,100.55,2878.75,No,0.5907,Medio,0.0
1790-NESIO,0,0,0,0,13,13-24 meses,Two year,Mailed check,No,20.4,261.3,No,0.0851,Bajo,0.0
1550-EENBN,0,0,0,0,31,25-48 meses,Month-to-month,Electronic check,Fiber optic,104.35,3205.6,No,0.5645,Medio,0.0
5539-TMZLF,1,1,0,0,1,0-12 meses,Month-to-month,Electronic check,Fiber optic,69.75,69.75,Yes,0.8883,Alto,69.75
4323-SADQS,1,0,1,1,7,0-12 meses,Month-to-month,Electronic check,DSL,34.5,279.25,Yes,0.559,Medio,0.0
4446-BZKHU,1,0,1,0,61,49-72 meses,Month-to-month,Electronic check,Fiber optic,105.55,6281.45,Yes,0.6243,Alto,105.55
5202-IVJNU,0,0,0,1,39,25-48 meses,Month-to-month,Credit card (automatic),DSL,30.1,1131.3,Yes,0.3966,Medio,0.0
5976-JCJRH,1,0,1,0,10,0-12 meses,Month-to-month,Electronic check,Fiber optic,70.3,738.2,Yes,0.8057,Alto,70.3
8198-RKSZG,0,0,1,1,14,13-24 meses,Month-to-month,Credit card (automatic),DSL,80.45,1137.05,No,0.4413,Medio,0.0
0137-OCGAB,0,0,0,0,1,0-12 meses,Month-to-month,Mailed check,Fiber optic,80.2,80.2,Yes,0.8827,Alto,80.2
3351-NQLDI,0,0,1,1,67,49-72 meses,One year,Credit card (automatic),Fiber optic,94.35,6341.45,Yes,0.3412,Medio,0.0
9297-EONCV,0,0,0,0,72,49-72 meses,Two year,Bank transfer (automatic),DSL,91.35,6697.2,No,0.037,Bajo,0.0
7593-JNWRU,1,0,1,1,6,0-12 meses,Month-to-month,Bank transfer (automatic),DSL,44.6,260.8,Yes,0.5867,Medio,0.0
4588-YBNIB,0,0,0,0,1,0-12 meses,Month-to-month,Mailed check,No,19.6,19.6,Yes,0.5736,Medio,0.0
1069-QJOEE,1,0,1,1,25,25-48 meses,One year,Electronic check,No,19.9,505.45,No,0.0833,Bajo,0.0
3336-JORSO,0,1,0,0,33,25-48 meses,Month-to-month,Electronic check,Fiber optic,110.45,3655.45,Yes,0.6459,Alto,110.45
7799-DSEWS,1,0,0,0,18,13-24 meses,Month-to-month,Electronic check,DSL,68.35,1299.8,No,0.3733,Medio,0.0
8766-PAFNE,1,0,1,0,71,49-72 meses,Two year,Credit card (automatic),DSL,79.1,5564.85,No,0.0677,Bajo,0.0
5315-CKEQK,1,1,1,1,28,25-48 meses,One year,Electronic check,DSL,51.0,1381.8,No,0.2952,Bajo,0.0
3130-ICDUP,0,0,0,1,2,0-12 meses,Month-to-month,Credit card (automatic),Fiber optic,80.55,188.1,No,0.6849,Alto,80.55
0820-FNRNX,1,0,1,1,17,13-24 meses,Month-to-month,Mailed check,DSL,66.7,1077.05,No,0.3596,Medio,0.0
0880-FVFWF,1,0,0,0,56,49-72 meses,Month-to-month,Electronic check,Fiber optic,86.4,4922.4,No,0.4662,Medio,0.0
4611-ANLQC,0,0,1,0,60,49-72 meses,One year,Electronic check,DSL,50.05,2911.5,No,0.2464,Bajo,0.0
4213-HKBJO,0,0,0,0,33,25-48 meses,Two year,Credit card (automatic),No,25.7,826.1,No,0.0816,Bajo,0.0
2792-LSHWX,0,0,0,0,1,0-12 meses,Month-to-month,Mailed check,Fiber optic,83.4,83.4,No,0.7594,Alto,83.4
5028-GZLDO,1,0,0,0,2,0-12 meses,Month-to-month,Credit card (automatic),Fiber optic,70.7,140.7,Yes,0.7613,Alto,70.7
0014-BMAQU,1,0,1,0,63,49-72 meses,Two year,Credit card (automatic),Fiber optic,84.65,5377.8,No,0.1701,Bajo,0.0
6861-XWTWQ,1,1,1,0,7,0-12 meses,Month-to-month,Electronic check,Fiber optic,99.25,665.45,Yes,0.8987,Alto,99.25
9018-PCIOK,0,0,0,0,55,49-72 meses,Two year,Mailed check,DSL,64.75,3617.1,No,0.1212,Bajo,0.0
4837-QUSFT,0,0,1,0,65,49-72 meses,One year,Bank transfer (automatic),Fiber optic,100.15,6643.5,No,0.2723,Bajo,0.0
6877-TJMBR,1,0,1,0,1,0-12 meses,Month-to-month,Electronic check,Fiber optic,84.8,84.8,Yes,0.8577,Alto,84.8
9953-ZMKSM,1,0,0,0,63,49-72 meses,Two year,Mailed check,No,25.25,1559.3,No,0.0524,Bajo,0.0
0907-HQNTS,0,1,1,0,70,49-72 meses,Two year,Credit card (automatic),Fiber optic,113.0,7987.6,No,0.1382,Bajo,0.0
7665-NKLAV,0,0,1,1,36,25-48 meses,Two year,Credit card (automatic),DSL,40.65,1547.35,No,0.101,Bajo,0.0
6769-DCQLI,1,0,0,0,52,49-72 meses,One year,Bank transfer (automatic),Fiber optic,105.0,5426.85,Yes,0.4535,Medio,0.0
2433-KMEAS,1,0,0,0,22,13-24 meses,Month-to-month,Electronic check,DSL,54.45,1127.35,Yes,0.509,Medio,0.0
4391-LNRXK,1,0,0,0,22,13-24 meses,Month-to-month,Bank transfer (automatic),Fiber optic,94.95,2142.8,No,0.5494,Medio,0.0
8250-ZNGGW,0,1,0,0,5,0-12 meses,Month-to-month,Credit card (automatic),DSL,59.9,287.85,No,0.4386,Medio,0.0
2195-ZRVAX,0,0,1,0,47,25-48 meses,Month-to-month,Electronic check,Fiber optic,85.3,4045.65,Yes,0.5994,Medio,0.0
3550-SAHFP,0,0,0,0,33,25-48 meses,Month-to-month,Electronic check,Fiber optic,83.35,2757.85,Yes,0.7155,Alto,83.35
2011-TRQYE,1,0,0,0,18,13-24 meses,Month-to-month,Credit card (automatic),DSL,33.5,600.0,Yes,0.4833,Medio,0.0
8562-GHPPI,0,0,0,0,1,0-12 meses,Month-to-month,Credit card (automatic),No,19.8,19.8,No,0.4653,Medio,0.0
5893-PYOLZ,1,0,0,0,56,49-72 meses,Two year,Credit card (automatic),DSL,81.8,4534.45,No,0.0932,Bajo,0.0
4986-MXSFP,0,0,0,0,2,0-12 meses,Month-to-month,Mailed check,No,20.0,40.9,No,0.2685,Bajo,0.0
6131-FOYAS,1,0,0,0,35,25-48 meses,Month-to-month,Electronic check,DSL,59.6,2094.9,No,0.3321,Medio,0.0
3027-YNWZU,0,0,1,0,64,49-72 meses,Two year,Credit card (automatic),No,25.0,1584.8,No,0.033,Bajo,0.0
5609-IMCGG,0,0,0,0,15,13-24 meses,Month-to-month,Credit card (automatic),Fiber optic,84.35,1302.65,No,0.5971,Medio,0.0
4873-ILOLJ,1,0,0,0,24,13-24 meses,Month-to-month,Electronic check,Fiber optic,90.35,2238.5,Yes,0.7059,Alto,90.35
4727-MCYZG,1,0,0,0,1,0-12 meses,Month-to-month,Mailed check,DSL,55.55,55.55,No,0.6878,Alto,55.55
9481-WHGWY,0,0,1,1,70,49-72 meses,Two year,Credit card (automatic),DSL,75.35,5437.75,No,0.0749,Bajo,0.0
2725-KXXWT,1,0,1,0,1,0-12 meses,Month-to-month,Electronic check,Fiber optic,90.75,90.75,Yes,0.9009,Alto,90.75
9565-DJPIB,0,0,0,1,4,0-12 meses,Month-to-month,Mailed check,Fiber optic,89.6,365.65,Yes,0.7895,Alto,89.6
4328-VUFWD,0,0,0,0,39,25-48 meses,One year,Electronic check,DSL,59.3,2209.15,No,0.2457,Bajo,0.0
3301-LSLWQ,0,0,0,0,29,25-48 meses,Month-to-month,Electronic check,DSL,66.1,1912.15,No,0.3385,Medio,0.0
7473-ZBDSN,0,0,1,1,14,13-24 meses,Two year,Mailed check,No,18.8,255.55,No,0.0545,Bajo,0.0
3166-PNEOF,0,0,0,0,61,49-72 meses,Two year,Credit card (automatic),DSL,86.45,5175.3,No,0.0819,Bajo,0.0
5639-NTUPK,1,0,0,1,13,13-24 meses,Month-to-month,Credit card (automatic),DSL,52.1,670.65,No,0.3921,Medio,0.0
8780-YRMTT,0,0,0,0,66,49-72 meses,Two year,Mailed check,DSL,47.4,3177.25,No,0.0557,Bajo,0.0
8348-HFYIV,1,0,0,0,2,0-12 meses,Month-to-month,Electronic check,DSL,49.25,90.35,Yes,0.8155,Alto,49.25
5140-FOMCQ,0,0,1,0,59,49-72 meses,One year,Credit card (automatic),Fiber optic,109.15,6557.75,No,0.3689,Medio,0.0
6242-SGYTS,1,0,1,1,62,49-72 meses,One year,Credit card (automatic),Fiber optic,94.95,5791.85,No,0.2943,Bajo,0.0
8166-ORCHU,1,1,1,0,33,25-48 meses,One year,Electronic check,Fiber optic,93.55,3055.5,No,0.456,Medio,0.0
8414-OOEEL,1,0,0,1,66,49-72 meses,Two year,Credit card (automatic),DSL,79.5,5196.1,No,0.1087,Bajo,0.0
8454-AATJP,0,0,0,0,72,49-72 meses,Two year,Credit card (automatic),Fiber optic,115.05,8405.0,No,0.1032,Bajo,0.0
6849-WLEYG,1,0,0,1,1,0-12 meses,Month-to-month,Mailed check,No,19.75,19.75,Yes,0.5031,Medio,0.0
4659-NZRUF,0,0,0,0,19,13-24 meses,Month-to-month,Electronic check,Fiber optic,95.15,1789.25,Yes,0.7302,Alto,95.15
4531-AUZNK,0,0,1,1,51,49-72 meses,One year,Mailed check,Fiber optic,95.15,5000.05,No,0.3348,Medio,0.0
4191-XOVOM,1,0,0,0,63,49-72 meses,Month-to-month,Electronic check,Fiber optic,105.4,6713.2,No,0.5063,Medio,0.0
2150-OEGBV,1,0,0,0,27,25-48 meses,One year,Bank transfer (automatic),No,20.1,562.6,No,0.074,Bajo,0.0
8429-XIBUM,1,0,0,0,22,13-24 meses,Month-to-month,Bank transfer (automatic),Fiber optic,101.35,2317.1,Yes,0.6884,Alto,101.35
1855-CFULU,0,1,0,0,4,0-12 meses,Month-to-month,Mailed check,No,20.05,91.45,No,0.2708,Bajo,0.0
4878-BUNFV,1,0,1,1,42,25-48 meses,Two year,Mailed check,No,20.7,828.85,No,0.0167,Bajo,0.0
1872-EBWSC,0,0,0,0,29,25-48 meses,One year,Mailed check,No,20.35,617.35,No,0.055,Bajo,0.0
2608-BHKFN,0,0,0,0,4,0-12 meses,Month-to-month,Credit card (automatic),Fiber optic,70.05,266.9,Yes,0.805,Alto,70.05
7026-YMSBE,1,0,0,0,30,25-48 meses,One year,Mailed check,No,19.7,625.05,No,0.05,Bajo,0.0
7341-LXCAF,1,0,1,0,4,0-12 meses,Month-to-month,Electronic check,Fiber optic,74.65,301.4,Yes,0.8594,Alto,74.65
6997-UVGOX,1,0,1,1,71,49-72 meses,Two year,Bank transfer (automatic),DSL,85.45,6029.9,No,0.03,Bajo,0.0
9674-EHPPG,1,0,1,0,46,25-48 meses,Two year,Credit card (automatic),DSL,40.4,1842.7,No,0.096,Bajo,0.0
9462-MJUAW,1,0,0,0,4,0-12 meses,Month-to-month,Mailed check,DSL,50.4,206.6,Yes,0.6415,Alto,50.4
8128-YVJRG,0,0,0,0,7,0-12 meses,Month-to-month,Mailed check,Fiber optic,79.65,604.7,Yes,0.7358,Alto,79.65
5440-VHLUL,1,0,0,0,69,49-72 meses,One year,Bank transfer (automatic),Fiber optic,105.2,7386.05,No,0.4455,Medio,0.0
5781-BKHOP,0,0,1,0,72,49-72 meses,Two year,Bank transfer (automatic),Fiber optic,100.65,7334.05,No,0.1353,Bajo,0.0
4283-FUTGF,1,1,0,0,19,13-24 meses,Month-to-month,Electronic check,Fiber optic,79.85,1471.75,Yes,0.7503,Alto,79.85
5213-TWWJU,1,0,0,0,28,25-48 meses,Month-to-month,Electronic check,Fiber optic,91.0,2626.15,No,0.5505,Medio,0.0
1569-TTNYJ,1,0,1,0,5,0-12 meses,Month-to-month,Electronic check,Fiber optic,78.75,412.1,Yes,0.8594,Alto,78.75
8628-MFKAX,0,1,1,0,72,49-72 meses,Two year,Credit card (automatic),Fiber optic,116.75,8277.05,No,0.0842,Bajo,0.0
2397-BRLOM,1,1,1,1,8,0-12 meses,Month-to-month,Credit card (automatic),Fiber optic,80.45,583.45,Yes,0.7832,Alto,80.45
7629-WIXZF,0,0,0,0,7,0-12 meses,One year,Electronic check,DSL,59.1,369.25,No,0.4869,Medio,0.0
5445-GLVOT,0,0,0,0,22,13-24 meses,Month-to-month,Electronic check,DSL,49.8,1049.05,No,0.4915,Medio,0.0
3976-HXHCE,1,0,0,0,72,49-72 meses,Two year,Bank transfer (automatic),No,19.3,1414.8,No,0.0625,Bajo,0.0
2466-NEJOJ,1,0,1,1,8,0-12 meses,Month-to-month,Credit card (automatic),No,19.65,169.75,No,0.1671,Bajo,0.0
0254-KCJGT,1,0,1,0,52,49-72 meses,One year,Credit card (automatic),DSL,81.4,4354.45,No,0.2123,Bajo,0.0
5472-CVMDX,0,0,0,0,68,49-72 meses,Two year,Mailed check,DSL,38.9,2719.2,No,0.0636,Bajo,0.0
6461-SZMCV,0,0,1,0,71,49-72 meses,Two year,Bank transfer (automatic),DSL,87.95,6365.35,No,0.0306,Bajo,0.0
8150-QUDFX,1,0,0,0,2,0-12 meses,Month-to-month,Mailed check,No,19.85,51.6,No,0.2503,Bajo,0.0
9508-ILZDG,0,1,0,0,34,25-48 meses,Month-to-month,Electronic check,Fiber optic,96.35,3190.25,No,0.6527,Alto,96.35
2346-DJQTB,0,0,0,0,35,25-48 meses,Month-to-month,Electronic check,DSL,24.15,812.5,No,0.4409,Medio,0.0
1697-LYYYX,0,0,1,1,61,49-72 meses,One year,Credit card (automatic),No,19.1,1143.8,No,0.0723,Bajo,0.0
1942-OQFRW,1,0,0,0,1,0-12 meses,Month-to-month,Electronic check,DSL,44.0,44.0,No,0.7556,Alto,44.0
4749-VFKVB,0,0,0,0,1,0-12 meses,Month-to-month,Mailed check,DSL,50.1,50.1,Yes,0.7306,Alto,50.1
9640-ZSLDC,0,0,1,1,53,49-72 meses,One year,Credit card (automatic),DSL,60.6,3297.0,No,0.1889,Bajo,0.0
4231-LZUYM,0,0,1,0,72,49-72 meses,Two year,Bank transfer (automatic),No,25.65,1887.0,No,0.0222,Bajo,0.0
7598-UAASY,1,0,1,0,2,0-12 meses,Month-to-month,Electronic check,Fiber optic,76.4,151.8,Yes,0.799,Alto,76.4
7938-OUHIO,1,0,0,0,3,0-12 meses,Month-to-month,Electronic check,Fiber optic,98.7,293.65,Yes,0.8317,Alto,98.7
8510-AWCXC,0,1,0,0,13,13-24 meses,Month-to-month,Electronic check,Fiber optic,100.8,1308.1,Yes,0.8214,Alto,100.8
6128-AQBMT,1,1,1,0,41,25-48 meses,Month-to-month,Electronic check,DSL,53.95,2215.4,No,0.5305,Medio,0.0
3594-BDSOA,0,0,1,0,24,13-24 meses,One year,Credit card (automatic),No,20.4,482.8,No,0.0792,Bajo,0.0
0431-APWVY,0,0,1,1,28,25-48 meses,One year,Bank transfer (automatic),Fiber optic,90.1,2598.95,Yes,0.5015,Medio,0.0
5133-VRSAB,1,0,0,0,8,0-12 meses,Month-to-month,Mailed check,DSL,29.35,216.45,No,0.5016,Medio,0.0
5996-DAOQL,1,0,0,0,1,0-12 meses,Month-to-month,Mailed check,No,20.45,20.45,No,0.5539,Medio,0.0
6838-YAUVY,0,0,0,0,54,49-72 meses,Two year,Bank transfer (automatic),Fiber optic,95.1,5064.85,No,0.2649,Bajo,0.0
0484-JPBRU,1,0,0,0,41,25-48 meses,Month-to-month,Bank transfer (automatic),No,25.25,996.45,No,0.1253,Bajo,0.0
7883-ROJOC,0,0,1,0,19,13-24 meses,Month-to-month,Mailed check,DSL,44.9,839.65,No,0.3747,Medio,0.0
0244-LGNFY,0,0,1,1,72,49-72 meses,Two year,Bank transfer (automatic),DSL,92.65,6733.0,No,0.0247,Bajo,0.0
7274-CGTOD,1,0,0,0,62,49-72 meses,Two year,Bank transfer (automatic),DSL,43.7,2618.3,No,0.0572,Bajo,0.0
4295-YURET,0,1,1,1,56,49-72 meses,Two year,Credit card (automatic),DSL,72.6,4084.35,No,0.1163,Bajo,0.0
3426-NIYYL,1,0,0,0,15,13-24 meses,Month-to-month,Electronic check,DSL,51.55,765.5,Yes,0.532,Medio,0.0
8225-BTJAU,1,1,0,0,10,0-12 meses,Month-to-month,Electronic check,Fiber optic,79.25,793.55,Yes,0.8319,Alto,79.25
4635-EJYPD,1,0,1,1,32,25-48 meses,Two year,Mailed check,No,18.95,613.95,No,0.0341,Bajo,0.0
1866-ZSLJM,1,0,0,0,21,13-24 meses,Month-to-month,Credit card (automatic),No,20.5,402.85,No,0.1385,Bajo,0.0
4636-TVXVG,1,0,1,1,62,49-72 meses,One year,Bank transfer (automatic),No,19.95,1244.8,No,0.0538,Bajo,0.0
4236-UJPWO,0,0,0,0,2,0-12 meses,Month-to-month,Electronic check,DSL,24.5,46.4,No,0.7356,Alto,24.5
9392-XBGTD,1,0,0,1,27,25-48 meses,Two year,Mailed check,No,20.6,581.85,No,0.0401,Bajo,0.0
3387-VATUS,1,0,0,0,5,0-12 meses,Month-to-month,Bank transfer (automatic),Fiber optic,94.85,462.8,Yes,0.8923,Alto,94.85
6402-SSEJG,0,0,0,0,25,25-48 meses,One year,Electronic check,DSL,61.05,1540.2,No,0.2908,Bajo,0.0
1143-NMNQJ,0,0,0,0,2,0-12 meses,Month-to-month,Electronic check,Fiber optic,85.7,169.8,Yes,0.9011,Alto,85.7
1169-SAOCL,1,0,0,0,49,49-72 meses,One year,Bank transfer (automatic),Fiber optic,106.65,5168.1,No,0.4811,Medio,0.0
1110-KYLGQ,0,0,0,0,63,49-72 meses,Month-to-month,Credit card (automatic),Fiber optic,108.25,6780.1,No,0.3524,Medio,0.0
9929-PLVPA,0,0,0,1,4,0-12 meses,Month-to-month,Credit card (automatic),No,20.4,94.5,No,0.2324,Bajo,0.0
3518-PZXZQ,0,0,1,0,1,0-12 meses,Month-to-month,Mailed check,DSL,55.3,55.3,No,0.7076,Alto,55.3
2371-JUNGC,1,0,0,0,11,0-12 meses,Month-to-month,Mailed check,No,20.25,208.0,No,0.2246,Bajo,0.0
7693-QPEFS,1,1,0,0,52,49-72 meses,Month-to-month,Bank transfer (automatic),Fiber optic,72.95,3829.75,No,0.5169,Medio,0.0
0924-BJCRC,0,1,1,0,60,49-72 meses,Month-to-month,Electronic check,Fiber optic,89.45,5294.6,No,0.4891,Medio,0.0
5074-FBGHB,1,0,0,0,64,49-72 meses,One year,Credit card (automatic),Fiber optic,104.65,6889.8,No,0.4511,Medio,0.0
2351-BKRZW,0,0,1,1,43,25-48 meses,Two year,Bank transfer (automatic),DSL,75.2,3254.35,No,0.0971,Bajo,0.0
4455-BFSPD,0,0,1,0,61,49-72 meses,One year,Bank transfer (automatic),Fiber optic,101.15,6383.9,No,0.3551,Medio,0.0
0415-MOSGF,0,0,0,0,1,0-12 meses,Month-to-month,Mailed check,DSL,44.4,44.4,Yes,0.7119,Alto,44.4
1724-BQUHA,1,1,0,0,5,0-12 meses,Month-to-month,Electronic check,Fiber optic,89.5,477.7,Yes,0.8784,Alto,89.5
3948-KXDUF,1,0,0,0,66,49-72 meses,Two year,Bank transfer (automatic),DSL,68.75,4447.55,No,0.051,Bajo,0.0
2323-ARSVR,1,0,1,0,67,49-72 meses,Two year,Electronic check,Fiber optic,111.05,7321.05,No,0.2443,Bajo,0.0
0815-MFZGM,0,0,1,0,42,25-48 meses,Two year,Credit card (automatic),Fiber optic,99.0,4135.0,No,0.2637,Bajo,0.0
4826-XTSOH,1,1,1,0,1,0-12 meses,Month-to-month,Electronic check,Fiber optic,86.05,86.05,Yes,0.9136,Alto,86.05
5480-XTFFL,0,0,1,1,31,25-48 meses,Two year,Mailed check,No,21.0,697.7,No,0.0345,Bajo,0.0
8295-FHIVV,1,0,0,0,7,0-12 meses,Month-to-month,Mailed check,No,19.4,168.65,No,0.1979,Bajo,0.0
2495-INZWQ,1,0,0,0,4,0-12 meses,Month-to-month,Electronic check,DSL,44.55,174.3,Yes,0.7737,Alto,44.55
9086-YJYXS,1,0,1,1,34,25-48 meses,One year,Bank transfer (automatic),DSL,77.2,2753.8,No,0.2487,Bajo,0.0
1179-INLAT,1,0,0,0,3,0-12 meses,One year,Mailed check,No,19.45,69.25,No,0.14,Bajo,0.0
7909-FIOIY,0,0,1,1,19,13-24 meses,Month-to-month,Mailed check,DSL,24.85,434.8,No,0.4221,Medio,0.0
4139-SUGLD,1,0,1,1,31,25-48 meses,Month-to-month,Bank transfer (automatic),DSL,35.4,1077.5,Yes,0.3018,Medio,0.0
6857-VWJDT,0,0,0,0,1,0-12 meses,Month-to-month,Mailed check,Fiber optic,95.65,95.65,Yes,0.8734,Alto,95.65
6351-SCJKT,1,0,0,0,3,0-12 meses,Month-to-month,Mailed check,DSL,41.35,107.25,No,0.5343,Medio,0.0
5468-BPMMO,1,0,1,0,46,25-48 meses,Month-to-month,Electronic check,No,19.6,851.2,No,0.1334,Bajo,0.0
5624-BQSSA,0,0,0,0,1,0-12 meses,Month-to-month,Mailed check,No,20.95,20.95,Yes,0.5359,Medio,0.0
0197-PNKNK,0,0,1,1,69,49-72 meses,One year,Bank transfer (automatic),Fiber optic,84.45,5848.6,No,0.234,Bajo,0.0
2439-QKJUL,1,0,0,0,5,0-12 meses,Month-to-month,Mailed check,No,20.25,109.8,No,0.2461,Bajo,0.0
1194-SPVSP,1,0,0,0,1,0-12 meses,Month-to-month,Bank transfer (automatic),No,19.65,19.65,No,0.4914,Medio,0.0
9534-NSXEM,1,0,0,0,26,25-48 meses,One year,Credit card (automatic),No,20.65,595.5,No,0.0554,Bajo,0.0
2408-WITXK,0,1,0,0,10,0-12 meses,Month-to-month,Electronic check,DSL,34.7,329.8,Yes,0.7096,Alto,34.7
8929-KSWIH,1,0,0,0,25,25-48 meses,Two year,Bank transfer (automatic),Fiber optic,99.3,2513.5,No,0.2943,Bajo,0.0
2250-IVBWA,1,0,1,1,64,49-72 meses,Month-to-month,Electronic check,Fiber optic,81.05,5135.35,No,0.3648,Medio,0.0
1810-MVMAI,1,0,1,1,30,25-48 meses,Month-to-month,Electronic check,DSL,67.6,2000.2,No,0.2481,Bajo,0.0
9506-UXUSK,1,0,0,0,13,13-24 meses,Month-to-month,Electronic check,Fiber optic,70.15,931.75,No,0.7392,Alto,70.15
1229-RCALF,0,0,1,0,64,49-72 meses,One year,Electronic check,Fiber optic,115.0,7396.15,No,0.3583,Medio,0.0
3572-UOLYZ,0,0,0,1,46,25-48 meses,Month-to-month,Bank transfer (automatic),Fiber optic,84.8,3958.85,No,0.4512,Medio,0.0
1429-UYJSV,0,0,0,0,12,0-12 meses,One year,Mailed check,No,19.7,260.9,No,0.1047,Bajo,0.0
5577-OTWWW,0,0,0,0,15,13-24 meses,Month-to-month,Bank transfer (automatic),No,19.75,297.3,Yes,0.2819,Bajo,0.0
6100-QQHEB,1,0,1,1,17,13-24 meses,Month-to-month,Electronic check,Fiber optic,92.55,1515.1,Yes,0.7866,Alto,92.55
6366-XIVKZ,0,0,1,1,13,13-24 meses,Month-to-month,Mailed check,DSL,63.15,816.8,No,0.3804,Medio,0.0
3470-OBUET,0,0,1,1,67,49-72 meses,Two year,Credit card (automatic),DSL,74.0,4868.4,No,0.0786,Bajo,0.0
2770-NSVDG,1,0,1,0,24,13-24 meses,Month-to-month,Electronic check,DSL,29.1,688.0,No,0.4863,Medio,0.0
9375-MHRRS,1,0,0,0,6,0-12 meses,Month-to-month,Mailed check,DSL,50.05,288.35,No,0.5293,Medio,0.0
2634-HCZGT,1,1,1,0,53,49-72 meses,One year,Electronic check,DSL,60.05,3229.65,Yes,0.2542,Bajo,0.0
7503-QQRVF,1,1,1,0,16,13-24 meses,Month-to-month,Credit card (automatic),Fiber optic,74.3,1178.25,Yes,0.6555,Alto,74.3
4860-YZGZM,1,0,0,0,10,0-12 meses,Month-to-month,Electronic check,No,20.0,185.4,No,0.2496,Bajo,0.0
6599-GZWCM,0,0,0,0,13,13-24 meses,One year,Mailed check,Fiber optic,74.65,966.25,No,0.5731,Medio,0.0
2691-NZETQ,1,0,0,0,9,0-12 meses,Month-to-month,Electronic check,Fiber optic,85.35,758.6,Yes,0.8639,Alto,85.35
4404-HIBDJ,0,0,0,0,25,25-48 meses,One year,Mailed check,DSL,74.3,1863.8,Yes,0.24,Bajo,0.0
5533-NHFRF,1,1,0,0,7,0-12 meses,Month-to-month,Electronic check,DSL,44.4,265.8,No,0.6264,Alto,44.4
7037-MTYVW,1,0,1,1,38,25-48 meses,Two year,Bank transfer (automatic),DSL,85.4,3297.0,No,0.1028,Bajo,0.0
4760-THGOT,0,0,1,0,43,25-48 meses,Month-to-month,Electronic check,Fiber optic,94.1,4107.3,No,0.5824,Medio,0.0
7295-JOMMD,0,0,0,1,4,0-12 meses,Month-to-month,Bank transfer (automatic),Fiber optic,98.1,396.3,Yes,0.8185,Alto,98.1
4016-BJKTZ,0,0,0,0,25,25-48 meses,Two year,Electronic check,Fiber optic,108.9,2809.05,No,0.4171,Medio,0.0
6584-VQMYT,1,0,0,1,27,25-48 meses,One year,Mailed check,DSL,56.2,1567.55,No,0.1688,Bajo,0.0
9838-BFCQT,1,0,1,1,72,49-72 meses,Two year,Mailed check,No,26.1,1851.45,No,0.0211,Bajo,0.0
2790-XUYMV,1,0,0,1,71,49-72 meses,One year,Credit card (automatic),Fiber optic,85.45,6028.95,No,0.2654,Bajo,0.0
0581-MDMPW,0,0,0,0,24,13-24 meses,Month-to-month,Credit card (automatic),Fiber optic,88.95,2072.75,No,0.5979,Medio,0.0
5013-SBUIH,0,0,0,0,50,49-72 meses,Two year,Electronic check,Fiber optic,109.65,5551.15,Yes,0.3649,Medio,0.0
1023-BQXZE,1,0,0,0,57,49-72 meses,Two year,Bank transfer (automatic),DSL,74.35,4317.35,No,0.0982,Bajo,0.0
9163-GHAYE,0,0,0,0,15,13-24 meses,Month-to-month,Electronic check,DSL,48.85,736.8,No,0.478,Medio,0.0
3904-UKFRE,1,0,0,0,4,0-12 meses,Month-to-month,Electronic check,Fiber optic,80.1,336.15,No,0.7728,Alto,80.1
5353-WILCI,0,0,0,0,28,25-48 meses,Month-to-month,Electronic check,DSL,56.05,1522.65,No,0.3084,Medio,0.0
0709-TVGUR,0,1,0,0,9,0-12 meses,Month-to-month,Electronic check,Fiber optic,74.55,622.9,Yes,0.838,Alto,74.55
0058-EVZWM,0,0,1,0,55,49-72 meses,Month-to-month,Bank transfer (automatic),Fiber optic,89.8,4959.6,No,0.4506,Medio,0.0
6023-YEBUP,1,0,0,0,3,0-12 meses,Month-to-month,Electronic check,Fiber optic,100.95,329.95,Yes,0.9039,Alto,100.95
7209-JCUDS,1,0,0,0,10,0-12 meses,Month-to-month,Electronic check,Fiber optic,94.9,1048.85,Yes,0.8443,Alto,94.9
7009-PCARS,1,0,0,1,55,49-72 meses,One year,Bank transfer (automatic),No,19.1,1001.5,No,0.0742,Bajo,0.0
0519-DRGTI,0,0,1,1,20,13-24 meses,Month-to-month,Mailed check,No,20.35,442.6,No,0.1032,Bajo,0.0
1017-FBQMM,0,0,1,1,62,49-72 meses,One year,Credit card (automatic),Fiber optic,106.05,6703.5,No,0.3628,Medio,0.0
3001-CBHLQ,1,1,1,0,32,25-48 meses,Month-to-month,Electronic check,Fiber optic,104.9,3351.55,Yes,0.6942,Alto,104.9
1985-MBRYP,0,0,0,0,43,25-48 meses,Two year,Bank transfer (automatic),No,19.65,779.25,No,0.0549,Bajo,0.0
6158-DWPZT,1,0,1,0,9,0-12 meses,One year,Bank transfer (automatic),DSL,24.1,259.8,Yes,0.5018,Medio,0.0
9372-TXXPS,0,0,1,0,60,49-72 meses,Two year,Bank transfer (automatic),DSL,59.85,3483.45,No,0.0495,Bajo,0.0
3259-QMXUN,1,0,1,0,58,49-72 meses,Two year,Electronic check,DSL,86.1,4890.5,No,0.2009,Bajo,0.0
1015-JPFYW,1,0,0,1,7,0-12 meses,One year,Mailed check,No,19.45,136.75,No,0.1187,Bajo,0.0
6645-MXQJT,1,0,1,1,2,0-12 meses,Month-to-month,Electronic check,Fiber optic,97.1,184.15,No,0.7335,Alto,97.1
4360-QRAVE,1,1,0,0,37,25-48 meses,Month-to-month,Electronic check,DSL,36.65,1315.0,No,0.4446,Medio,0.0
8433-WPJTV,0,1,1,1,65,49-72 meses,One year,Bank transfer (automatic),Fiber optic,103.9,6767.1,No,0.3676,Medio,0.0
5804-JMYIO,0,0,1,1,39,25-48 meses,Two year,Mailed check,No,19.75,757.95,No,0.0258,Bajo,0.0
3763-GCZHZ,1,0,1,0,66,49-72 meses,One year,Electronic check,Fiber optic,104.05,6890.0,Yes,0.4966,Medio,0.0
6484-LATFU,1,0,0,0,68,49-72 meses,Two year,Mailed check,No,24.55,1657.4,No,0.0488,Bajo,0.0
7599-NTMDP,0,0,1,1,62,49-72 meses,Two year,Bank transfer (automatic),DSL,48.7,3008.55,No,0.0527,Bajo,0.0
0772-GYEQQ,1,0,0,0,3,0-12 meses,Month-to-month,Mailed check,Fiber optic,88.35,262.05,Yes,0.8091,Alto,88.35
0536-ACXIP,0,0,1,0,72,49-72 meses,Two year,Electronic check,Fiber optic,109.55,8165.1,No,0.2079,Bajo,0.0
0936-NQLJU,0,0,1,0,41,25-48 meses,Two year,Credit card (automatic),No,20.65,875.55,No,0.0269,Bajo,0.0
4831-EOBFE,1,0,1,1,29,25-48 meses,Month-to-month,Credit card (automatic),Fiber optic,94.65,2649.15,Yes,0.5404,Medio,0.0
1575-KRZZE,0,0,0,0,4,0-12 meses,Month-to-month,Electronic check,DSL,55.2,220.65,No,0.5999,Medio,0.0
3251-YMVWZ,1,0,0,0,53,49-72 meses,One year,Bank transfer (automatic),No,24.05,1301.9,No,0.1231,Bajo,0.0
4102-OQUPX,1,1,1,0,1,0-12 meses,Month-to-month,Electronic check,Fiber optic,74.4,74.4,Yes,0.9004,Alto,74.4
9170-GYZJC,0,0,1,1,41,25-48 meses,Month-to-month,Credit card (automatic),DSL,79.9,3326.2,Yes,0.2967,Bajo,0.0
4884-LEVMQ,1,0,1,0,39,25-48 meses,Two year,Bank transfer (automatic),No,20.45,790.0,No,0.0335,Bajo,0.0
8857-CUPFQ,1,0,1,0,63,49-72 meses,Two year,Mailed check,No,19.25,1237.65,No,0.0486,Bajo,0.0
7610-TVOPG,1,0,0,0,15,13-24 meses,Month-to-month,Electronic check,No,26.35,378.6,No,0.2096,Bajo,0.0
3638-DIMPH,0,0,1,0,13,13-24 meses,One year,Electronic check,DSL,43.8,592.65,No,0.4326,Medio,0.0
1845-ZLLIG,1,0,0,0,1,0-12 meses,Month-to-month,Mailed check,DSL,50.15,50.15,No,0.7148,Alto,50.15
8559-WNQZS,1,0,0,0,1,0-12 meses,Two year,Mailed check,No,20.45,20.45,No,0.3483,Medio,0.0
3999-QGRJH,1,1,0,0,8,0-12 meses,Month-to-month,Electronic check,Fiber optic,69.7,560.85,Yes,0.8086,Alto,69.7
1699-UOTXU,1,0,0,0,60,49-72 meses,Two year,Electronic check,DSL,61.4,3638.25,No,0.1564,Bajo,0.0
2454-RPBRZ,0,1,1,0,12,0-12 meses,Month-to-month,Electronic check,Fiber optic,98.1,1060.2,Yes,0.856,Alto,98.1
0635-WKOLD,1,0,1,0,40,25-48 meses,One year,Credit card (automatic),DSL,70.75,2921.75,No,0.2121,Bajo,0.0
5993-JSUWV,0,0,0,0,66,49-72 meses,Two year,Bank transfer (automatic),DSL,61.15,4017.45,No,0.0747,Bajo,0.0
4518-FZBSX,1,0,1,1,42,25-48 meses,One year,Mailed check,No,20.25,854.9,No,0.0378,Bajo,0.0
5387-ASZNZ,0,1,0,0,66,49-72 meses,One year,Credit card (automatic),DSL,63.85,4174.35,No,0.1834,Bajo,0.0
6988-CJEYV,1,0,0,0,49,49-72 meses,Month-to-month,Electronic check,Fiber optic,98.7,4920.55,No,0.5911,Medio,0.0
2002-MZHWP,0,0,0,0,1,0-12 meses,Month-to-month,Mailed check,No,20.5,20.5,Yes,0.5508,Medio,0.0
3097-FQTVJ,0,0,0,0,41,25-48 meses,Two year,Mailed check,No,20.0,810.3,No,0.0421,Bajo,0.0
5465-BUBFA,0,0,1,1,41,25-48 meses,Two year,Bank transfer (automatic),No,19.3,772.4,No,0.0352,Bajo,0.0
7299-GNVPL,0,0,1,1,23,13-24 meses,Month-to-month,Mailed check,Fiber optic,84.4,1936.85,No,0.3812,Medio,0.0
9743-DQKQW,1,0,0,0,3,0-12 meses,Month-to-month,Electronic check,DSL,25.1,79.8,No,0.7369,Alto,25.1
1215-VFYVK,0,0,0,0,4,0-12 meses,Month-to-month,Mailed check,DSL,48.25,202.25,No,0.5006,Medio,0.0
9371-BITHB,0,0,1,1,52,49-72 meses,Two year,Mailed check,No,19.85,1070.5,No,0.0253,Bajo,0.0
2265-CYWIV,0,1,1,0,4,0-12 meses,Month-to-month,Electronic check,Fiber optic,99.6,347.65,Yes,0.8408,Alto,99.6
9093-FPDLG,0,0,0,0,11,0-12 meses,Month-to-month,Electronic check,Fiber optic,94.2,999.9,No,0.7459,Alto,94.2
0541-FITGH,0,0,1,0,2,0-12 meses,Month-to-month,Mailed check,DSL,62.15,113.1,No,0.5649,Medio,0.0
6985-HAYWX,0,0,1,0,26,25-48 meses,Month-to-month,Bank transfer (automatic),Fiber optic,79.3,2015.8,No,0.485,Medio,0.0
7508-KBIMB,1,0,1,1,24,13-24 meses,One year,Credit card (automatic),DSL,56.25,1454.25,No,0.2309,Bajo,0.0
6838-HVLXG,0,0,0,0,12,0-12 meses,Month-to-month,Mailed check,No,20.3,246.7,No,0.2049,Bajo,0.0
2277-DJJDL,1,1,1,0,60,49-72 meses,Month-to-month,Electronic check,Fiber optic,99.0,6017.9,No,0.5654,Medio,0.0
1897-OKVMW,0,0,1,1,64,49-72 meses,Two year,Mailed check,DSL,90.6,5817.45,No,0.0377,Bajo,0.0
5485-ITNPC,1,0,1,0,66,49-72 meses,Two year,Bank transfer (automatic),DSL,85.9,5595.3,No,0.0448,Bajo,0.0
0233-FTHAV,0,0,0,0,60,49-72 meses,One year,Bank transfer (automatic),Fiber optic,79.2,4765.0,No,0.3118,Medio,0.0
4644-PIZRT,1,0,1,1,17,13-24 meses,One year,Bank transfer (automatic),DSL,70.35,1201.65,No,0.3177,Medio,0.0
8922-NPKBJ,1,0,1,1,42,25-48 meses,Two year,Mailed check,No,19.35,867.3,No,0.0307,Bajo,0.0
2740-TVLFN,1,0,0,0,1,0-12 meses,Month-to-month,Electronic check,DSL,50.15,50.15,No,0.7682,Alto,50.15
7771-CFQRQ,0,0,1,1,47,25-48 meses,Two year,Bank transfer (automatic),DSL,63.8,3007.25,No,0.092,Bajo,0.0
9512-PHSMG,0,0,1,0,10,0-12 meses,Month-to-month,Mailed check,No,20.55,252.75,No,0.1873,Bajo,0.0
6963-EZQEE,1,1,1,0,70,49-72 meses,Two year,Credit card (automatic),DSL,88.55,6306.5,No,0.0727,Bajo,0.0
2452-KDRRH,1,1,0,0,67,49-72 meses,Month-to-month,Credit card (automatic),Fiber optic,101.4,6841.05,No,0.5402,Medio,0.0
2004-OCQXK,0,0,0,0,1,0-12 meses,Month-to-month,Electronic check,Fiber optic,81.95,81.95,Yes,0.9078,Alto,81.95
5027-QPKTE,1,0,1,0,7,0-12 meses,Month-to-month,Electronic check,Fiber optic,69.35,451.1,Yes,0.8109,Alto,69.35
4146-SVFUD,1,0,0,0,1,0-12 meses,Month-to-month,Mailed check,DSL,44.6,44.6,No,0.7195,Alto,44.6
1564-HJUVY,1,0,0,0,4,0-12 meses,Month-to-month,Bank transfer (automatic),DSL,63.75,226.2,No,0.5328,Medio,0.0
3617-XLSGQ,0,0,1,1,66,49-72 meses,Two year,Bank transfer (automatic),Fiber optic,109.25,7082.5,No,0.206,Bajo,0.0
7517-LDMPS,0,0,0,0,12,0-12 meses,Month-to-month,Electronic check,Fiber optic,84.6,1017.35,No,0.791,Alto,84.6
7244-KXYZN,0,0,0,0,24,13-24 meses,One year,Credit card (automatic),No,20.45,527.35,No,0.0799,Bajo,0.0
5226-NOZFC,1,0,0,0,26,25-48 meses,Month-to-month,Electronic check,Fiber optic,85.75,2146.5,No,0.68,Alto,85.75
2672-HUYVI,0,0,0,0,6,0-12 meses,Month-to-month,Electronic check,Fiber optic,91.1,455.3,Yes,0.8788,Alto,91.1
1400-WIVLL,1,0,1,0,57,49-72 meses,Two year,Electronic check,Fiber optic,107.95,5969.85,No,0.3661,Medio,0.0
7508-MYBOG,1,0,1,0,14,13-24 meses,Month-to-month,Electronic check,Fiber optic,86.1,1235.55,Yes,0.7996,Alto,86.1
8148-NLEGT,0,0,1,1,42,25-48 meses,Two year,Electronic check,No,22.95,1014.25,No,0.057,Bajo,0.0
0148-DCDOS,1,0,0,0,25,25-48 meses,Month-to-month,Bank transfer (automatic),Fiber optic,94.7,2362.1,Yes,0.681,Alto,94.7
8347-GDTMP,0,0,1,0,64,49-72 meses,Two year,Credit card (automatic),No,19.45,1225.65,No,0.0306,Bajo,0.0
9992-RRAMN,1,0,1,0,22,13-24 meses,Month-to-month,Electronic check,Fiber optic,85.1,1873.7,Yes,0.7662,Alto,85.1
6746-WAUWT,1,0,0,0,19,13-24 meses,One year,Credit card (automatic),No,19.7,386.5,No,0.0791,Bajo,0.0
0310-MVLET,0,0,1,1,61,49-72 meses,Month-to-month,Electronic check,Fiber optic,99.15,6010.05,Yes,0.5767,Medio,0.0
0428-IKYCP,1,0,1,0,22,13-24 meses,Month-to-month,Bank transfer (automatic),Fiber optic,87.0,1850.65,No,0.5986,Medio,0.0
4550-VBOFE,1,1,1,0,70,49-72 meses,Month-to-month,Electronic check,Fiber optic,102.95,7101.5,Yes,0.5902,Medio,0.0
2187-PKZAY,1,0,0,0,12,0-12 meses,Month-to-month,Bank transfer (automatic),Fiber optic,79.95,1043.4,No,0.7387,Alto,79.95
4003-OCTMP,0,0,1,0,31,25-48 meses,One year,Electronic check,DSL,64.0,1910.75,No,0.2229,Bajo,0.0
6652-YFFJO,0,0,0,0,11,0-12 meses,Month-to-month,Electronic check,DSL,64.9,716.1,No,0.5507,Medio,0.0
7225-IILWY,1,0,1,1,68,49-72 meses,Two year,Mailed check,No,25.75,1686.15,No,0.0209,Bajo,0.0
5248-RPYWW,0,1,1,1,72,49-72 meses,Two year,Bank transfer (automatic),DSL,90.15,6716.45,No,0.0495,Bajo,0.0
7923-IYJWY,1,1,0,0,67,49-72 meses,Two year,Credit card (automatic),Fiber optic,116.1,7839.85,No,0.2062,Bajo,0.0
3170-GWYKC,0,0,0,0,60,49-72 meses,Month-to-month,Bank transfer (automatic),Fiber optic,104.95,6236.75,No,0.3921,Medio,0.0
5696-QURRL,1,0,0,0,1,0-12 meses,Month-to-month,Mailed check,DSL,45.05,45.05,Yes,0.7554,Alto,45.05
7409-KIUTL,0,1,0,1,1,0-12 meses,Month-to-month,Electronic check,Fiber optic,71.0,71.0,Yes,0.878,Alto,71.0
9830-ECLEN,1,0,1,1,58,49-72 meses,One year,Mailed check,DSL,50.0,2919.85,No,0.1705,Bajo,0.0
1732-VHUBQ,0,1,1,1,47,25-48 meses,Month-to-month,Bank transfer (automatic),Fiber optic,70.55,3309.25,Yes,0.4923,Medio,0.0
0495-RVCBF,0,0,0,0,1,0-12 meses,Month-to-month,Electronic check,Fiber optic,79.7,79.7,Yes,0.9092,Alto,79.7
2668-TZSPS,1,0,0,0,1,0-12 meses,Month-to-month,Mailed check,No,20.45,20.45,No,0.5318,Medio,0.0
7854-EDSSA,1,0,0,0,22,13-24 meses,Month-to-month,Electronic check,DSL,59.0,1254.7,Yes,0.4019,Medio,0.0
8869-TORSS,0,0,0,0,48,25-48 meses,One year,Credit card (automatic),DSL,60.35,2896.4,Yes,0.1527,Bajo,0.0
7446-SFAOA,0,0,1,0,37,25-48 meses,One year,Bank transfer (automatic),No,19.85,717.5,No,0.0705,Bajo,0.0
9522-ZSINC,1,0,0,0,13,13-24 meses,One year,Electronic check,No,19.95,253.8,No,0.1437,Bajo,0.0
8234-GSZYK,1,0,0,0,43,25-48 meses,Two year,Bank transfer (automatic),No,26.45,1110.05,No,0.0676,Bajo,0.0
6505-OZNPG,0,0,0,0,6,0-12 meses,Two year,Mailed check,DSL,63.4,348.8,No,0.2641,Bajo,0.0
6164-HAQTX,1,0,0,0,71,49-72 meses,Two year,Bank transfer (automatic),DSL,53.95,3888.65,No,0.0426,Bajo,0.0
0679-IDSTG,0,1,1,1,1,0-12 meses,Month-to-month,Electronic check,Fiber optic,69.25,69.25,Yes,0.861,Alto,69.25
7765-LWVVH,0,0,1,1,72,49-72 meses,Two year,Electronic check,Fiber optic,95.1,6843.15,No,0.2421,Bajo,0.0
1658-TJVOA,0,1,0,0,6,0-12 meses,Month-to-month,Electronic check,Fiber optic,74.1,450.9,No,0.7537,Alto,74.1
0953-LGOVU,1,0,1,1,12,0-12 meses,Month-to-month,Mailed check,DSL,35.5,432.25,No,0.3863,Medio,0.0
2115-BFTIW,1,0,0,0,25,25-48 meses,Month-to-month,Mailed check,Fiber optic,70.95,1767.35,Yes,0.5102,Medio,0.0
4692-NNQRU,0,0,1,0,21,13-24 meses,One year,Electronic check,Fiber optic,79.2,1742.45,No,0.4403,Medio,0.0
7742-MYPGI,0,0,1,1,6,0-12 meses,Month-to-month,Mailed check,DSL,48.8,297.35,No,0.5314,Medio,0.0
0611-DFXKO,1,0,1,0,20,13-24 meses,Month-to-month,Mailed check,Fiber optic,89.0,1820.45,Yes,0.657,Alto,89.0
7780-OTDSO,1,0,1,0,18,13-24 meses,Month-to-month,Electronic check,Fiber optic,99.4,1742.95,Yes,0.7724,Alto,99.4
9619-GSATL,0,0,0,0,43,25-48 meses,One year,Electronic check,DSL,55.45,2444.25,No,0.2355,Bajo,0.0
5622-UEJFI,0,0,1,1,35,25-48 meses,Two year,Credit card (automatic),No,25.4,949.8,No,0.0623,Bajo,0.0
9747-DDZOS,0,0,0,0,1,0-12 meses,Month-to-month,Bank transfer (automatic),Fiber optic,73.5,73.5,Yes,0.8347,Alto,73.5
0674-DGMAQ,1,1,1,0,32,25-48 meses,Month-to-month,Electronic check,Fiber optic,93.5,2970.8,No,0.7094,Alto,93.5
6203-HBZPA,1,0,0,0,52,49-72 meses,Two year,Credit card (automatic),DSL,63.9,3334.95,No,0.0503,Bajo,0.0
0484-FFVBJ,1,0,0,0,32,25-48 meses,One year,Bank transfer (automatic),DSL,64.85,2010.95,No,0.3307,Medio,0.0
0301-FIDRB,0,0,1,1,72,49-72 meses,Two year,Bank transfer (automatic),DSL,63.8,4684.3,No,0.0306,Bajo,0.0
4139-JPIAM,1,0,0,0,51,49-72 meses,Month-to-month,Credit card (automatic),DSL,44.45,2181.55,No,0.2292,Bajo,0.0
2181-TIDSV,1,0,1,1,68,49-72 meses,Two year,Bank transfer (automatic),No,19.95,1303.25,No,0.0282,Bajo,0.0
2761-XECQW,1,1,1,0,8,0-12 meses,Month-to-month,Mailed check,DSL,43.35,371.4,No,0.5527,Medio,0.0
1936-CZAKF,1,0,1,0,49,49-72 meses,Two year,Credit card (automatic),DSL,49.65,2409.9,No,0.1845,Bajo,0.0
9453-PATOS,0,0,1,0,72,49-72 meses,Two year,Mailed check,DSL,85.1,6155.4,No,0.0273,Bajo,0.0
0564-JJHGS,1,0,0,0,9,0-12 meses,Month-to-month,Electronic check,Fiber optic,95.5,829.1,Yes,0.8907,Alto,95.5
3348-CFRNX,0,0,1,0,28,25-48 meses,Month-to-month,Mailed check,Fiber optic,92.35,2602.9,Yes,0.5924,Medio,0.0
4402-FTBXC,1,0,0,0,54,49-72 meses,Month-to-month,Mailed check,Fiber optic,89.8,4667.0,No,0.3881,Medio,0.0
1428-GTBJJ,1,0,0,0,11,0-12 meses,Month-to-month,Electronic check,Fiber optic,74.55,824.75,Yes,0.7692,Alto,74.55
2931-XIQBR,0,0,1,1,50,49-72 meses,One year,Mailed check,Fiber optic,103.05,5153.5,No,0.3511,Medio,0.0
0106-UGRDO,0,0,1,0,69,49-72 meses,Two year,Electronic check,Fiber optic,116.0,8182.85,No,0.1914,Bajo,0.0
5542-TBBWB,1,0,0,0,1,0-12 meses,Month-to-month,Electronic check,Fiber optic,69.9,69.9,No,0.8925,Alto,69.9
1930-QPBVZ,1,0,1,1,68,49-72 meses,Two year,Bank transfer (automatic),Fiber optic,95.1,6683.4,No,0.1455,Bajo,0.0
2606-PKWJB,1,0,0,1,40,25-48 meses,One year,Mailed check,DSL,40.25,1564.05,No,0.165,Bajo,0.0
5322-ZSMZY,1,0,1,1,31,25-48 meses,Two year,Mailed check,No,25.75,755.6,No,0.0492,Bajo,0.0
8059-UDZFY,0,1,0,1,33,25-48 meses,Month-to-month,Bank transfer (automatic),Fiber optic,105.35,3465.05,No,0.6144,Alto,105.35
7740-BTPUX,1,1,1,0,55,49-72 meses,Two year,Electronic check,Fiber optic,113.6,6292.7,No,0.3572,Medio,0.0
5220-AGAAX,1,0,1,1,68,49-72 meses,Two year,Bank transfer (automatic),No,24.0,1664.3,No,0.0202,Bajo,0.0
0208-BPQEJ,0,0,1,1,12,0-12 meses,Month-to-month,Bank transfer (automatic),No,19.4,198.1,No,0.207,Bajo,0.0
9435-JMLSX,1,0,1,0,71,49-72 meses,Two year,Bank transfer (automatic),DSL,86.1,6045.9,No,0.035,Bajo,0.0
3352-ALMCK,1,0,0,0,40,25-48 meses,Month-to-month,Mailed check,Fiber optic,102.65,4108.15,No,0.6218,Alto,102.65
5312-IRCFR,0,0,1,1,64,49-72 meses,One year,Electronic check,Fiber optic,92.85,5980.75,No,0.4107,Medio,0.0
5294-IMHHT,1,0,1,0,53,49-72 meses,One year,Bank transfer (automatic),Fiber optic,97.75,5043.2,No,0.3526,Medio,0.0
8802-UNOJF,1,1,0,0,12,0-12 meses,Month-to-month,Mailed check,Fiber optic,83.8,1029.75,Yes,0.7025,Alto,83.8
6313-GIDIT,1,1,0,0,53,49-72 meses,Month-to-month,Electronic check,DSL,54.45,2854.55,Yes,0.5111,Medio,0.0
6176-YJWAS,1,0,1,0,72,49-72 meses,Two year,Credit card (automatic),Fiber optic,97.95,7114.25,No,0.143,Bajo,0.0
5310-NOOVA,1,0,0,0,46,25-48 meses,Two year,Electronic check,No,19.95,907.05,No,0.0742,Bajo,0.0
4526-EXKKN,1,0,0,0,40,25-48 meses,Two year,Mailed check,No,24.6,973.95,No,0.0677,Bajo,0.0
5311-IHLEI,1,0,0,0,12,0-12 meses,Month-to-month,Bank transfer (automatic),DSL,50.95,605.75,No,0.4153,Medio,0.0
3987-KQDDU,1,0,0,0,9,0-12 meses,Month-to-month,Electronic check,Fiber optic,75.6,661.55,No,0.6625,Alto,75.6
3404-JNXAX,0,0,1,1,51,49-72 meses,Month-to-month,Electronic check,Fiber optic,80.75,4116.9,No,0.5515,Medio,0.0
5131-PONJI,1,0,1,1,49,49-72 meses,Month-to-month,Credit card (automatic),Fiber optic,90.4,4494.65,No,0.4507,Medio,0.0
2845-AFFTX,1,1,1,0,41,25-48 meses,Month-to-month,Electronic check,Fiber optic,99.8,4259.3,Yes,0.7507,Alto,99.8
3489-VSFRD,0,0,0,0,56,49-72 meses,One year,Credit card (automatic),DSL,60.25,3282.75,No,0.1324,Bajo,0.0
3345-JHUEO,1,0,0,0,4,0-12 meses,Month-to-month,Electronic check,No,20.2,55.7,No,0.252,Bajo,0.0
5815-HGGHV,1,0,1,0,20,13-24 meses,One year,Mailed check,DSL,64.15,1274.45,No,0.2443,Bajo,0.0
5260-UMPWX,0,0,1,1,26,25-48 meses,Month-to-month,Credit card (automatic),No,20.25,493.95,No,0.104,Bajo,0.0
2249-YPRNG,0,0,1,1,20,13-24 meses,Month-to-month,Bank transfer (automatic),Fiber optic,105.85,2239.65,Yes,0.6759,Alto,105.85
7410-YTJIK,0,0,0,0,7,0-12 meses,Month-to-month,Mailed check,Fiber optic,75.45,480.75,Yes,0.7889,Alto,75.45
4626-GYCZP,1,0,0,0,7,0-12 meses,Month-to-month,Electronic check,Fiber optic,93.85,635.6,Yes,0.8989,Alto,93.85
5649-RXQTV,1,0,0,0,51,49-72 meses,Month-to-month,Electronic check,Fiber optic,99.0,5038.15,No,0.5918,Medio,0.0
2674-MIAHT,0,0,0,0,4,0-12 meses,Month-to-month,Mailed check,Fiber optic,80.3,324.2,No,0.8392,Alto,80.3
2576-HXMPA,0,0,0,0,1,0-12 meses,Month-to-month,Credit card (automatic),No,19.55,19.55,No,0.449,Medio,0.0
7587-AOVVU,1,0,1,1,27,25-48 meses,Month-to-month,Electronic check,Fiber optic,100.75,2793.55,No,0.5104,Medio,0.0
5590-BYNII,1,0,0,0,22,13-24 meses,Month-to-month,Electronic check,Fiber optic,100.75,2095.0,Yes,0.7771,Alto,100.75
6898-MDLZW,1,0,0,0,12,0-12 meses,Month-to-month,Mailed check,DSL,53.75,648.65,No,0.4383,Medio,0.0
3237-AJGEH,0,0,1,1,3,0-12 meses,Month-to-month,Mailed check,DSL,31.0,95.05,Yes,0.6346,Alto,31.0
4707-YNOQA,0,0,1,1,34,25-48 meses,One year,Credit card (automatic),No,25.6,917.15,No,0.0711,Bajo,0.0
9357-UJRUN,1,0,1,0,24,13-24 meses,One year,Electronic check,DSL,58.35,1346.9,No,0.2601,Bajo,0.0
1591-NFNLQ,1,0,0,0,51,49-72 meses,Month-to-month,Credit card (automatic),Fiber optic,80.0,4242.35,Yes,0.4524,Medio,0.0
8648-PFRMP,0,1,0,0,14,13-24 meses,Month-to-month,Electronic check,DSL,46.35,672.7,No,0.6402,Alto,46.35
7663-CUXZB,1,0,1,0,59,49-72 meses,Two year,Electronic check,Fiber optic,113.75,6561.25,No,0.2661,Bajo,0.0
0258-NOKBL,1,0,0,0,3,0-12 meses,Month-to-month,Electronic check,Fiber optic,90.4,268.45,No,0.7933,Alto,90.4
1163-VIPRI,0,0,1,1,65,49-72 meses,Two year,Electronic check,Fiber optic,109.3,7337.55,No,0.2795,Bajo,0.0
2815-CPTUL,1,1,0,0,5,0-12 meses,Month-to-month,Mailed check,Fiber optic,70.25,331.9,Yes,0.811,Alto,70.25
9348-ROUAI,0,0,1,1,59,49-72 meses,Two year,Credit card (automatic),DSL,90.3,5194.05,No,0.0635,Bajo,0.0
9443-JUBUO,1,0,1,1,72,49-72 meses,Two year,Credit card (automatic),DSL,65.25,4478.85,No,0.0235,Bajo,0.0
0596-BQCEQ,0,0,1,1,62,49-72 meses,Month-to-month,Electronic check,Fiber optic,100.15,6283.3,Yes,0.5466,Medio,0.0
1481-ZUWZA,1,0,0,0,28,25-48 meses,Month-to-month,Credit card (automatic),Fiber optic,94.5,2659.4,Yes,0.5618,Medio,0.0
3043-TYBNO,1,0,0,0,3,0-12 meses,Month-to-month,Mailed check,DSL,60.65,196.9,No,0.5489,Medio,0.0
4830-FAXFM,1,0,0,1,19,13-24 meses,Month-to-month,Credit card (automatic),No,24.1,439.2,No,0.1287,Bajo,0.0
5906-BFOZT,1,0,0,0,1,0-12 meses,Month-to-month,Mailed check,No,19.5,19.5,No,0.5533,Medio,0.0
2960-NKRSO,1,0,0,0,24,13-24 meses,Month-to-month,Electronic check,Fiber optic,85.95,2107.15,No,0.5876,Medio,0.0
8996-ZROXE,1,1,0,0,57,49-72 meses,One year,Electronic check,DSL,53.5,3035.8,No,0.244,Bajo,0.0
5598-IKHQQ,0,0,0,0,72,49-72 meses,Two year,Credit card (automatic),No,25.45,1866.45,No,0.0442,Bajo,0.0
0397-ZXWQF,1,0,0,0,67,49-72 meses,Two year,Bank transfer (automatic),No,20.5,1430.95,No,0.038,Bajo,0.0
5266-PFRQK,1,0,1,1,52,49-72 meses,One year,Credit card (automatic),No,20.85,1071.6,No,0.0513,Bajo,0.0
4674-HGNUA,1,0,1,1,71,49-72 meses,Two year,Credit card (automatic),DSL,89.9,6457.15,No,0.0348,Bajo,0.0
6765-MBQNU,0,0,1,0,26,25-48 meses,One year,Mailed check,No,26.0,684.05,No,0.0964,Bajo,0.0
9786-IJYDL,0,0,0,0,35,25-48 meses,Two year,Mailed check,Fiber optic,113.2,3914.05,No,0.2907,Bajo,0.0
1303-SRDOK,0,0,1,1,55,49-72 meses,Two year,Credit card (automatic),Fiber optic,69.05,3842.6,No,0.2259,Bajo,0.0
3769-MHZNV,0,0,1,1,33,25-48 meses,Two year,Mailed check,No,20.1,670.35,No,0.0317,Bajo,0.0
6295-OSINB,1,0,1,0,72,49-72 meses,Two year,Electronic check,Fiber optic,109.65,7880.25,No,0.2131,Bajo,0.0
3308-MHOOC,1,0,0,1,1,0-12 meses,Month-to-month,Mailed check,No,19.2,19.2,No,0.5202,Medio,0.0
2309-OSFEU,1,0,0,0,10,0-12 meses,Month-to-month,Mailed check,DSL,33.9,298.45,Yes,0.5676,Medio,0.0
2207-QPJED,0,1,1,0,37,25-48 meses,Month-to-month,Electronic check,Fiber optic,90.0,3371.75,No,0.535,Medio,0.0
4177-JPDFU,1,0,0,0,12,0-12 meses,Month-to-month,Mailed check,DSL,34.0,442.45,No,0.4023,Medio,0.0
2239-CFOUJ,1,0,1,1,1,0-12 meses,One year,Mailed check,No,20.4,20.4,No,0.3854,Medio,0.0
8046-DNVTL,1,0,1,0,62,49-72 meses,Two year,Credit card (automatic),DSL,38.6,2345.55,No,0.0817,Bajo,0.0
2209-XADXF,0,0,0,0,1,0-12 meses,Month-to-month,Bank transfer (automatic),DSL,25.25,25.25,No,0.7024,Alto,25.25
6620-JDYNW,0,0,0,0,18,13-24 meses,Month-to-month,Mailed check,DSL,60.6,1156.35,No,0.3863,Medio,0.0
1891-FZYSA,1,1,1,0,69,49-72 meses,Month-to-month,Electronic check,Fiber optic,89.95,6143.15,Yes,0.5828,Medio,0.0
4770-UEZOX,1,0,0,0,2,0-12 meses,Month-to-month,Electronic check,Fiber optic,74.75,144.8,No,0.8358,Alto,74.75
1038-RQOST,1,0,1,1,19,13-24 meses,Month-to-month,Mailed check,No,20.6,414.95,No,0.0946,Bajo,0.0
7613-LLQFO,1,0,0,0,12,0-12 meses,Month-to-month,Electronic check,Fiber optic,84.45,1059.55,Yes,0.8255,Alto,84.45
4568-TTZRT,1,0,0,0,9,0-12 meses,Month-to-month,Mailed check,No,20.4,181.8,No,0.2147,Bajo,0.0
9513-DXHDA,1,0,0,0,27,25-48 meses,One year,Electronic check,DSL,81.7,2212.55,No,0.2636,Bajo,0.0
2640-PMGFL,1,0,0,1,27,25-48 meses,Month-to-month,Electronic check,Fiber optic,79.5,2180.55,Yes,0.6548,Alto,79.5
3801-HMYNL,1,0,1,1,1,0-12 meses,Month-to-month,Mailed check,Fiber optic,89.15,89.15,Yes,0.8377,Alto,89.15
0516-QREYC,0,1,0,0,24,13-24 meses,Month-to-month,Mailed check,No,20.3,459.95,No,0.1373,Bajo,0.0
9685-WKZGT,1,1,0,0,14,13-24 meses,Month-to-month,Electronic check,Fiber optic,74.95,1036.75,Yes,0.7887,Alto,74.95
6022-UGGSO,0,1,0,0,32,25-48 meses,Month-to-month,Electronic check,Fiber optic,74.4,2276.95,Yes,0.6595,Alto,74.4
8084-OIVBS,0,0,0,0,11,0-12 meses,One year,Mailed check,No,20.0,211.95,No,0.1418,Bajo,0.0
8896-BQTTI,1,0,0,0,1,0-12 meses,Month-to-month,Mailed check,No,25.0,25.0,No,0.4374,Medio,0.0
3865-QBWSJ,1,1,0,1,38,25-48 meses,Month-to-month,Mailed check,Fiber optic,80.45,3162.65,No,0.5155,Medio,0.0
3352-RICWQ,0,0,1,1,9,0-12 meses,Two year,Mailed check,No,19.75,210.65,No,0.0941,Bajo,0.0
2160-GPFXD,1,0,1,1,54,49-72 meses,Two year,Credit card (automatic),DSL,65.65,3566.7,No,0.0502,Bajo,0.0
2065-MMKGR,0,0,0,0,29,25-48 meses,One year,Credit card (automatic),DSL,71.0,2080.1,No,0.3002,Medio,0.0
5857-TYBCJ,1,1,1,0,44,25-48 meses,Month-to-month,Electronic check,Fiber optic,89.2,4040.2,No,0.6864,Alto,89.2
1498-NHTLT,1,0,1,1,59,49-72 meses,Two year,Electronic check,DSL,86.75,5186.0,No,0.1162,Bajo,0.0
4484-CGXFK,0,0,0,0,3,0-12 meses,Month-to-month,Electronic check,DSL,55.3,196.15,Yes,0.7423,Alto,55.3
1402-PTHGN,0,0,1,1,18,13-24 meses,One year,Mailed check,DSL,61.5,1087.45,No,0.2512,Bajo,0.0
4176-RELJR,1,1,0,0,67,49-72 meses,Two year,Credit card (automatic),No,25.1,1672.15,No,0.0614,Bajo,0.0
6214-EDAKZ,0,0,1,1,22,13-24 meses,Month-to-month,Electronic check,DSL,55.15,1206.05,Yes,0.4004,Medio,0.0
5199-FPUSP,1,0,0,1,33,25-48 meses,One year,Credit card (automatic),DSL,34.05,1113.95,No,0.2152,Bajo,0.0
6377-KSLXC,1,0,0,0,5,0-12 meses,Month-to-month,Mailed check,No,19.95,107.05,No,0.2442,Bajo,0.0
1796-JANOW,0,0,0,0,2,0-12 meses,Month-to-month,Mailed check,No,19.95,38.15,No,0.2779,Bajo,0.0
0238-WHBIQ,1,0,1,1,72,49-72 meses,Two year,Credit card (automatic),DSL,89.7,6339.3,No,0.026,Bajo,0.0
8735-NBLWT,1,0,0,1,9,0-12 meses,Month-to-month,Mailed check,No,20.4,184.1,No,0.1635,Bajo,0.0
6651-RLGGM,1,0,1,1,67,49-72 meses,Two year,Mailed check,No,26.3,1688.9,No,0.0228,Bajo,0.0
6127-ISGTU,0,0,1,0,16,13-24 meses,Month-to-month,Electronic check,Fiber optic,84.95,1378.25,Yes,0.7782,Alto,84.95
1614-JBEBI,0,0,0,0,8,0-12 meses,Month-to-month,Mailed check,No,20.7,137.6,No,0.2054,Bajo,0.0
8740-XLHDR,1,0,0,0,5,0-12 meses,Month-to-month,Mailed check,DSL,43.25,219.0,Yes,0.5226,Medio,0.0
1208-DNHLN,1,0,1,1,23,13-24 meses,One year,Credit card (automatic),DSL,48.35,1067.15,Yes,0.3274,Medio,0.0
1761-AEZZR,1,0,0,0,1,0-12 meses,Month-to-month,Electronic check,Fiber optic,79.55,79.55,Yes,0.9108,Alto,79.55
3923-CSIHK,0,1,1,0,50,49-72 meses,Month-to-month,Electronic check,Fiber optic,71.05,3444.85,Yes,0.5962,Medio,0.0
5696-EXCYS,1,0,0,0,17,13-24 meses,Two year,Credit card (automatic),No,19.45,369.05,No,0.0806,Bajo,0.0
5795-KTGUD,0,0,1,0,68,49-72 meses,Two year,Bank transfer (automatic),Fiber optic,110.8,7553.6,No,0.2329,Bajo,0.0
7120-RFMVS,1,0,0,0,1,0-12 meses,Month-to-month,Electronic check,Fiber optic,84.5,84.5,Yes,0.8764,Alto,84.5
7924-GJZFI,0,1,1,0,25,25-48 meses,Month-to-month,Electronic check,Fiber optic,69.3,1813.1,No,0.6466,Alto,69.3
4702-HDRKD,1,0,0,0,67,49-72 meses,One year,Bank transfer (automatic),DSL,49.35,3321.35,No,0.1304,Bajo,0.0
8512-WIWYV,1,0,0,0,32,25-48 meses,One year,Credit card (automatic),No,20.35,707.5,No,0.0571,Bajo,0.0
5897-ZYEKH,0,1,1,0,67,49-72 meses,One year,Electronic check,Fiber optic,105.6,7112.15,No,0.3852,Medio,0.0
5456-ITGIC,1,1,1,0,72,49-72 meses,Two year,Credit card (automatic),DSL,64.45,4641.1,No,0.066,Bajo,0.0
7317-GGVPB,1,0,1,0,71,49-72 meses,Two year,Credit card (automatic),Fiber optic,108.6,7690.9,Yes,0.2875,Bajo,0.0
1406-PUQVY,1,0,0,1,1,0-12 meses,Month-to-month,Electronic check,DSL,49.9,49.9,No,0.7152,Alto,49.9
1322-AGOQM,1,0,0,0,46,25-48 meses,Month-to-month,Bank transfer (automatic),DSL,30.3,1380.1,Yes,0.3494,Medio,0.0
3677-IYRBF,0,1,0,0,2,0-12 meses,Month-to-month,Electronic check,DSL,30.4,78.65,Yes,0.7964,Alto,30.4
5692-FPTAH,0,0,0,0,1,0-12 meses,Month-to-month,Mailed check,DSL,45.4,45.4,Yes,0.7563,Alto,45.4
9114-AAFQH,0,0,1,0,48,25-48 meses,One year,Electronic check,DSL,65.65,3094.65,No,0.2754,Bajo,0.0
8715-KKTFG,0,0,1,0,61,49-72 meses,One year,Bank transfer (automatic),Fiber optic,103.3,6518.35,No,0.405,Medio,0.0
1550-LOAHA,0,0,1,0,32,25-48 meses,Month-to-month,Bank transfer (automatic),Fiber optic,84.15,2585.95,Yes,0.506,Medio,0.0
1728-BQDMA,0,0,0,0,2,0-12 meses,Month-to-month,Electronic check,DSL,44.45,82.7,No,0.7297,Alto,44.45
0268-QKIWO,0,0,0,0,3,0-12 meses,Month-to-month,Electronic check,No,19.75,58.85,Yes,0.3084,Medio,0.0
0876-WDUUZ,0,0,0,0,5,0-12 meses,Month-to-month,Credit card (automatic),Fiber optic,85.4,425.9,Yes,0.7987,Alto,85.4
5117-ZSMHQ,0,0,1,1,71,49-72 meses,Two year,Bank transfer (automatic),DSL,89.9,6342.7,No,0.0272,Bajo,0.0
5151-HQRDG,1,0,1,0,37,25-48 meses,Month-to-month,Mailed check,DSL,55.05,2030.75,No,0.2292,Bajo,0.0
0960-HUWBM,1,0,1,1,65,49-72 meses,Two year,Bank transfer (automatic),Fiber optic,104.1,6700.05,No,0.2984,Bajo,0.0
6465-GSRCL,0,0,0,1,67,49-72 meses,One year,Bank transfer (automatic),Fiber optic,106.6,7244.7,No,0.3772,Medio,0.0
0617-FHSGK,1,0,0,1,49,49-72 meses,Month-to-month,Credit card (automatic),Fiber optic,75.2,3678.3,Yes,0.47,Medio,0.0
0263-FJTQO,1,0,1,1,50,49-72 meses,Two year,Credit card (automatic),DSL,70.5,3486.65,No,0.0695,Bajo,0.0
7319-ZNRTR,1,0,1,1,25,25-48 meses,One year,Electronic check,No,19.6,411.15,No,0.0892,Bajo,0.0
2858-MOFSQ,0,0,0,1,17,13-24 meses,One year,Mailed check,DSL,55.85,937.5,Yes,0.4023,Medio,0.0
7503-EPSZW,0,0,1,1,64,49-72 meses,Two year,Mailed check,No,24.05,1559.15,No,0.0374,Bajo,0.0
7089-XXAYG,1,0,1,0,25,25-48 meses,One year,Credit card (automatic),DSL,38.1,970.4,No,0.3737,Medio,0.0
8118-LSUEL,1,1,0,0,23,13-24 meses,Month-to-month,Electronic check,Fiber optic,106.4,2483.5,Yes,0.7679,Alto,106.4
8070-AAWZP,1,1,1,0,24,13-24 meses,Month-to-month,Mailed check,DSL,34.25,828.2,No,0.3765,Medio,0.0
1666-JXLKU,0,0,0,0,37,25-48 meses,Month-to-month,Electronic check,Fiber optic,100.05,3810.55,No,0.713,Alto,100.05
7855-DIWPO,0,0,0,0,21,13-24 meses,Month-to-month,Electronic check,Fiber optic,68.65,1493.2,No,0.663,Alto,68.65
5133-POWUA,1,0,0,0,1,0-12 meses,Month-to-month,Mailed check,DSL,45.8,45.8,No,0.7553,Alto,45.8
5652-MSDEY,0,0,0,0,10,0-12 meses,Month-to-month,Mailed check,Fiber optic,75.75,777.3,No,0.7842,Alto,75.75
7005-CCBKV,1,0,0,0,6,0-12 meses,Month-to-month,Electronic check,Fiber optic,84.4,556.35,Yes,0.8512,Alto,84.4
1810-BOHSY,1,0,1,0,51,49-72 meses,One year,Credit card (automatic),Fiber optic,96.4,4911.05,No,0.3983,Medio,0.0
1784-BXEFA,0,0,0,0,10,0-12 meses,Month-to-month,Mailed check,No,20.55,187.35,No,0.1915,Bajo,0.0
7351-MHQVU,0,0,0,0,6,0-12 meses,Month-to-month,Credit card (automatic),DSL,50.95,307.6,No,0.4316,Medio,0.0
9224-VTYID,1,0,1,1,47,25-48 meses,Two year,Mailed check,DSL,90.5,4318.35,No,0.0609,Bajo,0.0
9500-IWPXQ,0,0,1,1,61,49-72 meses,One year,Electronic check,DSL,79.4,4820.55,No,0.1975,Bajo,0.0
5762-TJXGK,0,0,0,0,52,49-72 meses,Two year,Bank transfer (automatic),DSL,58.75,3038.55,No,0.1078,Bajo,0.0
4504-YOULA,0,0,1,1,35,25-48 meses,Month-to-month,Credit card (automatic),DSL,59.45,2136.9,No,0.2634,Bajo,0.0
5569-IDSEY,1,0,1,0,71,49-72 meses,One year,Bank transfer (automatic),Fiber optic,105.7,7472.15,No,0.403,Medio,0.0
4250-FDVOU,0,0,0,0,6,0-12 meses,Month-to-month,Electronic check,DSL,56.25,389.1,Yes,0.5354,Medio,0.0
7284-ZZLOH,1,0,1,0,45,25-48 meses,Two year,Credit card (automatic),DSL,53.3,2296.25,No,0.1226,Bajo,0.0
5277-ZLOOR,0,1,0,0,2,0-12 meses,Month-to-month,Electronic check,Fiber optic,85.55,187.45,Yes,0.8993,Alto,85.55
2141-RRYGO,0,0,0,0,4,0-12 meses,Month-to-month,Bank transfer (automatic),DSL,68.65,261.25,Yes,0.6364,Alto,68.65
1777-JYQPJ,1,0,0,0,2,0-12 meses,Month-to-month,Mailed check,DSL,24.3,38.45,No,0.6988,Alto,24.3
6376-GAHQE,1,0,0,0,4,0-12 meses,Month-to-month,Electronic check,Fiber optic,77.85,299.2,Yes,0.8069,Alto,77.85
3401-URHDA,1,0,0,0,51,49-72 meses,One year,Credit card (automatic),DSL,59.9,3043.6,No,0.1289,Bajo,0.0
1599-EAHXY,1,0,1,1,60,49-72 meses,One year,Credit card (automatic),No,23.95,1506.4,No,0.0569,Bajo,0.0
8631-XVRZL,1,0,0,0,9,0-12 meses,One year,Mailed check,No,20.15,163.7,No,0.1322,Bajo,0.0
5052-PNLOS,1,0,0,0,3,0-12 meses,Month-to-month,Bank transfer (automatic),Fiber optic,105.35,323.25,Yes,0.8678,Alto,105.35
3853-LYGAM,1,0,0,0,17,13-24 meses,Month-to-month,Bank transfer (automatic),Fiber optic,95.65,1640.0,No,0.5966,Medio,0.0
6979-ZNSFF,0,0,0,0,8,0-12 meses,Month-to-month,Electronic check,Fiber optic,87.05,762.1,Yes,0.8735,Alto,87.05
5751-USDBL,1,0,1,1,46,25-48 meses,Two year,Mailed check,DSL,81.0,3846.35,No,0.0729,Bajo,0.0
5680-LQOGP,0,0,0,0,68,49-72 meses,Two year,Credit card (automatic),DSL,82.45,5646.6,No,0.0561,Bajo,0.0
2386-LAHRK,1,0,0,0,1,0-12 meses,Month-to-month,Mailed check,DSL,53.5,53.5,Yes,0.7354,Alto,53.5
8189-DUKMV,0,0,1,0,4,0-12 meses,One year,Bank transfer (automatic),No,20.5,79.05,No,0.2107,Bajo,0.0
6032-IGALN,0,0,0,0,1,0-12 meses,Month-to-month,Mailed check,DSL,25.1,25.1,Yes,0.7543,Alto,25.1
9931-DCEZH,1,0,0,1,28,25-48 meses,One year,Credit card (automatic),DSL,54.4,1516.6,No,0.2548,Bajo,0.0
1898-JSNDC,0,0,0,0,39,25-48 meses,One year,Credit card (automatic),DSL,58.6,2224.5,No,0.2948,Bajo,0.0
0315-LVCRK,1,0,0,0,11,0-12 meses,Month-to-month,Electronic check,Fiber optic,84.8,888.75,No,0.7255,Alto,84.8
3911-RSNHI,0,0,1,0,71,49-72 meses,Two year,Credit card (automatic),DSL,61.4,4310.35,No,0.0595,Bajo,0.0
2410-CIYFZ,1,0,0,1,2,0-12 meses,Month-to-month,Mailed check,No,20.4,42.9,No,0.2131,Bajo,0.0
4248-HCETZ,1,1,1,0,30,25-48 meses,Month-to-month,Mailed check,Fiber optic,79.65,2365.15,Yes,0.5827,Medio,0.0
5505-OVWQW,0,0,0,0,17,13-24 meses,One year,Mailed check,No,20.15,353.65,No,0.1086,Bajo,0.0
7271-AJDTL,0,0,1,0,55,49-72 meses,Month-to-month,Credit card (automatic),Fiber optic,94.45,5073.1,No,0.4756,Medio,0.0
1867-TJHTS,0,0,0,0,58,49-72 meses,Month-to-month,Bank transfer (automatic),Fiber optic,79.8,4526.85,No,0.4091,Medio,0.0
0516-WJVXC,0,0,0,0,5,0-12 meses,Month-to-month,Electronic check,DSL,54.2,308.25,Yes,0.5746,Medio,0.0
9174-FKWZE,0,1,0,0,1,0-12 meses,Month-to-month,Electronic check,No,19.45,19.45,Yes,0.491,Medio,0.0
6860-YRJZP,1,1,0,0,9,0-12 meses,Month-to-month,Electronic check,Fiber optic,74.05,678.45,No,0.8303,Alto,74.05
4429-WYGFR,1,0,0,0,26,25-48 meses,Month-to-month,Bank transfer (automatic),DSL,49.15,1237.3,No,0.2697,Bajo,0.0
2817-LVCPP,0,0,0,0,50,49-72 meses,Two year,Credit card (automatic),No,19.4,1023.95,No,0.0473,Bajo,0.0
5038-ETMLM,0,0,1,0,72,49-72 meses,Two year,Bank transfer (automatic),Fiber optic,113.65,8182.75,No,0.0904,Bajo,0.0
5056-FIMPT,0,0,0,1,43,25-48 meses,One year,Credit card (automatic),Fiber optic,106.0,4532.3,No,0.4079,Medio,0.0
4521-WFJAI,1,0,0,0,56,49-72 meses,Two year,Bank transfer (automatic),No,25.95,1444.05,No,0.0651,Bajo,0.0
6569-KTMDU,0,0,0,0,1,0-12 meses,Month-to-month,Mailed check,No,19.1,19.1,No,0.518,Medio,0.0
8809-RIHDD,1,0,1,1,72,49-72 meses,Two year,Electronic check,Fiber optic,103.4,7372.65,Yes,0.3547,Medio,0.0
8809-XKHMD,1,0,1,0,72,49-72 meses,Two year,Bank transfer (automatic),Fiber optic,100.55,7325.1,No,0.148,Bajo,0.0
0396-YCHWO,1,0,1,0,36,25-48 meses,Month-to-month,Electronic check,Fiber optic,95.4,3474.2,No,0.7177,Alto,95.4
0867-LDTTC,1,0,0,0,5,0-12 meses,Month-to-month,Bank transfer (automatic),DSL,75.15,392.65,No,0.5483,Medio,0.0
4822-NGOCH,0,0,0,0,13,13-24 meses,Month-to-month,Electronic check,Fiber optic,84.45,1058.6,Yes,0.8155,Alto,84.45
9391-DXGGG,0,1,0,0,44,25-48 meses,One year,Credit card (automatic),Fiber optic,89.15,3990.75,No,0.3745,Medio,0.0
9844-FELAJ,0,1,1,1,70,49-72 meses,One year,Electronic check,Fiber optic,107.9,7475.85,No,0.4169,Medio,0.0
2122-SZZZD,1,0,0,0,44,25-48 meses,One year,Credit card (automatic),No,19.5,835.5,No,0.0439,Bajo,0.0
5307-DZCVC,0,1,1,0,32,25-48 meses,Month-to-month,Credit card (automatic),Fiber optic,85.95,2628.6,Yes,0.6214,Alto,85.95
3148-AOIQT,0,0,1,0,69,49-72 meses,Two year,Credit card (automatic),No,24.95,1718.35,No,0.0457,Bajo,0.0
8679-JOEVF,0,1,0,0,16,13-24 meses,Month-to-month,Electronic check,DSL,59.4,1023.9,Yes,0.5082,Medio,0.0
8395-ETZKQ,1,1,1,1,68,49-72 meses,One year,Bank transfer (automatic),No,19.5,1193.55,No,0.0676,Bajo,0.0
6692-YQHXC,1,0,0,0,16,13-24 meses,Month-to-month,Credit card (automatic),Fiber optic,69.95,1205.5,No,0.6072,Alto,69.95
3889-VWBID,1,0,1,1,68,49-72 meses,Two year,Bank transfer (automatic),DSL,82.85,5776.45,No,0.0451,Bajo,0.0
5222-JCXZT,1,0,0,0,4,0-12 meses,Month-to-month,Mailed check,No,19.0,78.9,No,0.1903,Bajo,0.0
9754-CLVZW,0,0,1,1,26,25-48 meses,Month-to-month,Credit card (automatic),DSL,38.85,1025.15,No,0.2913,Bajo,0.0
1432-FPAXX,0,0,0,0,29,25-48 meses,Month-to-month,Electronic check,DSL,30.6,856.35,Yes,0.4788,Medio,0.0
2739-CCZMB,1,0,0,1,5,0-12 meses,Month-to-month,Credit card (automatic),No,20.35,122.0,No,0.1976,Bajo,0.0
7080-TNUWP,1,0,1,0,70,49-72 meses,One year,Bank transfer (automatic),Fiber optic,95.0,6602.9,No,0.3498,Medio,0.0
0496-AHOOK,1,0,1,0,24,13-24 meses,One year,Bank transfer (automatic),DSL,74.4,1712.9,No,0.2046,Bajo,0.0
8336-TAVKX,0,1,1,0,72,49-72 meses,Two year,Bank transfer (automatic),DSL,78.45,5682.25,No,0.0704,Bajo,0.0
2468-SJFLM,1,0,0,0,1,0-12 meses,Month-to-month,Mailed check,Fiber optic,74.3,74.3,No,0.8257,Alto,74.3
3181-VTHOE,1,0,1,0,70,49-72 meses,One year,Bank transfer (automatic),DSL,51.05,3635.15,No,0.1811,Bajo,0.0
7168-HDQHG,0,0,1,1,36,25-48 meses,Month-to-month,Bank transfer (automatic),No,19.2,702.9,No,0.1046,Bajo,0.0
4803-AXVYP,0,1,0,0,38,25-48 meses,Month-to-month,Electronic check,Fiber optic,99.55,3734.25,Yes,0.6961,Alto,99.55
3884-HCSWG,0,0,0,0,17,13-24 meses,Month-to-month,Electronic check,Fiber optic,70.0,1144.5,Yes,0.7215,Alto,70.0
4567-AKPIA,0,0,1,1,41,25-48 meses,One year,Bank transfer (automatic),Fiber optic,109.1,4454.25,No,0.4151,Medio,0.0
5077-DXTCG,0,0,0,0,1,0-12 meses,Month-to-month,Electronic check,DSL,45.3,45.3,Yes,0.7896,Alto,45.3
1142-WACZW,1,0,0,0,2,0-12 meses,Month-to-month,Bank transfer (automatic),DSL,29.85,75.6,Yes,0.6333,Alto,29.85
7901-HXJVA,1,0,0,0,14,13-24 meses,Month-to-month,Electronic check,Fiber optic,76.45,1117.55,No,0.6772,Alto,76.45
5649-ANRML,1,1,0,0,2,0-12 meses,Month-to-month,Credit card (automatic),Fiber optic,95.1,180.25,Yes,0.7849,Alto,95.1
4892-VLANZ,1,0,0,0,1,0-12 meses,Month-to-month,Mailed check,No,19.8,19.8,Yes,0.536,Medio,0.0
5924-IFQTT,1,0,1,1,13,13-24 meses,Month-to-month,Electronic check,DSL,72.8,930.05,No,0.4866,Medio,0.0
7968-QUXNS,1,0,0,0,6,0-12 meses,Month-to-month,Mailed check,No,18.95,110.15,No,0.1803,Bajo,0.0
2919-HBCJO,0,0,0,0,4,0-12 meses,Month-to-month,Bank transfer (automatic),Fiber optic,76.65,333.6,Yes,0.819,Alto,76.65
4236-XPXAV,0,0,1,1,5,0-12 meses,Month-to-month,Mailed check,Fiber optic,99.15,465.05,Yes,0.7847,Alto,99.15
8903-WMRNW,0,0,1,0,15,13-24 meses,Month-to-month,Electronic check,Fiber optic,101.75,1669.4,No,0.682,Alto,101.75
2452-SNHFZ,0,0,0,0,47,25-48 meses,Month-to-month,Credit card (automatic),Fiber optic,75.45,3545.1,No,0.3943,Medio,0.0
3629-WEAAM,0,0,0,0,8,0-12 meses,Month-to-month,Mailed check,DSL,64.1,504.05,No,0.4488,Medio,0.0
6029-CSMJE,1,0,0,0,17,13-24 meses,Month-to-month,Mailed check,DSL,25.65,440.2,No,0.458,Medio,0.0
7993-NQLJE,1,0,1,1,15,13-24 meses,Month-to-month,Mailed check,Fiber optic,75.1,1151.55,No,0.5178,Medio,0.0
9909-DFRJA,0,0,0,0,26,25-48 meses,One year,Bank transfer (automatic),Fiber optic,95.85,2475.35,No,0.4434,Medio,0.0
9099-FTUHS,0,0,0,0,23,13-24 meses,Month-to-month,Electronic check,DSL,54.4,1249.25,No,0.353,Medio,0.0
0581-BXBUB,0,1,0,0,4,0-12 meses,Month-to-month,Electronic check,Fiber optic,72.75,317.75,No,0.7694,Alto,72.75
4962-CHQPW,1,0,0,1,29,25-48 meses,One year,Mailed check,No,19.85,535.05,No,0.049,Bajo,0.0
9467-ROOLM,0,0,0,0,25,25-48 meses,Month-to-month,Mailed check,No,19.05,461.3,No,0.1222,Bajo,0.0
3030-YZADT,1,0,0,0,9,0-12 meses,Month-to-month,Mailed check,DSL,44.95,431.0,Yes,0.521,Medio,0.0
7410-KTVFV,1,0,1,0,18,13-24 meses,Month-to-month,Mailed check,DSL,49.55,878.35,Yes,0.4268,Medio,0.0
5150-ITWWB,1,1,0,0,3,0-12 meses,Month-to-month,Electronic check,Fiber optic,94.85,335.75,No,0.911,Alto,94.85
2253-KPMNB,0,0,1,1,69,49-72 meses,Two year,Bank transfer (automatic),DSL,46.25,3121.4,No,0.0517,Bajo,0.0
1345-ZUKID,1,0,0,0,14,13-24 meses,One year,Mailed check,No,19.35,324.8,No,0.0782,Bajo,0.0
6429-SHBCB,1,0,0,0,19,13-24 meses,Month-to-month,Mailed check,DSL,69.6,1394.55,No,0.3813,Medio,0.0
9281-OFDMF,1,1,0,0,39,25-48 meses,Month-to-month,Electronic check,Fiber optic,90.7,3413.25,No,0.6189,Alto,90.7
2603-HVKCG,1,0,0,0,31,25-48 meses,Month-to-month,Electronic check,Fiber optic,101.4,3143.65,No,0.6674,Alto,101.4
1834-WULEG,1,0,1,1,24,13-24 meses,One year,Mailed check,No,20.25,439.75,No,0.0424,Bajo,0.0
9097-ZUBYC,1,0,1,0,14,13-24 meses,Month-to-month,Bank transfer (automatic),DSL,48.8,664.4,No,0.3922,Medio,0.0
5148-ORICT,0,0,1,0,64,49-72 meses,Two year,Mailed check,DSL,74.35,4759.55,No,0.0568,Bajo,0.0
4893-GYUJU,0,0,0,0,50,49-72 meses,One year,Mailed check,No,19.35,1033.0,No,0.075,Bajo,0.0
4578-PHJYZ,1,0,1,1,52,49-72 meses,One year,Electronic check,DSL,68.75,3482.85,No,0.1834,Bajo,0.0
7272-QDCKA,1,0,0,0,28,25-48 meses,One year,Electronic check,Fiber optic,100.2,2688.45,No,0.5395,Medio,0.0
8908-SLFCJ,0,0,0,0,21,13-24 meses,Two year,Credit card (automatic),No,20.85,435.25,No,0.0714,Bajo,0.0
8393-DLHGA,1,0,0,1,25,25-48 meses,Month-to-month,Electronic check,Fiber optic,95.9,2448.75,Yes,0.6983,Alto,95.9
9766-HGEDE,0,0,1,0,17,13-24 meses,One year,Mailed check,No,19.35,307.0,No,0.091,Bajo,0.0
6968-MHOMU,1,0,1,0,58,49-72 meses,One year,Credit card (automatic),DSL,45.0,2689.35,No,0.3033,Medio,0.0
7395-IGJOS,1,1,1,0,17,13-24 meses,Month-to-month,Bank transfer (automatic),Fiber optic,81.5,1329.2,Yes,0.6146,Alto,81.5
5044-XDPYX,0,0,1,0,51,49-72 meses,Two year,Mailed check,No,25.5,1281.25,No,0.0518,Bajo,0.0
1814-WFGVS,1,0,1,1,72,49-72 meses,Two year,Mailed check,DSL,48.9,3527.0,No,0.043,Bajo,0.0
2834-SPCJV,1,0,1,0,52,49-72 meses,Month-to-month,Electronic check,Fiber optic,84.1,4348.65,Yes,0.547,Medio,0.0
3721-WKIIL,0,0,0,0,27,25-48 meses,Two year,Mailed check,No,19.6,561.15,No,0.0684,Bajo,0.0
6734-CKRSM,0,0,0,0,3,0-12 meses,Month-to-month,Mailed check,No,20.0,63.6,No,0.2921,Bajo,0.0
1265-ZFOSD,0,0,1,0,64,49-72 meses,Two year,Mailed check,DSL,81.3,5129.3,No,0.0577,Bajo,0.0
6568-POCUI,0,0,1,0,45,25-48 meses,Two year,Credit card (automatic),Fiber optic,95.2,4285.8,No,0.2701,Bajo,0.0
7890-VYYWG,1,1,1,0,3,0-12 meses,Month-to-month,Mailed check,DSL,36.45,93.7,Yes,0.7376,Alto,36.45
5197-LQXXH,0,0,1,0,71,49-72 meses,Two year,Credit card (automatic),DSL,83.3,5894.5,No,0.0668,Bajo,0.0
9907-SWKKF,0,1,0,0,1,0-12 meses,Month-to-month,Mailed check,DSL,25.05,25.05,Yes,0.7159,Alto,25.05
3457-PQBYH,0,0,1,1,58,49-72 meses,Two year,Credit card (automatic),No,20.3,1160.75,No,0.0273,Bajo,0.0
7682-AZNDK,1,0,1,1,34,25-48 meses,Month-to-month,Electronic check,Fiber optic,89.85,3091.75,No,0.6115,Alto,89.85
0587-DMGBH,0,0,0,0,8,0-12 meses,Month-to-month,Electronic check,DSL,49.85,365.55,Yes,0.6112,Alto,49.85
5384-ZTTWP,0,0,1,1,15,13-24 meses,Month-to-month,Mailed check,No,19.8,272.95,No,0.184,Bajo,0.0
3745-HRPHI,1,0,1,1,66,49-72 meses,Two year,Bank transfer (automatic),DSL,54.65,3632.0,No,0.0578,Bajo,0.0
7636-OWBPG,1,1,0,0,12,0-12 meses,Month-to-month,Credit card (automatic),DSL,29.35,381.2,No,0.4995,Medio,0.0
1231-YNDEK,1,0,0,0,58,49-72 meses,Two year,Bank transfer (automatic),No,19.15,1035.5,No,0.0695,Bajo,0.0
1407-DIGZV,0,0,1,1,3,0-12 meses,Two year,Mailed check,No,19.1,52.0,No,0.1118,Bajo,0.0
6397-JNZZG,0,1,1,0,43,25-48 meses,Month-to-month,Credit card (automatic),DSL,55.55,2342.2,Yes,0.4234,Medio,0.0
0570-BFQHT,0,0,0,0,9,0-12 meses,Month-to-month,Electronic check,Fiber optic,80.55,653.9,No,0.7628,Alto,80.55
4393-OBCRR,0,0,0,0,3,0-12 meses,One year,Mailed check,No,20.25,71.2,No,0.1835,Bajo,0.0
3523-QRQLL,0,0,1,1,22,13-24 meses,One year,Bank transfer (automatic),DSL,69.5,1498.2,Yes,0.3586,Medio,0.0
8564-LDKFL,1,0,1,0,40,25-48 meses,One year,Bank transfer (automatic),Fiber optic,106.0,4178.65,No,0.4978,Medio,0.0
3696-DFHHB,0,0,0,0,68,49-72 meses,Two year,Bank transfer (automatic),No,25.5,1821.8,No,0.035,Bajo,0.0
0895-DQHEW,1,0,1,0,54,49-72 meses,Month-to-month,Electronic check,Fiber optic,104.3,5278.15,Yes,0.6606,Alto,104.3
4717-GHADL,0,0,0,0,50,49-72 meses,Two year,Mailed check,DSL,79.6,4024.2,No,0.1091,Bajo,0.0
5501-TVMGM,1,0,0,0,1,0-12 meses,Month-to-month,Electronic check,DSL,55.25,55.25,No,0.7744,Alto,55.25
5879-HMFFH,0,0,1,0,72,49-72 meses,Two year,Bank transfer (automatic),DSL,88.05,6520.8,No,0.025,Bajo,0.0
6772-WFQRD,1,0,0,1,40,25-48 meses,One year,Bank transfer (automatic),No,20.4,854.9,No,0.0518,Bajo,0.0
3810-DVDQQ,0,0,1,1,72,49-72 meses,Two year,Bank transfer (automatic),Fiber optic,117.6,8308.9,No,0.096,Bajo,0.0
6972-SNKKW,0,0,0,0,6,0-12 meses,Month-to-month,Mailed check,No,20.0,109.2,No,0.2645,Bajo,0.0
3694-GLTJM,0,0,0,0,5,0-12 meses,Month-to-month,Credit card (automatic),No,19.65,92.05,No,0.23,Bajo,0.0
8550-XSXUQ,1,0,1,0,48,25-48 meses,One year,Credit card (automatic),DSL,70.55,3420.5,No,0.2536,Bajo,0.0
8149-RSOUN,0,0,0,0,1,0-12 meses,Month-to-month,Electronic check,Fiber optic,93.85,93.85,Yes,0.9287,Alto,93.85
9055-MOJJJ,0,0,1,1,64,49-72 meses,One year,Mailed check,DSL,65.8,4068.0,No,0.1009,Bajo,0.0
4359-INNWN,0,0,0,0,17,13-24 meses,One year,Credit card (automatic),No,20.05,337.9,No,0.1329,Bajo,0.0
0585-EGDDA,1,0,1,0,40,25-48 meses,Month-to-month,Electronic check,Fiber optic,80.0,3168.75,No,0.6003,Alto,80.0
4032-RMHCI,0,0,1,1,41,25-48 meses,One year,Credit card (automatic),DSL,35.4,1412.4,No,0.2209,Bajo,0.0
0549-CYCQN,1,1,0,0,51,49-72 meses,One year,Bank transfer (automatic),Fiber optic,79.6,3974.7,No,0.373,Medio,0.0
3481-JHUZH,1,0,1,0,41,25-48 meses,Month-to-month,Electronic check,Fiber optic,80.25,3439.0,No,0.6424,Alto,80.25
7250-EQKIY,0,0,1,1,1,0-12 meses,Month-to-month,Mailed check,DSL,50.45,50.45,Yes,0.6698,Alto,50.45
3594-IVHJZ,0,0,0,0,2,0-12 meses,Month-to-month,Mailed check,No,20.45,42.45,No,0.2549,Bajo,0.0
6869-FGJJC,1,0,0,0,68,49-72 meses,One year,Credit card (automatic),Fiber optic,79.6,5461.45,No,0.2681,Bajo,0.0
3896-ZVNET,0,0,1,1,24,13-24 meses,Two year,Mailed check,No,24.7,571.75,No,0.0601,Bajo,0.0
8205-VSLRB,1,0,1,0,70,49-72 meses,Two year,Credit card (automatic),DSL,77.3,5498.2,No,0.0901,Bajo,0.0
5960-MVTUK,1,0,0,0,3,0-12 meses,Month-to-month,Electronic check,DSL,29.75,96.85,No,0.7067,Alto,29.75
6817-WTYHE,1,0,0,0,2,0-12 meses,Month-to-month,Bank transfer (automatic),DSL,44.9,111.05,No,0.6762,Alto,44.9
3082-VQXNH,1,0,1,0,3,0-12 meses,Month-to-month,Credit card (automatic),DSL,29.8,94.4,No,0.6232,Alto,29.8
4013-UBXWQ,0,0,0,0,7,0-12 meses,Month-to-month,Electronic check,DSL,74.65,521.1,Yes,0.6658,Alto,74.65
4931-TRZWN,0,0,0,0,13,13-24 meses,Month-to-month,Electronic check,DSL,71.95,923.85,No,0.5487,Medio,0.0
0750-EKNGL,1,0,0,0,7,0-12 meses,Month-to-month,Mailed check,No,20.75,141.1,No,0.2274,Bajo,0.0
7669-LCRSD,1,0,1,1,12,0-12 meses,Month-to-month,Mailed check,DSL,56.3,628.65,No,0.4135,Medio,0.0
3567-PQTSO,1,0,1,1,53,49-72 meses,One year,Electronic check,Fiber optic,105.25,5576.3,No,0.53,Medio,0.0
5519-NPHVG,0,0,0,0,12,0-12 meses,Month-to-month,Electronic check,Fiber optic,94.2,1046.1,Yes,0.8609,Alto,94.2
8043-PNYSD,1,0,1,1,63,49-72 meses,Two year,Mailed check,No,19.55,1245.6,No,0.035,Bajo,0.0
9938-EKRGF,0,0,0,0,15,13-24 meses,Month-to-month,Mailed check,DSL,84.45,1287.85,No,0.3591,Medio,0.0
2703-AMTUL,1,0,1,1,36,25-48 meses,One year,Mailed check,DSL,53.65,1939.35,No,0.1731,Bajo,0.0
0928-JMXNP,1,1,1,0,4,0-12 meses,Month-to-month,Electronic check,DSL,29.9,118.25,No,0.757,Alto,29.9
8173-RXAYP,0,0,1,1,24,13-24 meses,Two year,Mailed check,No,19.7,452.55,No,0.0325,Bajo,0.0
4825-XJGDM,0,0,0,0,61,49-72 meses,One year,Credit card (automatic),DSL,43.7,2696.55,No,0.1458,Bajo,0.0
5402-HTOTQ,1,0,0,0,16,13-24 meses,Month-to-month,Electronic check,DSL,55.3,875.35,No,0.49,Medio,0.0
6734-JDTTV,1,0,1,1,65,49-72 meses,Two year,Credit card (automatic),No,19.85,1267.05,No,0.0256,Bajo,0.0
7850-THJMU,0,0,1,1,26,25-48 meses,Two year,Credit card (automatic),No,19.65,494.9,No,0.037,Bajo,0.0
3890-RTCMS,1,0,0,0,16,13-24 meses,Month-to-month,Mailed check,DSL,49.45,799.0,No,0.4244,Medio,0.0
8849-GYOKR,0,0,1,0,54,49-72 meses,One year,Bank transfer (automatic),Fiber optic,106.55,5763.3,Yes,0.3688,Medio,0.0
3148-BLQJT,1,0,0,0,1,0-12 meses,Month-to-month,Mailed check,No,20.1,20.1,Yes,0.568,Medio,0.0
3717-FDJFU,1,0,0,1,5,0-12 meses,Two year,Mailed check,No,20.45,106.9,No,0.1077,Bajo,0.0
3665-JATSN,0,0,0,0,19,13-24 meses,Month-to-month,Electronic check,DSL,39.7,710.05,No,0.5453,Medio,0.0
7966-YOTQW,1,0,0,0,10,0-12 meses,Month-to-month,Credit card (automatic),DSL,54.5,568.2,No,0.4368,Medio,0.0
0461-CVKMU,0,0,1,1,23,13-24 meses,Month-to-month,Electronic check,Fiber optic,83.8,1900.25,Yes,0.5151,Medio,0.0
8806-EAGWC,1,0,0,0,3,0-12 meses,Month-to-month,Mailed check,DSL,55.15,159.15,Yes,0.6477,Alto,55.15
8853-TZDGH,0,0,0,0,72,49-72 meses,Two year,Bank transfer (automatic),Fiber optic,111.6,8012.75,No,0.1762,Bajo,0.0
7779-LGOVN,1,1,1,0,10,0-12 meses,Month-to-month,Electronic check,Fiber optic,86.65,856.65,Yes,0.8741,Alto,86.65
4324-BZCKL,0,0,1,1,10,0-12 meses,Month-to-month,Mailed check,DSL,55.55,551.3,No,0.4295,Medio,0.0
6924-TDGMT,1,0,1,0,11,0-12 meses,One year,Mailed check,No,20.55,184.95,No,0.1361,Bajo,0.0
9710-ZUSHQ,0,1,0,0,37,25-48 meses,Month-to-month,Bank transfer (automatic),Fiber optic,106.75,4056.75,Yes,0.5676,Medio,0.0
1536-YHDOE,1,0,1,1,17,13-24 meses,One year,Mailed check,DSL,62.1,1096.65,No,0.2564,Bajo,0.0
8123-QBNAZ,0,0,1,1,36,25-48 meses,Month-to-month,Credit card (automatic),Fiber optic,104.5,3684.95,No,0.5577,Medio,0.0
3629-ZNKXA,1,1,0,0,17,13-24 meses,Month-to-month,Electronic check,Fiber optic,101.8,1752.45,No,0.7448,Alto,101.8
4827-LTQRJ,0,1,1,1,66,49-72 meses,One year,Credit card (automatic),Fiber optic,110.6,7210.85,No,0.3167,Medio,0.0
7711-YIJWC,1,0,1,1,61,49-72 meses,One year,Bank transfer (automatic),DSL,84.9,5264.5,No,0.168,Bajo,0.0
5482-VXSXJ,1,0,0,0,22,13-24 meses,Month-to-month,Mailed check,Fiber optic,93.2,2157.3,No,0.6458,Alto,93.2
7365-BVCJH,1,0,0,0,1,0-12 meses,Month-to-month,Electronic check,DSL,24.4,24.4,No,0.8123,Alto,24.4
9620-ENEJV,0,0,0,0,6,0-12 meses,Month-to-month,Credit card (automatic),Fiber optic,70.55,433.95,No,0.7486,Alto,70.55
4183-WCSEP,1,0,0,0,31,25-48 meses,Month-to-month,Electronic check,Fiber optic,78.45,2435.15,Yes,0.581,Medio,0.0
2378-YIZKA,0,0,1,1,68,49-72 meses,Two year,Credit card (automatic),DSL,85.0,5607.75,No,0.0375,Bajo,0.0
5498-TXHLF,0,0,1,1,34,25-48 meses,Month-to-month,Electronic check,Fiber optic,87.45,2874.15,Yes,0.6357,Alto,87.45
0689-DSXGL,0,0,1,1,52,49-72 meses,Month-to-month,Bank transfer (automatic),Fiber optic,85.8,4433.3,No,0.3263,Medio,0.0
6818-DJXAA,0,0,0,1,10,0-12 meses,Month-to-month,Electronic check,Fiber optic,91.1,964.35,No,0.7618,Alto,91.1
9722-UJOJR,1,0,1,1,29,25-48 meses,Month-to-month,Electronic check,Fiber optic,70.75,1974.8,Yes,0.6384,Alto,70.75
0464-WJTKO,0,0,1,1,72,49-72 meses,Two year,Bank transfer (automatic),No,20.1,1460.85,No,0.0204,Bajo,0.0
8902-ZEOVF,1,0,1,1,47,25-48 meses,One year,Mailed check,No,20.05,951.55,No,0.0396,Bajo,0.0
6778-EICRF,1,0,1,1,24,13-24 meses,One year,Mailed check,DSL,74.8,1821.2,No,0.2079,Bajo,0.0
2662-NNTDK,1,0,0,0,65,49-72 meses,One year,Credit card (automatic),No,24.8,1600.95,No,0.1021,Bajo,0.0
4132-KALRO,0,0,0,0,4,0-12 meses,Month-to-month,Mailed check,Fiber optic,100.85,399.25,No,0.8427,Alto,100.85
3902-FOIGH,1,1,1,0,12,0-12 meses,Month-to-month,Electronic check,Fiber optic,101.35,1218.55,Yes,0.8468,Alto,101.35
6772-KSATR,1,0,0,0,1,0-12 meses,Month-to-month,Electronic check,Fiber optic,81.7,81.7,Yes,0.8305,Alto,81.7
7112-OPOTK,1,0,0,0,33,25-48 meses,Month-to-month,Electronic check,Fiber optic,68.25,2171.15,Yes,0.5811,Medio,0.0
2874-YXVVA,0,0,0,0,34,25-48 meses,Month-to-month,Electronic check,Fiber optic,105.1,3634.8,No,0.5846,Medio,0.0
1245-HARPS,0,0,1,0,14,13-24 meses,Two year,Mailed check,No,20.4,292.4,No,0.0639,Bajo,0.0
4210-QFJMF,0,0,0,0,4,0-12 meses,Month-to-month,Electronic check,Fiber optic,79.15,317.25,Yes,0.8648,Alto,79.15
4323-ELYYB,1,0,1,1,13,13-24 meses,One year,Mailed check,No,20.0,218.55,No,0.1278,Bajo,0.0
4293-ETKAP,0,0,1,1,65,49-72 meses,Two year,Bank transfer (automatic),DSL,79.4,5071.9,No,0.1117,Bajo,0.0
6064-PUPMC,1,0,1,1,23,13-24 meses,One year,Credit card (automatic),DSL,57.2,1423.35,No,0.1513,Bajo,0.0
6504-VBLFL,1,0,1,0,55,49-72 meses,Two year,Electronic check,DSL,58.6,3068.6,No,0.1803,Bajo,0.0
6322-PJJDJ,1,0,1,0,49,49-72 meses,Two year,Electronic check,Fiber optic,94.8,4690.65,No,0.3603,Medio,0.0
0330-BGYZE,1,0,1,0,60,49-72 meses,One year,Bank transfer (automatic),Fiber optic,102.5,6157.6,No,0.3933,Medio,0.0
1085-LDWAM,0,0,1,1,69,49-72 meses,One year,Credit card (automatic),No,20.35,1442.65,No,0.0558,Bajo,0.0
7586-ZATGZ,1,0,0,0,40,25-48 meses,Month-to-month,Electronic check,Fiber optic,84.9,3369.05,No,0.6813,Alto,84.9
7197-VOJMM,1,0,1,0,67,49-72 meses,Two year,Credit card (automatic),DSL,69.2,4671.65,No,0.0653,Bajo,0.0
3318-OSATS,1,1,0,0,35,25-48 meses,Month-to-month,Electronic check,Fiber optic,95.45,3474.05,Yes,0.7537,Alto,95.45
5828-AVIPD,1,0,1,1,19,13-24 meses,One year,Electronic check,Fiber optic,100.95,1875.55,Yes,0.6015,Alto,100.95
1843-TLSGD,0,0,1,1,13,13-24 meses,Two year,Mailed check,No,20.85,272.35,No,0.0651,Bajo,0.0
9626-VFRGG,0,0,0,1,41,25-48 meses,Month-to-month,Bank transfer (automatic),Fiber optic,88.5,3645.05,No,0.5315,Medio,0.0
7075-BNDVQ,0,0,0,0,4,0-12 meses,Month-to-month,Mailed check,DSL,35.0,135.75,No,0.5383,Medio,0.0
9143-CANJF,0,0,1,1,24,13-24 meses,Month-to-month,Electronic check,DSL,55.15,1319.85,No,0.2963,Bajo,0.0
7284-BUYEC,0,0,0,0,5,0-12 meses,Month-to-month,Credit card (automatic),DSL,50.95,229.4,No,0.6132,Alto,50.95
2041-JIJCI,0,0,0,0,5,0-12 meses,Month-to-month,Electronic check,DSL,64.0,370.25,No,0.6324,Alto,64.0
1086-LXKFY,0,0,1,1,1,0-12 meses,Month-to-month,Mailed check,Fiber optic,69.1,69.1,Yes,0.854,Alto,69.1
4900-MSOMT,0,0,1,1,72,49-72 meses,Two year,Bank transfer (automatic),DSL,80.2,5714.2,No,0.0453,Bajo,0.0
2229-VWQJH,0,0,0,0,24,13-24 meses,Month-to-month,Credit card (automatic),DSL,49.3,1233.25,No,0.3889,Medio,0.0
9194-GFVOI,0,0,1,0,42,25-48 meses,Two year,Credit card (automatic),DSL,84.35,3571.6,No,0.1069,Bajo,0.0
1336-EZFZY,0,0,0,0,4,0-12 meses,Month-to-month,Mailed check,No,20.05,83.3,No,0.2688,Bajo,0.0
4282-MSACW,1,0,0,0,68,49-72 meses,One year,Credit card (automatic),Fiber optic,117.2,8035.95,No,0.3456,Medio,0.0
1403-LKLIK,0,0,1,1,33,25-48 meses,One year,Mailed check,No,20.1,579.4,No,0.049,Bajo,0.0
2636-ALXXZ,0,1,0,0,1,0-12 meses,Month-to-month,Electronic check,Fiber optic,69.6,69.6,Yes,0.89,Alto,69.6
7774-OJSXI,1,0,0,0,31,25-48 meses,One year,Electronic check,Fiber optic,103.45,3066.45,Yes,0.6161,Alto,103.45
7786-WBJYI,0,0,0,0,4,0-12 meses,Month-to-month,Bank transfer (automatic),Fiber optic,77.95,305.55,Yes,0.7824,Alto,77.95
0136-IFMYD,1,1,1,0,69,49-72 meses,Two year,Electronic check,Fiber optic,109.95,7634.25,No,0.3388,Medio,0.0
5144-TVGLP,1,1,0,0,38,25-48 meses,Month-to-month,Electronic check,Fiber optic,94.75,3653.0,No,0.6785,Alto,94.75
9643-AVVWI,0,0,1,1,3,0-12 meses,Month-to-month,Electronic check,Fiber optic,80.0,241.3,No,0.7989,Alto,80.0
0253-ZTEOB,0,0,1,1,48,25-48 meses,Two year,Electronic check,DSL,79.65,3870.3,No,0.1832,Bajo,0.0
2706-QZIHY,0,0,1,0,15,13-24 meses,Two year,Mailed check,No,25.2,387.9,No,0.094,Bajo,0.0
6061-PQHMK,0,0,0,0,25,25-48 meses,One year,Credit card (automatic),No,19.9,527.5,No,0.075,Bajo,0.0
9885-CSMWE,0,1,0,0,1,0-12 meses,Month-to-month,Electronic check,Fiber optic,78.45,78.45,Yes,0.8746,Alto,78.45
6137-MFAJN,0,0,0,0,48,25-48 meses,Month-to-month,Electronic check,DSL,44.8,2104.55,No,0.3905,Medio,0.0
9122-UMROB,1,0,0,0,1,0-12 meses,Month-to-month,Mailed check,No,20.3,20.3,No,0.5466,Medio,0.0
4232-JGKIY,1,0,0,0,1,0-12 meses,Month-to-month,Electronic check,No,19.2,19.2,No,0.44,Medio,0.0
2402-TAIRZ,0,0,0,0,37,25-48 meses,One year,Electronic check,Fiber optic,80.05,3019.1,No,0.4026,Medio,0.0
9659-ZTWSM,1,1,1,0,66,49-72 meses,One year,Bank transfer (automatic),Fiber optic,107.35,7051.95,No,0.3994,Medio,0.0
9139-TWBAS,0,0,1,0,26,25-48 meses,One year,Bank transfer (automatic),DSL,47.85,1190.5,No,0.2629,Bajo,0.0
6685-GBWJZ,1,0,1,0,63,49-72 meses,One year,Credit card (automatic),DSL,70.8,4448.8,No,0.1332,Bajo,0.0
5016-ETTFF,1,0,0,0,10,0-12 meses,Month-to-month,Mailed check,DSL,29.5,255.25,Yes,0.5463,Medio,0.0
3866-MDTUB,0,0,0,0,2,0-12 meses,Month-to-month,Electronic check,DSL,70.75,146.9,Yes,0.6967,Alto,70.75
2195-VVRJF,1,1,1,0,18,13-24 meses,Month-to-month,Credit card (automatic),DSL,59.1,1011.05,No,0.4472,Medio,0.0
3913-RDSJZ,0,0,1,0,64,49-72 meses,Two year,Mailed check,No,25.55,1714.95,No,0.0309,Bajo,0.0
8058-JMEQO,0,1,0,0,9,0-12 meses,Month-to-month,Electronic check,Fiber optic,84.45,762.5,Yes,0.88,Alto,84.45
4203-QGNZA,0,0,0,1,28,25-48 meses,Month-to-month,Mailed check,No,20.25,535.35,No,0.0895,Bajo,0.0
5043-TRZWM,0,0,0,0,1,0-12 meses,Month-to-month,Electronic check,Fiber optic,75.55,75.55,No,0.8553,Alto,75.55
0697-ZMSWS,1,0,0,0,4,0-12 meses,Month-to-month,Electronic check,Fiber optic,85.65,338.9,Yes,0.8906,Alto,85.65
7657-DYEPJ,1,1,0,0,38,25-48 meses,One year,Credit card (automatic),DSL,70.15,2497.35,Yes,0.329,Medio,0.0
9494-BDNNC,1,0,1,0,66,49-72 meses,One year,Electronic check,Fiber optic,95.3,6273.4,No,0.4092,Medio,0.0
1640-PLFMP,0,0,0,0,1,0-12 meses,Month-to-month,Electronic check,Fiber optic,70.25,70.25,No,0.8899,Alto,70.25
5366-OBVMR,0,0,1,0,18,13-24 meses,Month-to-month,Mailed check,DSL,50.3,908.75,No,0.4077,Medio,0.0
8276-MQBYC,1,1,0,0,51,49-72 meses,Month-to-month,Electronic check,Fiber optic,97.8,4913.3,Yes,0.7081,Alto,97.8
7644-OMVMY,1,0,1,1,0,,Two year,Mailed check,No,19.85,19.85,No,0.3097,Medio,0.0
7593-XFKDI,1,0,0,0,1,0-12 meses,Month-to-month,Mailed check,DSL,46.3,46.3,Yes,0.7261,Alto,46.3
4573-JKNAE,1,0,0,1,12,0-12 meses,Two year,Bank transfer (automatic),No,19.35,212.3,No,0.1041,Bajo,0.0
0337-CNPZE,0,0,0,0,41,25-48 meses,Month-to-month,Electronic check,Fiber optic,106.3,4443.45,Yes,0.6732,Alto,106.3
9817-APLHW,1,0,0,0,12,0-12 meses,Month-to-month,Electronic check,No,25.0,316.2,No,0.2118,Bajo,0.0
8380-MQINP,0,0,1,1,55,49-72 meses,Two year,Mailed check,No,20.3,1079.05,No,0.0371,Bajo,0.0
0840-DFEZH,0,0,0,0,7,0-12 meses,Month-to-month,Electronic check,Fiber optic,75.35,564.65,No,0.8496,Alto,75.35
1513-XNPPH,0,0,0,0,12,0-12 meses,Month-to-month,Electronic check,Fiber optic,89.4,1095.65,Yes,0.7596,Alto,89.4
8690-ZVLCL,0,0,1,1,68,49-72 meses,Two year,Credit card (automatic),DSL,88.0,6161.9,No,0.0385,Bajo,0.0
6015-VVHHE,0,1,0,0,5,0-12 meses,Month-to-month,Credit card (automatic),Fiber optic,83.15,446.05,Yes,0.848,Alto,83.15
1125-SNVCK,0,1,0,0,49,49-72 meses,Month-to-month,Mailed check,DSL,43.8,2106.05,No,0.3366,Medio,0.0
0384-LPITE,1,0,0,0,40,25-48 meses,One year,Credit card (automatic),DSL,62.05,2511.55,No,0.2717,Bajo,0.0
4616-EWBNJ,0,0,0,0,16,13-24 meses,One year,Bank transfer (automatic),No,20.1,318.6,No,0.1607,Bajo,0.0
6347-DCUIK,1,0,0,0,10,0-12 meses,Month-to-month,Mailed check,Fiber optic,74.15,811.8,Yes,0.7794,Alto,74.15
1335-HQMKX,0,0,1,0,72,49-72 meses,One year,Electronic check,Fiber optic,101.35,7323.15,No,0.45,Medio,0.0
2545-EBUPK,0,1,0,0,2,0-12 meses,Month-to-month,Electronic check,Fiber optic,84.05,186.05,No,0.9001,Alto,84.05
6923-AQONU,1,0,1,1,23,13-24 meses,Two year,Mailed check,No,20.9,454.0,No,0.0292,Bajo,0.0
2172-EJXVF,0,1,0,0,71,49-72 meses,One year,Electronic check,Fiber optic,105.9,7521.95,No,0.452,Medio,0.0
0897-FEGMU,0,0,1,0,11,0-12 meses,Month-to-month,Electronic check,Fiber optic,99.5,1056.95,Yes,0.8697,Alto,99.5
7663-RGWBC,1,0,0,0,1,0-12 meses,Month-to-month,Mailed check,DSL,44.15,44.15,Yes,0.7479,Alto,44.15
1120-BMWUB,0,0,0,0,16,13-24 meses,Month-to-month,Mailed check,DSL,53.9,834.15,Yes,0.424,Medio,0.0
9124-LHCJQ,0,0,0,0,1,0-12 meses,Month-to-month,Mailed check,Fiber optic,85.45,85.45,Yes,0.9052,Alto,85.45
4536-PLEQY,1,0,1,0,12,0-12 meses,Month-to-month,Credit card (automatic),Fiber optic,85.05,999.8,No,0.7238,Alto,85.05
7029-IJEJK,0,0,0,0,54,49-72 meses,One year,Bank transfer (automatic),DSL,44.1,2369.7,No,0.1601,Bajo,0.0
8871-JLMHM,0,0,1,0,68,49-72 meses,Two year,Credit card (automatic),Fiber optic,90.2,6297.65,No,0.1542,Bajo,0.0
2235-ZGKPT,0,0,1,1,4,0-12 meses,Month-to-month,Mailed check,DSL,50.85,239.55,Yes,0.5934,Medio,0.0
3891-PUQOD,0,0,0,1,1,0-12 meses,Month-to-month,Electronic check,DSL,59.2,59.2,Yes,0.6986,Alto,59.2
5447-VYTKW,1,0,0,0,27,25-48 meses,Month-to-month,Mailed check,DSL,53.45,1461.45,No,0.202,Bajo,0.0
3623-FQBOX,1,0,0,0,21,13-24 meses,Month-to-month,Mailed check,No,19.95,416.4,No,0.1435,Bajo,0.0
0689-NKYLF,1,0,0,0,13,13-24 meses,Month-to-month,Electronic check,Fiber optic,83.2,1060.6,Yes,0.7885,Alto,83.2
8659-HDIYE,0,1,0,0,64,49-72 meses,Month-to-month,Credit card (automatic),DSL,74.65,4869.35,No,0.2595,Bajo,0.0
3658-KIBGF,0,0,0,0,1,0-12 meses,Month-to-month,Electronic check,DSL,54.9,54.9,Yes,0.6838,Alto,54.9
3474-BAFSJ,1,0,1,0,57,49-72 meses,Two year,Bank transfer (automatic),DSL,57.5,3265.95,No,0.0628,Bajo,0.0
5519-YLDGW,0,0,1,0,21,13-24 meses,Month-to-month,Electronic check,Fiber optic,103.9,2254.2,Yes,0.7655,Alto,103.9
3865-ZFZIB,1,0,0,0,19,13-24 meses,Two year,Mailed check,No,19.65,358.15,No,0.0689,Bajo,0.0
1855-AGAWH,1,0,1,0,31,25-48 meses,One year,Electronic check,Fiber optic,93.8,2939.8,No,0.5562,Medio,0.0
7109-CQYUZ,1,0,0,0,52,49-72 meses,Two year,Mailed check,DSL,89.25,4652.4,No,0.059,Bajo,0.0
1370-GGAWX,0,0,0,0,46,25-48 meses,One year,Electronic check,Fiber optic,94.15,4408.45,No,0.5107,Medio,0.0
4680-KUTAJ,0,1,0,0,11,0-12 meses,Month-to-month,Electronic check,DSL,55.6,580.8,No,0.5435,Medio,0.0
5307-UVGNB,0,0,1,1,53,49-72 meses,Month-to-month,Bank transfer (automatic),DSL,48.7,2495.2,No,0.2696,Bajo,0.0
4946-EDSEW,0,0,1,1,11,0-12 meses,Month-to-month,Mailed check,No,19.25,180.3,Yes,0.1911,Bajo,0.0
2883-ILGWO,1,1,0,0,57,49-72 meses,Month-to-month,Bank transfer (automatic),Fiber optic,104.9,5913.95,No,0.5166,Medio,0.0
2516-VQRRV,0,1,0,0,2,0-12 meses,Month-to-month,Mailed check,Fiber optic,75.45,158.4,Yes,0.8589,Alto,75.45
7580-UGXNC,0,1,0,0,2,0-12 meses,Month-to-month,Mailed check,DSL,54.85,104.2,Yes,0.5798,Medio,0.0
3642-BYHDO,0,0,1,1,71,49-72 meses,Two year,Bank transfer (automatic),No,19.9,1389.35,No,0.0203,Bajo,0.0
9629-NHXFW,0,0,1,1,1,0-12 meses,Month-to-month,Mailed check,No,19.4,19.4,No,0.5214,Medio,0.0
2696-RZVZW,1,0,1,0,68,49-72 meses,Two year,Credit card (automatic),No,25.05,1629.2,No,0.0338,Bajo,0.0
5766-FTRTS,1,0,1,0,72,49-72 meses,Two year,Mailed check,DSL,84.45,6033.1,No,0.0315,Bajo,0.0
0396-HUJBP,0,0,0,0,2,0-12 meses,Month-to-month,Mailed check,No,19.3,44.4,No,0.2234,Bajo,0.0
5178-LMXOP,1,1,1,0,1,0-12 meses,Month-to-month,Electronic check,Fiber optic,95.1,95.1,Yes,0.9221,Alto,95.1
8879-ZKJOF,0,0,0,0,41,25-48 meses,One year,Bank transfer (automatic),DSL,79.85,3320.75,No,0.238,Bajo,0.0
6285-FTQBF,1,0,1,1,72,49-72 meses,Two year,Credit card (automatic),No,25.55,1867.7,No,0.019,Bajo,0.0
8185-UPYBR,1,0,1,0,6,0-12 meses,Month-to-month,Electronic check,Fiber optic,75.5,438.0,Yes,0.8603,Alto,75.5
4585-HETAI,0,0,1,1,4,0-12 meses,Month-to-month,Electronic check,Fiber optic,73.75,325.45,Yes,0.8222,Alto,73.75
7526-BEZQB,1,0,0,0,12,0-12 meses,Month-to-month,Electronic check,Fiber optic,96.05,1148.1,Yes,0.8629,Alto,96.05
1474-JUWSM,0,0,1,0,58,49-72 meses,One year,Electronic check,DSL,68.4,3972.25,No,0.1967,Bajo,0.0
3530-CRZSB,0,0,0,0,7,0-12 meses,Month-to-month,Mailed check,No,20.65,155.9,No,0.2306,Bajo,0.0
8498-XXGWA,0,0,1,0,65,49-72 meses,Month-to-month,Mailed check,DSL,55.15,3673.15,No,0.2054,Bajo,0.0
9617-INGJY,1,0,0,0,1,0-12 meses,Month-to-month,Mailed check,Fiber optic,70.6,70.6,No,0.8739,Alto,70.6
0621-TSSMU,1,0,1,0,56,49-72 meses,One year,Credit card (automatic),No,19.95,1126.75,No,0.0706,Bajo,0.0
7234-KMNRQ,1,0,0,0,4,0-12 meses,Month-to-month,Mailed check,No,19.0,73.45,No,0.2003,Bajo,0.0
7636-PEPNS,0,0,1,1,58,49-72 meses,One year,Mailed check,DSL,44.1,2413.05,No,0.2586,Bajo,0.0
4683-WYDOU,1,0,1,0,62,49-72 meses,Two year,Bank transfer (automatic),Fiber optic,107.6,6912.7,No,0.3508,Medio,0.0
9052-DHNKM,1,0,0,0,26,25-48 meses,One year,Electronic check,DSL,61.55,1581.95,No,0.2261,Bajo,0.0
6794-HKIAJ,1,0,0,0,62,49-72 meses,Month-to-month,Bank transfer (automatic),Fiber optic,90.7,5586.45,No,0.3044,Medio,0.0
5578-NKCXI,0,0,1,1,58,49-72 meses,One year,Credit card (automatic),Fiber optic,99.25,5846.65,No,0.3131,Medio,0.0
1642-HMARX,0,0,1,0,68,49-72 meses,Two year,Electronic check,DSL,91.7,6424.7,No,0.1102,Bajo,0.0
3096-WPXBT,0,0,1,1,61,49-72 meses,One year,Credit card (automatic),Fiber optic,100.7,6018.65,No,0.3419,Medio,0.0
8434-PNQZX,0,0,0,0,42,25-48 meses,Two year,Credit card (automatic),DSL,78.45,3373.4,No,0.116,Bajo,0.0
5950-AAAGJ,1,0,0,0,18,13-24 meses,Month-to-month,Bank transfer (automatic),Fiber optic,84.3,1537.9,No,0.5785,Medio,0.0
4299-OPXEJ,0,0,0,0,56,49-72 meses,Two year,Bank transfer (automatic),No,19.55,1080.55,No,0.0684,Bajo,0.0
4951-UKAAQ,0,0,0,0,4,0-12 meses,Month-to-month,Electronic check,Fiber optic,88.95,355.2,Yes,0.8911,Alto,88.95
9618-LFJRU,0,0,0,0,4,0-12 meses,Month-to-month,Credit card (automatic),No,20.45,82.85,No,0.262,Bajo,0.0
6693-DJWTY,0,0,0,1,35,25-48 meses,One year,Credit card (automatic),DSL,55.6,2016.45,No,0.1976,Bajo,0.0
0744-GKNGE,0,0,1,1,64,49-72 meses,Month-to-month,Bank transfer (automatic),Fiber optic,86.8,5327.25,No,0.3002,Medio,0.0
6447-EGDIV,0,0,0,0,31,25-48 meses,One year,Mailed check,No,20.95,683.25,No,0.0762,Bajo,0.0
1167-OYZJF,0,1,1,0,67,49-72 meses,Two year,Bank transfer (automatic),No,20.05,1263.05,No,0.0431,Bajo,0.0
2108-YKQTY,0,0,0,0,4,0-12 meses,Month-to-month,Credit card (automatic),DSL,50.7,151.3,Yes,0.593,Medio,0.0
4806-DXQCE,0,1,1,0,70,49-72 meses,Two year,Electronic check,Fiber optic,113.65,7714.65,No,0.2168,Bajo,0.0
4918-QLLIW,1,0,0,0,3,0-12 meses,Month-to-month,Credit card (automatic),DSL,53.4,188.7,Yes,0.6397,Alto,53.4
7056-IMHCC,1,1,1,0,53,49-72 meses,Month-to-month,Electronic check,Fiber optic,101.9,5549.4,Yes,0.6823,Alto,101.9
4854-SSLTN,1,0,1,1,2,0-12 meses,Two year,Mailed check,DSL,59.5,130.5,No,0.2807,Bajo,0.0
5294-DMSFH,0,0,1,1,29,25-48 meses,Month-to-month,Credit card (automatic),Fiber optic,87.8,2621.75,No,0.6006,Alto,87.8
4837-PZTIC,0,0,0,0,47,25-48 meses,Two year,Mailed check,DSL,41.9,1875.25,No,0.0762,Bajo,0.0
1625-JAIIY,0,0,1,1,68,49-72 meses,One year,Electronic check,Fiber optic,83.0,5685.8,Yes,0.4378,Medio,0.0
0603-OLQDC,1,0,0,1,12,0-12 meses,Month-to-month,Mailed check,DSL,69.85,837.5,No,0.4359,Medio,0.0
3272-VUHPV,0,0,1,1,8,0-12 meses,Month-to-month,Bank transfer (automatic),DSL,56.3,401.5,No,0.4399,Medio,0.0
4176-FXYBO,1,0,1,0,54,49-72 meses,Month-to-month,Electronic check,Fiber optic,109.55,6118.95,No,0.4968,Medio,0.0
1063-DHQJF,1,0,1,1,69,49-72 meses,Two year,Mailed check,Fiber optic,92.15,6480.9,No,0.1612,Bajo,0.0
8663-UPDGF,0,0,0,0,26,25-48 meses,Month-to-month,Bank transfer (automatic),DSL,69.5,1800.05,No,0.2919,Bajo,0.0
6719-FGEDO,0,0,1,0,72,49-72 meses,Two year,Bank transfer (automatic),Fiber optic,97.0,7104.2,No,0.1105,Bajo,0.0
1837-YQUCE,0,0,0,0,70,49-72 meses,Two year,Bank transfer (automatic),DSL,58.35,4214.25,No,0.0524,Bajo,0.0
2947-DOMLJ,1,0,0,1,1,0-12 meses,Month-to-month,Mailed check,DSL,50.6,50.6,Yes,0.6008,Alto,50.6
4112-LUEIZ,1,0,0,0,10,0-12 meses,Month-to-month,Electronic check,Fiber optic,89.5,863.1,Yes,0.8552,Alto,89.5
0369-ZGOVK,0,0,1,1,28,25-48 meses,One year,Bank transfer (automatic),Fiber optic,70.4,1992.2,No,0.4112,Medio,0.0
4510-HIMLV,1,0,0,0,1,0-12 meses,Month-to-month,Electronic check,Fiber optic,69.8,69.8,Yes,0.8915,Alto,69.8
9919-KNPOO,0,0,1,0,21,13-24 meses,Month-to-month,Electronic check,Fiber optic,94.3,1948.35,No,0.7758,Alto,94.3
8749-JMNKX,1,1,1,0,51,49-72 meses,Month-to-month,Bank transfer (automatic),Fiber optic,93.8,4750.95,Yes,0.5254,Medio,0.0
7872-BAAZR,0,0,1,1,53,49-72 meses,One year,Bank transfer (automatic),No,19.55,1007.9,No,0.0821,Bajo,0.0
9391-LMANN,1,0,0,1,53,49-72 meses,One year,Electronic check,Fiber optic,95.95,5036.9,No,0.3425,Medio,0.0
2430-USGXP,1,0,1,0,24,13-24 meses,Month-to-month,Electronic check,Fiber optic,101.05,2391.8,Yes,0.7767,Alto,101.05
8174-TBVCF,0,0,1,0,70,49-72 meses,Two year,Credit card (automatic),DSL,94.8,6859.05,No,0.069,Bajo,0.0
1698-XFZCI,1,0,0,0,61,49-72 meses,One year,Electronic check,Fiber optic,107.75,6521.9,No,0.4337,Medio,0.0
1877-HKBQX,0,0,0,0,11,0-12 meses,One year,Mailed check,DSL,54.6,617.85,No,0.3159,Medio,0.0
4450-DLLMH,1,0,0,0,2,0-12 meses,Month-to-month,Credit card (automatic),Fiber optic,71.3,157.75,No,0.7956,Alto,71.3
0428-AXXLJ,1,0,0,0,25,25-48 meses,One year,Bank transfer (automatic),No,19.5,516.3,No,0.072,Bajo,0.0
2746-DIJLO,0,0,0,0,41,25-48 meses,One year,Credit card (automatic),DSL,56.3,2364.0,No,0.2737,Bajo,0.0
5955-ERIHD,1,0,1,0,18,13-24 meses,Month-to-month,Electronic check,Fiber optic,94.7,1687.95,Yes,0.7737,Alto,94.7
0917-EZOLA,1,1,1,0,72,49-72 meses,Two year,Bank transfer (automatic),Fiber optic,104.15,7689.95,Yes,0.2955,Bajo,0.0
3508-VLHCZ,0,0,1,1,71,49-72 meses,Two year,Credit card (automatic),DSL,90.55,6239.05,No,0.0283,Bajo,0.0
4086-ATNFV,0,0,1,1,34,25-48 meses,One year,Mailed check,DSL,60.8,2042.05,No,0.2047,Bajo,0.0
0468-YRPXN,1,0,0,0,29,25-48 meses,Month-to-month,Credit card (automatic),Fiber optic,98.8,2807.1,No,0.5151,Medio,0.0
5996-NRVXR,1,1,1,0,40,25-48 meses,One year,Credit card (automatic),Fiber optic,98.15,4116.8,No,0.3437,Medio,0.0
3739-YBWAB,1,0,1,0,36,25-48 meses,One year,Mailed check,DSL,35.35,1317.95,No,0.2281,Bajo,0.0
7047-FWEYA,0,0,1,0,46,25-48 meses,One year,Electronic check,Fiber optic,103.15,4594.65,No,0.5191,Medio,0.0
2000-MPKCA,0,0,0,0,58,49-72 meses,One year,Electronic check,Fiber optic,107.75,6332.75,No,0.4735,Medio,0.0
9762-YAQAA,1,0,0,0,39,25-48 meses,One year,Credit card (automatic),Fiber optic,81.4,3213.75,No,0.3486,Medio,0.0
5949-EBSQK,1,0,1,1,4,0-12 meses,Month-to-month,Credit card (automatic),DSL,61.45,229.55,Yes,0.5099,Medio,0.0
5473-KHBPS,0,0,1,1,52,49-72 meses,One year,Credit card (automatic),Fiber optic,95.7,4976.15,No,0.3639,Medio,0.0
0100-DUVFC,1,1,1,0,70,49-72 meses,One year,Electronic check,Fiber optic,104.8,7308.95,No,0.4739,Medio,0.0
5397-TUPSH,1,1,1,0,65,49-72 meses,One year,Bank transfer (automatic),Fiber optic,70.95,4555.2,No,0.3076,Medio,0.0
8950-MTZNV,1,0,0,0,1,0-12 meses,Month-to-month,Mailed check,DSL,44.95,44.95,No,0.7536,Alto,44.95
0326-VDYXE,0,0,1,0,70,49-72 meses,One year,Electronic check,Fiber optic,97.65,6982.5,No,0.476,Medio,0.0
6773-LQTVT,0,1,1,1,29,25-48 meses,Month-to-month,Mailed check,DSL,35.65,1025.15,No,0.4335,Medio,0.0
7274-RTAPZ,1,0,0,0,1,0-12 meses,Month-to-month,Electronic check,Fiber optic,90.55,90.55,Yes,0.9119,Alto,90.55
0436-TWFFZ,0,0,0,0,67,49-72 meses,Two year,Mailed check,DSL,85.25,5714.2,No,0.0662,Bajo,0.0
8566-YPRGL,0,0,0,0,1,0-12 meses,Month-to-month,Mailed check,No,19.5,19.5,No,0.5673,Medio,0.0
0311-UNPFF,0,0,0,0,26,25-48 meses,Month-to-month,Bank transfer (automatic),Fiber optic,88.8,2274.35,Yes,0.6317,Alto,88.8
6609-MXJHJ,0,0,1,1,30,25-48 meses,Two year,Mailed check,No,25.1,789.55,No,0.0834,Bajo,0.0
2669-OIDSD,0,0,1,0,48,25-48 meses,Month-to-month,Credit card (automatic),Fiber optic,100.05,4834.0,No,0.4567,Medio,0.0
8400-WZICQ,0,0,1,1,55,49-72 meses,Month-to-month,Electronic check,DSL,55.7,3131.8,No,0.2822,Bajo,0.0
3834-XUIFC,1,0,0,0,7,0-12 meses,Month-to-month,Mailed check,Fiber optic,85.2,602.55,Yes,0.8528,Alto,85.2
9576-SYUHJ,1,0,0,0,37,25-48 meses,Month-to-month,Electronic check,Fiber optic,91.15,3369.25,No,0.6215,Alto,91.15
0410-IPFTY,0,0,1,0,31,25-48 meses,Month-to-month,Bank transfer (automatic),Fiber optic,83.85,2674.15,No,0.588,Medio,0.0
2831-EBWRN,1,0,0,0,4,0-12 meses,Month-to-month,Electronic check,DSL,45.9,199.75,No,0.7534,Alto,45.9
9430-NKQLY,1,0,1,1,72,49-72 meses,Two year,Credit card (automatic),No,25.1,1790.8,No,0.0328,Bajo,0.0
8414-MYSHR,1,1,0,0,5,0-12 meses,Month-to-month,Electronic check,Fiber optic,91.4,449.75,Yes,0.8773,Alto,91.4
0247-SLUJI,1,0,1,1,1,0-12 meses,Month-to-month,Mailed check,No,19.7,19.7,No,0.4767,Medio,0.0
9402-ORRAH,0,1,0,0,15,13-24 meses,Month-to-month,Electronic check,Fiber optic,91.5,1400.3,No,0.7781,Alto,91.5
6483-OATDN,1,0,1,1,8,0-12 meses,Month-to-month,Credit card (automatic),DSL,51.3,411.6,No,0.4325,Medio,0.0
1293-HHSHJ,0,0,0,0,35,25-48 meses,One year,Mailed check,No,21.1,741.0,No,0.073,Bajo,0.0
4840-ORQXB,0,1,0,0,56,49-72 meses,Month-to-month,Electronic check,Fiber optic,104.75,5841.35,No,0.5558,Medio,0.0
7599-FKVXZ,1,0,1,0,42,25-48 meses,Month-to-month,Bank transfer (automatic),Fiber optic,106.15,4512.7,Yes,0.5658,Medio,0.0
3982-DQLUS,1,1,1,1,65,49-72 meses,Month-to-month,Electronic check,Fiber optic,85.75,5688.45,No,0.3999,Medio,0.0
8610-ZIKJJ,0,0,1,1,2,0-12 meses,One year,Mailed check,No,20.3,31.9,No,0.2206,Bajo,0.0
3756-VNWDH,1,1,1,0,65,49-72 meses,One year,Electronic check,Fiber optic,100.75,6674.65,No,0.4275,Medio,0.0
7801-KICAO,0,0,0,0,18,13-24 meses,Month-to-month,Electronic check,Fiber optic,74.15,1345.75,No,0.7154,Alto,74.15
7673-LPRNY,0,0,0,0,23,13-24 meses,One year,Electronic check,DSL,78.55,1843.05,No,0.3413,Medio,0.0
8229-TNIQA,0,0,0,0,4,0-12 meses,Month-to-month,Mailed check,DSL,45.3,196.95,Yes,0.6904,Alto,45.3
6060-QBMGV,1,0,1,0,70,49-72 meses,Two year,Credit card (automatic),No,19.85,1433.8,No,0.0218,Bajo,0.0
7339-POGZN,0,0,0,0,4,0-12 meses,Month-to-month,Electronic check,DSL,50.7,214.55,No,0.6911,Alto,50.7
2828-SLQPF,1,0,0,0,19,13-24 meses,Month-to-month,Bank transfer (automatic),DSL,45.0,865.85,No,0.4607,Medio,0.0
4465-VDKIQ,0,0,0,0,18,13-24 meses,Month-to-month,Electronic check,Fiber optic,77.8,1358.6,No,0.5966,Medio,0.0
2921-XWDJH,0,1,1,0,38,25-48 meses,Month-to-month,Electronic check,Fiber optic,83.45,3147.15,No,0.6293,Alto,83.45
6221-AVQYL,1,0,0,0,2,0-12 meses,Month-to-month,Credit card (automatic),Fiber optic,73.25,131.05,Yes,0.8261,Alto,73.25
2558-BUOZZ,1,0,0,0,47,25-48 meses,One year,Bank transfer (automatic),Fiber optic,94.8,4535.85,No,0.3033,Medio,0.0
9257-AZMTZ,0,0,1,1,52,49-72 meses,Two year,Bank transfer (automatic),No,20.1,1078.75,No,0.0272,Bajo,0.0
0003-MKNFE,1,0,0,0,9,0-12 meses,Month-to-month,Mailed check,DSL,59.9,542.4,No,0.5007,Medio,0.0
0975-UYDTX,0,0,1,0,26,25-48 meses,One year,Credit card (automatic),DSL,90.1,2312.55,No,0.2705,Bajo,0.0
7743-EXURX,1,0,1,1,8,0-12 meses,Month-to-month,Electronic check,DSL,51.05,415.05,Yes,0.6278,Alto,51.05
4682-BLBUC,1,0,1,0,44,25-48 meses,One year,Electronic check,DSL,70.95,3250.45,No,0.234,Bajo,0.0
0975-VOOVL,0,0,0,0,3,0-12 meses,Month-to-month,Mailed check,DSL,29.2,98.5,No,0.6331,Alto,29.2
5968-VXZLG,1,0,0,0,2,0-12 meses,Month-to-month,Bank transfer (automatic),DSL,46.6,87.9,No,0.7382,Alto,46.6
5569-KGJHX,0,0,1,1,9,0-12 meses,Month-to-month,Bank transfer (automatic),Fiber optic,85.35,754.65,Yes,0.8196,Alto,85.35
4988-IQIGL,1,1,0,0,1,0-12 meses,Month-to-month,Electronic check,Fiber optic,75.35,75.35,Yes,0.907,Alto,75.35
5201-FRKKS,1,0,0,0,25,25-48 meses,Month-to-month,Bank transfer (automatic),Fiber optic,74.3,1952.25,No,0.4616,Medio,0.0
9799-CAYJJ,0,1,1,0,2,0-12 meses,Month-to-month,Electronic check,Fiber optic,69.3,153.8,No,0.8157,Alto,69.3
7730-IUTDZ,1,0,0,0,43,25-48 meses,Month-to-month,Electronic check,Fiber optic,75.2,3198.6,Yes,0.5741,Medio,0.0
0426-TIRNE,0,0,0,0,1,0-12 meses,Month-to-month,Mailed check,No,20.9,20.9,Yes,0.5401,Medio,0.0
5443-SCMKX,0,0,1,0,58,49-72 meses,One year,Electronic check,Fiber optic,94.3,5610.15,No,0.4605,Medio,0.0
8295-KMENE,0,0,1,1,59,49-72 meses,Two year,Mailed check,DSL,76.45,4519.5,No,0.0621,Bajo,0.0
6738-ISCBM,1,0,0,0,44,25-48 meses,One year,Electronic check,DSL,54.0,2440.25,No,0.3217,Medio,0.0
9821-BESNZ,1,0,0,0,66,49-72 meses,One year,Electronic check,Fiber optic,104.25,6860.6,No,0.5092,Medio,0.0
3678-MNGZX,1,0,1,1,68,49-72 meses,Two year,Bank transfer (automatic),No,19.95,1377.7,No,0.0224,Bajo,0.0
1335-NTIUC,1,0,0,0,9,0-12 meses,Month-to-month,Electronic check,DSL,24.95,190.25,No,0.7118,Alto,24.95
2916-BQZLN,1,0,0,0,19,13-24 meses,Month-to-month,Electronic check,Fiber optic,84.75,1651.95,No,0.6712,Alto,84.75
4558-CGYCZ,1,0,0,0,4,0-12 meses,Month-to-month,Mailed check,No,19.75,78.3,No,0.2365,Bajo,0.0
2368-GAKKQ,0,0,0,0,70,49-72 meses,Two year,Bank transfer (automatic),Fiber optic,113.65,7939.25,No,0.1688,Bajo,0.0
8710-YGLWG,1,0,0,0,1,0-12 meses,Month-to-month,Mailed check,DSL,44.9,44.9,No,0.7523,Alto,44.9
3199-XGZCY,0,0,0,0,8,0-12 meses,Month-to-month,Electronic check,Fiber optic,75.25,576.7,No,0.8462,Alto,75.25
3785-KTYSH,1,0,0,0,53,49-72 meses,Two year,Mailed check,No,24.6,1279.0,No,0.0666,Bajo,0.0
6814-ZPWFQ,1,1,0,0,51,49-72 meses,One year,Bank transfer (automatic),No,25.0,1260.7,No,0.1313,Bajo,0.0
4063-EIKNQ,1,0,1,1,11,0-12 meses,Month-to-month,Bank transfer (automatic),No,20.95,267.35,No,0.182,Bajo,0.0
6993-YCOBK,1,0,1,1,60,49-72 meses,Two year,Electronic check,Fiber optic,110.6,6586.85,No,0.2975,Bajo,0.0
5206-HPJKM,1,0,0,0,17,13-24 meses,Month-to-month,Credit card (automatic),DSL,55.5,934.15,No,0.422,Medio,0.0
7587-RZNME,1,0,0,0,3,0-12 meses,Month-to-month,Electronic check,DSL,43.3,123.65,Yes,0.7521,Alto,43.3
0748-RDGGM,1,0,1,0,70,49-72 meses,One year,Bank transfer (automatic),Fiber optic,109.5,7534.65,Yes,0.3208,Medio,0.0
8393-JMVMB,1,0,0,0,1,0-12 meses,Month-to-month,Mailed check,No,19.45,19.45,No,0.5169,Medio,0.0
5019-GQVCR,1,1,0,0,43,25-48 meses,Month-to-month,Electronic check,Fiber optic,84.85,3645.6,No,0.7016,Alto,84.85
6036-TTFYU,0,0,1,0,16,13-24 meses,Month-to-month,Mailed check,No,19.6,314.45,No,0.1598,Bajo,0.0
2550-AEVRU,0,0,1,1,57,49-72 meses,One year,Electronic check,DSL,53.45,3053.0,No,0.1967,Bajo,0.0
0969-RGKCU,1,0,1,1,37,25-48 meses,One year,Credit card (automatic),No,19.8,677.05,No,0.0346,Bajo,0.0
0378-CJKPV,0,0,1,0,72,49-72 meses,Two year,Credit card (automatic),Fiber optic,112.1,7965.95,No,0.0761,Bajo,0.0
4706-AXVKM,0,1,0,0,11,0-12 meses,Month-to-month,Credit card (automatic),Fiber optic,84.8,906.85,Yes,0.7774,Alto,84.8
5889-JTMUL,0,1,1,0,50,49-72 meses,Month-to-month,Electronic check,Fiber optic,95.05,4888.7,Yes,0.6283,Alto,95.05
9026-RNUJS,1,1,0,0,5,0-12 meses,Month-to-month,Electronic check,DSL,50.35,237.25,Yes,0.7055,Alto,50.35
3746-EUBYR,1,0,1,0,1,0-12 meses,Month-to-month,Bank transfer (automatic),Fiber optic,74.6,74.6,Yes,0.8818,Alto,74.6
2332-EFBJY,1,0,0,0,16,13-24 meses,Month-to-month,Mailed check,No,19.7,342.4,Yes,0.2165,Bajo,0.0
2880-FPNAE,1,1,1,0,2,0-12 meses,Month-to-month,Electronic check,Fiber optic,74.2,140.1,No,0.8246,Alto,74.2
1703-MGIAB,0,0,0,0,17,13-24 meses,Month-to-month,Mailed check,DSL,69.0,1108.0,No,0.4203,Medio,0.0
4311-QTTAI,0,0,0,0,16,13-24 meses,One year,Credit card (automatic),No,19.35,295.55,No,0.1312,Bajo,0.0
9474-PHLYD,0,0,0,0,15,13-24 meses,Month-to-month,Electronic check,DSL,59.45,892.65,Yes,0.531,Medio,0.0
4318-RAJVY,0,0,0,0,10,0-12 meses,One year,Mailed check,No,19.8,198.25,No,0.1418,Bajo,0.0
2165-VOEGB,0,0,0,1,46,25-48 meses,One year,Bank transfer (automatic),Fiber optic,105.2,4822.85,Yes,0.3958,Medio,0.0
3612-YUNGG,1,0,1,1,64,49-72 meses,Two year,Credit card (automatic),Fiber optic,109.2,6741.15,No,0.2747,Bajo,0.0
2254-DLXRI,0,0,0,0,1,0-12 meses,Month-to-month,Mailed check,Fiber optic,79.15,79.15,No,0.882,Alto,79.15
5062-CJJKH,1,0,1,1,25,25-48 meses,One year,Mailed check,DSL,53.65,1355.45,No,0.2528,Bajo,0.0
9028-LIHRP,1,0,1,1,71,49-72 meses,Two year,Credit card (automatic),Fiber optic,100.2,7209.0,No,0.1138,Bajo,0.0
2219-MVUSO,1,0,0,0,8,0-12 meses,Month-to-month,Mailed check,DSL,45.15,438.4,Yes,0.5512,Medio,0.0
1053-MXTTK,0,0,1,1,72,49-72 meses,Two year,Bank transfer (automatic),Fiber optic,108.65,7726.35,No,0.1369,Bajo,0.0
1530-ZTDOZ,0,0,1,0,49,49-72 meses,Month-to-month,Bank transfer (automatic),DSL,40.65,2070.75,No,0.2917,Bajo,0.0
1301-LOPVR,1,0,1,1,29,25-48 meses,One year,Credit card (automatic),DSL,55.35,1636.95,No,0.2079,Bajo,0.0
0853-TWRVK,1,0,1,0,72,49-72 meses,Two year,Bank transfer (automatic),Fiber optic,105.6,7581.5,No,0.1452,Bajo,0.0
8914-RBTSB,1,0,1,0,31,25-48 meses,Month-to-month,Electronic check,Fiber optic,93.8,3019.5,Yes,0.6044,Alto,93.8
6212-ATMLK,0,0,0,0,50,49-72 meses,Month-to-month,Electronic check,Fiber optic,95.7,4729.75,No,0.6728,Alto,95.7
8200-LGKSR,1,0,1,0,71,49-72 meses,Two year,Electronic check,DSL,83.2,6126.1,No,0.1327,Bajo,0.0
1568-BEKZM,1,1,1,0,70,49-72 meses,Two year,Credit card (automatic),DSL,90.05,6333.4,No,0.0758,Bajo,0.0
0670-ANMUU,1,0,0,0,71,49-72 meses,One year,Credit card (automatic),Fiber optic,97.65,6687.85,No,0.3008,Medio,0.0
6897-RWMUB,1,0,1,1,61,49-72 meses,Two year,Bank transfer (automatic),DSL,68.05,4158.25,No,0.0368,Bajo,0.0
0963-ZBDRN,1,0,0,0,32,25-48 meses,Month-to-month,Electronic check,Fiber optic,96.2,3183.4,Yes,0.6199,Alto,96.2
7594-RQHXR,0,0,0,1,1,0-12 meses,Month-to-month,Electronic check,Fiber optic,79.6,79.6,Yes,0.8985,Alto,79.6
6999-CHVCF,1,0,0,0,68,49-72 meses,Two year,Bank transfer (automatic),Fiber optic,102.1,7149.35,No,0.215,Bajo,0.0
6134-KWTBV,1,0,0,0,62,49-72 meses,Two year,Bank transfer (automatic),No,23.4,1429.65,No,0.0412,Bajo,0.0
1077-HUUJM,0,0,0,1,7,0-12 meses,Month-to-month,Electronic check,Fiber optic,71.05,472.65,No,0.8159,Alto,71.05
6331-EWIEB,1,0,0,0,20,13-24 meses,Month-to-month,Electronic check,Fiber optic,85.25,1734.5,Yes,0.7615,Alto,85.25
0895-LNKRC,1,0,1,1,6,0-12 meses,One year,Mailed check,No,19.45,113.5,No,0.1278,Bajo,0.0
2045-BMBTJ,0,1,0,0,33,25-48 meses,Month-to-month,Bank transfer (automatic),DSL,59.45,1884.65,No,0.3927,Medio,0.0
8417-GSODA,1,0,1,1,28,25-48 meses,One year,Bank transfer (automatic),Fiber optic,92.2,2568.15,No,0.4482,Medio,0.0
5171-EPLKN,1,0,0,0,27,25-48 meses,Two year,Credit card (automatic),No,19.85,470.0,No,0.0518,Bajo,0.0
4452-QIIEB,1,0,0,0,7,0-12 meses,Month-to-month,Mailed check,DSL,43.9,278.4,No,0.5335,Medio,0.0
5998-VVEJY,1,0,0,0,26,25-48 meses,Month-to-month,Electronic check,Fiber optic,80.5,2088.8,Yes,0.6775,Alto,80.5
1624-NALOJ,1,1,0,0,5,0-12 meses,Month-to-month,Electronic check,Fiber optic,89.8,502.6,Yes,0.8911,Alto,89.8
6741-EGCBI,1,1,0,0,30,25-48 meses,Month-to-month,Credit card (automatic),Fiber optic,90.5,2595.85,No,0.5988,Medio,0.0
7820-ZYGNY,1,0,0,0,63,49-72 meses,One year,Credit card (automatic),Fiber optic,90.45,5825.5,No,0.342,Medio,0.0
4317-VTEOA,1,0,0,0,1,0-12 meses,Month-to-month,Electronic check,DSL,50.75,50.75,Yes,0.7317,Alto,50.75
9677-AVKED,0,0,0,1,53,49-72 meses,One year,Electronic check,DSL,84.6,4449.75,No,0.2588,Bajo,0.0
1670-SVOWZ,0,0,1,1,14,13-24 meses,Month-to-month,Credit card (automatic),Fiber optic,89.65,1208.35,Yes,0.667,Alto,89.65
2227-JRSJX,0,0,0,0,21,13-24 meses,Month-to-month,Bank transfer (automatic),Fiber optic,99.15,1956.4,No,0.6115,Alto,99.15
9847-HNVGP,1,0,0,0,17,13-24 meses,One year,Mailed check,No,19.95,310.6,No,0.0874,Bajo,0.0
6696-YDAYZ,1,0,1,1,16,13-24 meses,Two year,Mailed check,No,20.5,290.55,No,0.0522,Bajo,0.0
8980-WQFWL,0,0,0,0,35,25-48 meses,Month-to-month,Electronic check,DSL,62.1,2096.1,No,0.4084,Medio,0.0
1730-ZMAME,0,1,0,0,32,25-48 meses,Month-to-month,Electronic check,Fiber optic,79.5,2665.0,No,0.6809,Alto,79.5
6506-EYCNH,0,0,1,1,28,25-48 meses,Month-to-month,Bank transfer (automatic),No,19.55,543.8,No,0.1313,Bajo,0.0
4634-JLRJT,0,0,0,0,1,0-12 meses,Month-to-month,Mailed check,No,20.35,20.35,No,0.5759,Medio,0.0
9501-UKKNL,1,0,0,0,59,49-72 meses,Month-to-month,Electronic check,DSL,51.7,3005.8,No,0.3288,Medio,0.0
2560-QTSBS,0,0,1,1,72,49-72 meses,One year,Bank transfer (automatic),No,23.3,1623.15,No,0.0595,Bajo,0.0
7541-YLXCL,1,0,0,0,36,25-48 meses,One year,Mailed check,DSL,65.4,2498.4,Yes,0.3228,Medio,0.0
4795-WRNVT,0,0,0,0,40,25-48 meses,Month-to-month,Mailed check,DSL,65.1,2586.0,No,0.2535,Bajo,0.0
6080-TCMYC,1,0,1,1,40,25-48 meses,Month-to-month,Electronic check,Fiber optic,81.2,3292.3,No,0.6473,Alto,81.2
0260-ZDLGK,0,0,0,1,9,0-12 meses,Month-to-month,Mailed check,DSL,72.9,651.4,Yes,0.5249,Medio,0.0
7860-UXCRM,1,0,1,1,63,49-72 meses,Two year,Credit card (automatic),DSL,74.5,4674.55,No,0.0592,Bajo,0.0
6357-JJPQT,0,0,0,0,3,0-12 meses,Month-to-month,Electronic check,Fiber optic,80.5,232.35,No,0.8581,Alto,80.5
2292-XQWSV,1,0,1,1,40,25-48 meses,One year,Mailed check,DSL,60.3,2448.5,No,0.2481,Bajo,0.0
9552-TGUZV,1,0,1,0,8,0-12 meses,Month-to-month,Mailed check,Fiber optic,75.0,658.1,No,0.6868,Alto,75.0
5913-INRQV,1,1,1,0,34,25-48 meses,One year,Mailed check,Fiber optic,90.15,3128.8,No,0.3524,Medio,0.0
8722-NGNBH,1,0,0,0,5,0-12 meses,Month-to-month,Mailed check,DSL,40.0,223.45,Yes,0.4917,Medio,0.0
6210-KBBPI,1,1,0,0,9,0-12 meses,Month-to-month,Credit card (automatic),Fiber optic,99.45,919.4,Yes,0.8378,Alto,99.45
9643-YBLUR,1,0,1,0,9,0-12 meses,Month-to-month,Credit card (automatic),DSL,69.05,653.95,No,0.5192,Medio,0.0
8734-FNWVH,1,0,1,1,31,25-48 meses,Month-to-month,Bank transfer (automatic),DSL,59.7,1825.5,No,0.2734,Bajo,0.0
9447-YPTBX,0,0,1,0,50,49-72 meses,One year,Bank transfer (automatic),No,19.85,943.1,No,0.0731,Bajo,0.0
0133-BMFZO,0,0,0,0,2,0-12 meses,Month-to-month,Electronic check,Fiber optic,86.25,181.65,Yes,0.7583,Alto,86.25
6128-CZOMY,0,0,0,0,1,0-12 meses,Month-to-month,Electronic check,DSL,45.65,45.65,Yes,0.7912,Alto,45.65
9540-JYROE,1,0,0,0,8,0-12 meses,Month-to-month,Mailed check,Fiber optic,70.1,551.35,Yes,0.7776,Alto,70.1
9026-LHEVG,0,0,0,0,9,0-12 meses,Month-to-month,Electronic check,DSL,40.75,359.4,No,0.5845,Medio,0.0
2260-USTRB,0,1,0,0,2,0-12 meses,Month-to-month,Bank transfer (automatic),Fiber optic,70.2,115.95,Yes,0.8412,Alto,70.2
3656-TKRVZ,0,0,0,0,3,0-12 meses,Month-to-month,Electronic check,DSL,55.35,165.2,Yes,0.6204,Alto,55.35
7011-CVEUC,1,0,1,0,25,25-48 meses,Month-to-month,Credit card (automatic),Fiber optic,95.7,2338.35,No,0.5508,Medio,0.0
6185-TASNN,1,1,0,0,1,0-12 meses,Month-to-month,Electronic check,DSL,46.3,46.3,No,0.7714,Alto,46.3
7925-PNRGI,0,0,1,1,45,25-48 meses,Month-to-month,Mailed check,DSL,81.3,3541.1,No,0.2048,Bajo,0.0
8623-TMRBY,1,1,1,1,51,49-72 meses,Month-to-month,Electronic check,Fiber optic,84.2,4146.05,Yes,0.6165,Alto,84.2
1552-CZCLL,0,0,1,1,55,49-72 meses,Month-to-month,Credit card (automatic),No,20.0,1087.25,No,0.0976,Bajo,0.0
3038-PQIUY,0,0,0,0,38,25-48 meses,Month-to-month,Bank transfer (automatic),DSL,66.15,2522.4,No,0.2757,Bajo,0.0
1501-SGHBW,1,0,0,0,2,0-12 meses,Month-to-month,Mailed check,DSL,45.85,81.0,Yes,0.7117,Alto,45.85
9313-CDOGY,1,0,1,1,38,25-48 meses,Month-to-month,Electronic check,No,19.6,717.3,No,0.1071,Bajo,0.0
8148-BPLZQ,1,0,0,0,34,25-48 meses,Month-to-month,Electronic check,DSL,49.8,1734.2,No,0.3819,Medio,0.0
2623-DRYAM,0,0,1,0,70,49-72 meses,One year,Electronic check,Fiber optic,101.75,7069.3,No,0.4779,Medio,0.0
9987-LUTYD,0,0,0,0,13,13-24 meses,One year,Mailed check,DSL,55.15,742.9,No,0.2628,Bajo,0.0
3208-YPIOE,1,0,0,0,39,25-48 meses,Month-to-month,Electronic check,Fiber optic,75.25,3017.65,Yes,0.6144,Alto,75.25
4488-KQFDT,0,0,0,0,61,49-72 meses,One year,Electronic check,Fiber optic,103.95,6423.0,No,0.5188,Medio,0.0
2612-RANWT,0,0,0,0,12,0-12 meses,Month-to-month,Bank transfer (automatic),Fiber optic,100.15,1164.3,Yes,0.8258,Alto,100.15
5693-PIPCS,1,0,0,0,41,25-48 meses,Two year,Credit card (automatic),Fiber optic,99.65,4220.35,No,0.268,Bajo,0.0
0491-KAPQG,1,0,0,0,21,13-24 meses,Month-to-month,Electronic check,Fiber optic,73.7,1558.7,No,0.7197,Alto,73.7
1925-LFCZZ,1,1,0,0,55,49-72 meses,One year,Bank transfer (automatic),DSL,50.05,2743.45,No,0.3669,Medio,0.0
8039-EQPIM,1,0,1,0,69,49-72 meses,Two year,Bank transfer (automatic),DSL,60.25,4055.5,No,0.0462,Bajo,0.0
6900-PXRMS,1,1,1,1,26,25-48 meses,Month-to-month,Electronic check,Fiber optic,105.75,2710.25,Yes,0.6779,Alto,105.75
8707-RMEZH,0,1,1,0,69,49-72 meses,One year,Credit card (automatic),Fiber optic,87.3,6055.55,No,0.3138,Medio,0.0
3346-BRMIS,0,1,1,0,18,13-24 meses,Month-to-month,Electronic check,DSL,48.35,810.7,Yes,0.6142,Alto,48.35
3209-ZPKFI,1,0,1,1,47,25-48 meses,Month-to-month,Electronic check,DSL,54.25,2538.2,No,0.3467,Medio,0.0
6479-VDGRK,0,0,1,1,72,49-72 meses,Two year,Bank transfer (automatic),DSL,85.3,6129.2,No,0.0224,Bajo,0.0
9373-WSLOY,1,1,1,0,33,25-48 meses,Month-to-month,Electronic check,DSL,50.0,1750.85,No,0.3799,Medio,0.0
2933-FILNV,0,0,1,1,2,0-12 meses,Month-to-month,Mailed check,DSL,24.4,36.55,Yes,0.7132,Alto,24.4
3569-JFODW,0,0,1,1,72,49-72 meses,Two year,Credit card (automatic),DSL,90.95,6652.45,No,0.0265,Bajo,0.0
9819-FBNSV,1,1,1,0,37,25-48 meses,Month-to-month,Bank transfer (automatic),Fiber optic,72.25,2575.45,No,0.5877,Medio,0.0
9544-PYPSJ,0,1,1,1,62,49-72 meses,Month-to-month,Credit card (automatic),Fiber optic,96.1,6019.35,No,0.4285,Medio,0.0
1591-XWLGB,0,0,1,0,71,49-72 meses,Two year,Credit card (automatic),No,19.85,1379.6,No,0.0198,Bajo,0.0
0396-UKGAI,1,0,0,1,23,13-24 meses,Month-to-month,Bank transfer (automatic),DSL,55.3,1284.2,No,0.2963,Bajo,0.0
3243-ZHOHY,0,0,0,0,16,13-24 meses,One year,Mailed check,No,20.1,296.15,No,0.1183,Bajo,0.0
5186-EJEGL,1,0,0,0,9,0-12 meses,Month-to-month,Mailed check,DSL,69.5,653.25,No,0.4399,Medio,0.0
7527-QNRUS,1,0,1,1,17,13-24 meses,Two year,Mailed check,No,25.15,412.6,No,0.1004,Bajo,0.0
9986-BONCE,0,0,0,0,4,0-12 meses,Month-to-month,Bank transfer (automatic),No,20.95,85.5,Yes,0.2867,Bajo,0.0
2722-JMONI,0,1,1,0,1,0-12 meses,Month-to-month,Electronic check,DSL,49.55,49.55,Yes,0.7145,Alto,49.55
2203-GHNWN,0,0,1,0,24,13-24 meses,Month-to-month,Mailed check,Fiber optic,79.65,1928.7,No,0.5929,Medio,0.0
3878-AVSOQ,0,1,0,0,1,0-12 meses,Month-to-month,Electronic check,Fiber optic,71.25,71.25,No,0.8867,Alto,71.25
3258-SYSWS,1,1,0,0,72,49-72 meses,Two year,Bank transfer (automatic),Fiber optic,113.8,7845.8,No,0.1279,Bajo,0.0
5296-PSYVW,0,0,1,0,72,49-72 meses,Two year,Electronic check,No,24.55,1750.7,No,0.0522,Bajo,0.0
6319-QSUSR,0,0,0,1,11,0-12 meses,Month-to-month,Credit card (automatic),No,19.7,216.2,No,0.206,Bajo,0.0
4083-EUGRJ,1,0,0,0,9,0-12 meses,Month-to-month,Mailed check,No,20.25,178.5,Yes,0.2372,Bajo,0.0
7579-OOPEC,0,1,1,0,2,0-12 meses,Month-to-month,Credit card (automatic),DSL,50.15,115.1,Yes,0.6201,Alto,50.15
0512-FLFDW,0,1,1,0,60,49-72 meses,One year,Credit card (automatic),Fiber optic,100.5,6029.0,No,0.4111,Medio,0.0
1771-OADNZ,1,1,1,0,29,25-48 meses,Month-to-month,Electronic check,Fiber optic,95.9,2745.2,Yes,0.7477,Alto,95.9
0487-CRLZF,0,0,0,0,49,49-72 meses,Two year,Bank transfer (automatic),DSL,74.45,3721.9,No,0.0767,Bajo,0.0
2107-FBPTK,0,1,0,0,30,25-48 meses,Month-to-month,Electronic check,Fiber optic,104.1,3121.1,No,0.7217,Alto,104.1
9451-WLYRI,0,0,1,0,53,49-72 meses,One year,Credit card (automatic),No,19.05,990.45,No,0.0847,Bajo,0.0
8219-VYBVI,1,0,0,1,39,25-48 meses,Two year,Mailed check,No,25.0,1004.35,No,0.0557,Bajo,0.0
1991-VOPLL,0,0,0,0,9,0-12 meses,Month-to-month,Mailed check,No,19.05,157.65,No,0.1946,Bajo,0.0
9738-QLWTP,1,0,0,0,39,25-48 meses,One year,Electronic check,Fiber optic,81.9,3219.75,No,0.3898,Medio,0.0
1016-DJTSV,1,1,0,0,8,0-12 meses,Month-to-month,Electronic check,Fiber optic,69.7,572.85,No,0.8076,Alto,69.7
9419-IPPBE,0,0,1,1,51,49-72 meses,One year,Electronic check,Fiber optic,90.15,4554.85,No,0.4635,Medio,0.0
0174-QRVVY,1,0,1,1,71,49-72 meses,Two year,Credit card (automatic),No,25.35,1847.55,No,0.019,Bajo,0.0
5699-BNCAS,1,1,0,0,71,49-72 meses,Two year,Mailed check,No,24.65,1766.75,No,0.0686,Bajo,0.0
2900-PHPLN,0,1,1,0,70,49-72 meses,Two year,Credit card (automatic),No,19.55,1462.05,No,0.0402,Bajo,0.0
0612-RTZZA,0,1,0,0,1,0-12 meses,Month-to-month,Electronic check,DSL,25.25,25.25,Yes,0.7612,Alto,25.25
8106-GWQOK,1,0,1,0,38,25-48 meses,Two year,Bank transfer (automatic),DSL,60.0,2193.2,No,0.0873,Bajo,0.0
8751-EDEKA,0,0,1,0,28,25-48 meses,Month-to-month,Credit card (automatic),Fiber optic,89.9,2433.5,No,0.5023,Medio,0.0
6878-GGDWG,0,0,1,0,32,25-48 meses,Month-to-month,Bank transfer (automatic),No,19.4,641.15,No,0.1458,Bajo,0.0
4039-PIMHX,1,1,1,0,49,49-72 meses,Two year,Mailed check,DSL,49.8,2398.4,No,0.1803,Bajo,0.0
8450-LUGUK,0,0,1,1,37,25-48 meses,Two year,Bank transfer (automatic),No,24.1,861.85,No,0.0432,Bajo,0.0
3604-WLABM,0,0,0,0,10,0-12 meses,Month-to-month,Electronic check,DSL,54.25,583.0,No,0.521,Medio,0.0
0795-GMVQO,1,0,1,0,67,49-72 meses,One year,Credit card (automatic),Fiber optic,109.9,7332.4,No,0.3023,Medio,0.0
2259-OUUSZ,1,0,0,0,7,0-12 meses,One year,Credit card (automatic),DSL,35.5,249.55,No,0.4712,Medio,0.0
1142-IHLOO,0,0,0,0,51,49-72 meses,One year,Credit card (automatic),Fiber optic,87.55,4475.9,No,0.378,Medio,0.0
6410-LEFEN,0,0,0,0,9,0-12 meses,Month-to-month,Electronic check,DSL,45.15,416.45,Yes,0.6317,Alto,45.15
4633-MKHYU,0,0,0,0,9,0-12 meses,Month-to-month,Mailed check,Fiber optic,88.4,788.6,No,0.8197,Alto,88.4
6257-RJOHI,1,0,0,0,4,0-12 meses,Month-to-month,Mailed check,DSL,50.8,202.3,No,0.6142,Alto,50.8
1545-JFUML,1,0,1,0,71,49-72 meses,Two year,Electronic check,Fiber optic,99.0,6994.6,No,0.2559,Bajo,0.0
3194-ORPIK,0,0,1,1,50,49-72 meses,Month-to-month,Bank transfer (automatic),Fiber optic,84.4,4116.15,Yes,0.5434,Medio,0.0
7826-VVKWT,0,1,1,1,24,13-24 meses,Two year,Electronic check,Fiber optic,96.55,2263.45,No,0.4622,Medio,0.0
1353-GHZOS,1,0,1,0,22,13-24 meses,One year,Bank transfer (automatic),DSL,59.75,1374.35,No,0.2849,Bajo,0.0
2587-EKXTS,1,0,0,0,44,25-48 meses,Month-to-month,Electronic check,Fiber optic,111.5,4915.15,No,0.5771,Medio,0.0
5442-BXVND,0,0,1,1,33,25-48 meses,Month-to-month,Bank transfer (automatic),No,24.25,838.5,No,0.0945,Bajo,0.0
8816-VXNZD,0,0,0,0,1,0-12 meses,Month-to-month,Electronic check,Fiber optic,75.1,75.1,Yes,0.9061,Alto,75.1
9378-FXTIZ,0,0,1,0,54,49-72 meses,One year,Credit card (automatic),DSL,70.15,3715.65,Yes,0.2371,Bajo,0.0
1723-HKXJQ,1,0,0,0,42,25-48 meses,Month-to-month,Electronic check,Fiber optic,101.75,4273.45,Yes,0.7115,Alto,101.75
7825-GKXMW,0,0,0,0,1,0-12 meses,Month-to-month,Electronic check,DSL,45.8,45.8,Yes,0.756,Alto,45.8
9753-OYLBX,0,0,0,0,1,0-12 meses,Month-to-month,Mailed check,No,20.5,20.5,No,0.5508,Medio,0.0
2364-UFROM,1,0,0,0,30,25-48 meses,One year,Electronic check,DSL,70.4,2044.75,No,0.218,Bajo,0.0
6656-JWRQX,0,0,0,0,1,0-12 meses,Month-to-month,Mailed check,DSL,30.55,30.55,No,0.6474,Alto,30.55
6473-ULUHT,1,0,1,1,16,13-24 meses,Month-to-month,Electronic check,DSL,84.9,1398.25,No,0.4153,Medio,0.0
1240-KNSEZ,1,0,0,0,1,0-12 meses,Month-to-month,Mailed check,No,20.1,20.1,Yes,0.5919,Medio,0.0
0836-SEYLU,1,0,1,0,9,0-12 meses,Month-to-month,Mailed check,DSL,40.65,328.95,Yes,0.5087,Medio,0.0
4433-JCGCG,1,1,1,0,46,25-48 meses,Month-to-month,Electronic check,Fiber optic,101.0,4680.05,Yes,0.7205,Alto,101.0
3716-BDVDB,1,0,0,0,1,0-12 meses,Month-to-month,Electronic check,Fiber optic,69.1,69.1,Yes,0.8837,Alto,69.1
7688-AWMDX,1,0,1,0,71,49-72 meses,Two year,Bank transfer (automatic),DSL,54.5,3778.2,No,0.0718,Bajo,0.0
2842-BCQGE,1,0,0,0,43,25-48 meses,Month-to-month,Credit card (automatic),Fiber optic,75.35,3161.4,No,0.5376,Medio,0.0
7244-QWYHG,1,0,1,0,50,49-72 meses,One year,Bank transfer (automatic),DSL,44.45,2188.45,No,0.1485,Bajo,0.0
5899-MQZZL,0,0,0,0,13,13-24 meses,Month-to-month,Mailed check,Fiber optic,75.0,999.45,Yes,0.7307,Alto,75.0
6849-OYAMU,1,0,1,1,19,13-24 meses,One year,Bank transfer (automatic),Fiber optic,100.0,1888.65,Yes,0.4734,Medio,0.0
5312-UXESG,0,0,0,0,41,25-48 meses,Month-to-month,Bank transfer (automatic),Fiber optic,98.05,3990.6,No,0.5629,Medio,0.0
9488-HGMJH,0,1,0,0,1,0-12 meses,Month-to-month,Electronic check,Fiber optic,71.15,71.15,Yes,0.887,Alto,71.15
6038-GCYEC,0,0,0,0,24,13-24 meses,Month-to-month,Credit card (automatic),DSL,54.15,1240.25,Yes,0.4565,Medio,0.0
2150-WLKUW,0,0,1,0,40,25-48 meses,One year,Bank transfer (automatic),DSL,63.9,2635.0,No,0.231,Bajo,0.0
7159-FVYPK,0,0,1,1,3,0-12 meses,Month-to-month,Bank transfer (automatic),DSL,69.15,235.0,No,0.6096,Alto,69.15
7032-LMBHI,0,0,0,0,37,25-48 meses,One year,Bank transfer (automatic),DSL,64.65,2347.85,No,0.1904,Bajo,0.0
1150-WFARN,0,0,1,1,67,49-72 meses,Two year,Credit card (automatic),Fiber optic,108.75,7156.2,Yes,0.2422,Bajo,0.0
6088-BXMRG,0,0,1,1,32,25-48 meses,Month-to-month,Electronic check,Fiber optic,98.85,3089.6,No,0.6823,Alto,98.85
3144-AUDBS,0,0,1,0,6,0-12 meses,Month-to-month,Electronic check,DSL,49.15,270.8,Yes,0.6626,Alto,49.15
4821-SJHJV,0,0,1,1,32,25-48 meses,Month-to-month,Electronic check,Fiber optic,89.6,2901.8,No,0.5668,Medio,0.0
7346-MEDWM,0,0,0,0,59,49-72 meses,Month-to-month,Electronic check,Fiber optic,83.25,4949.1,No,0.5177,Medio,0.0
1137-DGOWI,0,0,1,0,30,25-48 meses,One year,Bank transfer (automatic),DSL,70.25,2198.9,No,0.2395,Bajo,0.0
5616-PRTNT,1,0,0,1,20,13-24 meses,Month-to-month,Electronic check,No,19.4,374.5,Yes,0.201,Bajo,0.0
3812-LRZIR,0,0,1,1,27,25-48 meses,Two year,Electronic check,No,24.5,761.95,No,0.0811,Bajo,0.0
4818-QIUFN,0,1,0,0,20,13-24 meses,Month-to-month,Electronic check,Fiber optic,79.15,1520.9,Yes,0.698,Alto,79.15
9483-GCPWE,1,0,0,1,9,0-12 meses,One year,Mailed check,No,20.1,190.25,No,0.1406,Bajo,0.0
4227-OJHAL,0,0,1,1,68,49-72 meses,One year,Credit card (automatic),DSL,73.0,5163.0,No,0.1706,Bajo,0.0
9220-CXRSC,0,0,1,1,69,49-72 meses,Two year,Credit card (automatic),DSL,61.4,4059.85,No,0.0691,Bajo,0.0
4993-JCRGJ,1,0,0,0,26,25-48 meses,Month-to-month,Mailed check,Fiber optic,84.3,2281.6,No,0.5097,Medio,0.0
9537-JALFH,1,0,1,1,69,49-72 meses,Two year,Bank transfer (automatic),No,19.9,1356.7,No,0.0202,Bajo,0.0
6698-OXETB,1,0,0,0,11,0-12 meses,Two year,Mailed check,No,20.4,231.45,No,0.1065,Bajo,0.0
2103-ZRXFN,1,0,0,0,1,0-12 meses,Month-to-month,Mailed check,DSL,50.75,50.75,No,0.704,Alto,50.75
3724-BSCVH,1,0,1,1,10,0-12 meses,One year,Mailed check,No,20.45,242.4,No,0.1038,Bajo,0.0
4877-TSOFF,0,0,1,1,55,49-72 meses,One year,Bank transfer (automatic),DSL,75.75,4264.25,No,0.1682,Bajo,0.0
9209-NWPGU,1,0,0,0,44,25-48 meses,One year,Electronic check,DSL,65.4,2774.55,No,0.2087,Bajo,0.0
6961-VCPMC,1,1,1,0,46,25-48 meses,Month-to-month,Electronic check,Fiber optic,80.4,3605.2,Yes,0.6412,Alto,80.4
7306-YDSOI,1,0,1,1,69,49-72 meses,Two year,Bank transfer (automatic),DSL,59.75,4069.9,No,0.0591,Bajo,0.0
5288-AHOUP,1,1,0,0,11,0-12 meses,Month-to-month,Electronic check,Fiber optic,78.5,874.2,No,0.7781,Alto,78.5
6688-UZPWD,0,0,1,0,11,0-12 meses,Month-to-month,Electronic check,Fiber optic,102.0,1145.35,Yes,0.8682,Alto,102.0
0655-YDGFJ,1,0,0,0,29,25-48 meses,Month-to-month,Bank transfer (automatic),DSL,48.95,1323.7,No,0.3161,Medio,0.0
8468-EHYJA,0,0,1,0,57,49-72 meses,Month-to-month,Electronic check,Fiber optic,99.65,5497.05,No,0.5562,Medio,0.0
6823-SIDFQ,1,0,0,0,28,25-48 meses,One year,Credit card (automatic),No,18.25,534.7,No,0.0433,Bajo,0.0
1097-FSPVW,0,0,0,0,42,25-48 meses,Month-to-month,Credit card (automatic),DSL,54.55,2455.05,No,0.2925,Bajo,0.0
2839-RFSQE,0,0,0,0,2,0-12 meses,Month-to-month,Mailed check,No,20.65,38.7,Yes,0.2649,Bajo,0.0
8328-SKJNO,1,0,0,1,23,13-24 meses,One year,Bank transfer (automatic),DSL,40.65,947.4,No,0.2058,Bajo,0.0
7010-ZMVBF,0,0,1,1,18,13-24 meses,Month-to-month,Mailed check,No,20.45,357.0,No,0.1424,Bajo,0.0
5201-CBWYG,1,0,1,1,62,49-72 meses,One year,Bank transfer (automatic),No,24.8,1476.25,No,0.0604,Bajo,0.0
0968-GSIKN,0,0,0,0,1,0-12 meses,Month-to-month,Mailed check,Fiber optic,70.8,70.8,Yes,0.8814,Alto,70.8
1965-DDBWU,1,0,0,0,16,13-24 meses,Month-to-month,Credit card (automatic),Fiber optic,89.05,1448.6,Yes,0.6202,Alto,89.05
9057-SIHCH,0,0,0,0,3,0-12 meses,Month-to-month,Electronic check,Fiber optic,96.6,291.9,Yes,0.9093,Alto,96.6
6352-GIGGQ,1,0,0,0,67,49-72 meses,One year,Bank transfer (automatic),DSL,88.8,5903.15,No,0.2182,Bajo,0.0
3635-QQRQD,1,0,0,0,62,49-72 meses,Two year,Credit card (automatic),No,20.05,1201.65,No,0.0456,Bajo,0.0
6771-XWBDM,0,0,1,0,57,49-72 meses,Month-to-month,Credit card (automatic),Fiber optic,104.5,5921.35,Yes,0.5355,Medio,0.0
2897-DOVND,1,0,0,0,2,0-12 meses,Month-to-month,Electronic check,Fiber optic,69.8,146.65,No,0.8281,Alto,69.8
3082-YVEKW,0,0,1,1,23,13-24 meses,Two year,Bank transfer (automatic),DSL,77.15,1759.4,No,0.1018,Bajo,0.0
0191-EQUUH,0,0,0,1,25,25-48 meses,Two year,Bank transfer (automatic),DSL,35.05,844.45,No,0.1493,Bajo,0.0
7134-HBPBS,0,1,0,0,72,49-72 meses,Two year,Bank transfer (automatic),Fiber optic,108.1,7774.05,No,0.1947,Bajo,0.0
3489-HHPFY,0,0,1,0,2,0-12 meses,Month-to-month,Electronic check,Fiber optic,84.05,134.05,No,0.8837,Alto,84.05
2926-JEJJC,0,0,0,0,8,0-12 meses,One year,Bank transfer (automatic),No,20.2,140.95,No,0.158,Bajo,0.0
8601-QACRS,0,0,0,0,5,0-12 meses,Month-to-month,Mailed check,DSL,50.6,249.95,Yes,0.6223,Alto,50.6
4950-BDEUX,1,0,0,0,35,25-48 meses,Month-to-month,Electronic check,DSL,49.2,1701.65,No,0.4308,Medio,0.0
5789-LDFXO,1,0,0,0,24,13-24 meses,One year,Electronic check,No,24.6,592.65,No,0.1338,Bajo,0.0
0508-OOLTO,0,0,1,1,2,0-12 meses,Month-to-month,Electronic check,Fiber optic,71.65,135.75,No,0.8255,Alto,71.65
2984-TBYKU,1,0,1,1,72,49-72 meses,Two year,Credit card (automatic),Fiber optic,104.9,7732.65,No,0.1255,Bajo,0.0
9822-WMWVG,0,0,0,0,41,25-48 meses,Month-to-month,Electronic check,Fiber optic,106.5,4282.4,No,0.5649,Medio,0.0
2391-SOORI,1,0,0,1,4,0-12 meses,Month-to-month,Electronic check,DSL,49.35,219.65,Yes,0.622,Alto,49.35
9040-KZVWO,1,0,0,0,26,25-48 meses,One year,Bank transfer (automatic),Fiber optic,75.5,2018.1,No,0.3722,Medio,0.0
2645-QTLMB,1,0,0,0,7,0-12 meses,Month-to-month,Electronic check,Fiber optic,94.25,669.0,Yes,0.8616,Alto,94.25
4806-HIPDW,0,0,1,0,1,0-12 meses,Month-to-month,Electronic check,Fiber optic,68.95,68.95,Yes,0.8705,Alto,68.95
1548-ARAGG,0,0,1,1,4,0-12 meses,Month-to-month,Mailed check,DSL,58.5,224.85,No,0.5558,Medio,0.0
6339-RZCBJ,1,0,0,0,48,25-48 meses,Two year,Credit card (automatic),DSL,78.9,3771.5,No,0.0809,Bajo,0.0
4424-TKOPW,1,1,0,0,2,0-12 meses,Month-to-month,Electronic check,Fiber optic,93.85,196.75,Yes,0.9169,Alto,93.85
4415-WNGVR,0,1,1,0,12,0-12 meses,One year,Electronic check,DSL,79.2,943.85,No,0.4444,Medio,0.0
2522-AHJXR,1,0,1,0,60,49-72 meses,Month-to-month,Bank transfer (automatic),Fiber optic,109.45,6572.85,No,0.3968,Medio,0.0
0412-UCCNP,1,0,0,0,55,49-72 meses,Two year,Electronic check,DSL,59.2,3175.85,No,0.122,Bajo,0.0
1816-FLZDK,1,0,0,0,1,0-12 meses,Month-to-month,Mailed check,DSL,29.15,29.15,No,0.6463,Alto,29.15
7096-UCLNH,1,0,0,0,1,0-12 meses,Month-to-month,Mailed check,No,20.05,20.05,No,0.5668,Medio,0.0
8443-ZRDBZ,1,0,0,0,4,0-12 meses,Month-to-month,Electronic check,Fiber optic,76.05,318.9,Yes,0.8594,Alto,76.05
9136-ALYBR,1,0,0,0,1,0-12 meses,Month-to-month,Mailed check,DSL,24.45,24.45,Yes,0.7572,Alto,24.45
4615-PIVVU,0,0,0,0,42,25-48 meses,Two year,Credit card (automatic),DSL,66.5,2762.75,No,0.1401,Bajo,0.0
8885-QSQBX,0,0,0,0,1,0-12 meses,Month-to-month,Bank transfer (automatic),DSL,49.55,49.55,No,0.5991,Medio,0.0
7479-NITWS,1,0,0,0,7,0-12 meses,Month-to-month,Credit card (automatic),Fiber optic,89.35,631.85,Yes,0.8326,Alto,89.35
8617-ENBDS,1,0,0,0,3,0-12 meses,Month-to-month,Credit card (automatic),Fiber optic,73.6,232.5,No,0.7861,Alto,73.6
9385-NXKDA,0,0,1,0,72,49-72 meses,Two year,Credit card (automatic),DSL,82.65,5919.35,No,0.0751,Bajo,0.0
0430-IHCDJ,1,0,0,0,15,13-24 meses,Month-to-month,Electronic check,DSL,49.0,749.25,No,0.5965,Medio,0.0
2959-MJHIC,1,0,1,0,4,0-12 meses,Month-to-month,Electronic check,Fiber optic,80.35,307.4,Yes,0.8562,Alto,80.35
6674-KVJHG,0,0,0,0,11,0-12 meses,One year,Electronic check,No,25.2,245.15,No,0.1814,Bajo,0.0
1814-DKOLC,0,0,0,0,5,0-12 meses,Month-to-month,Mailed check,No,25.45,134.75,No,0.2398,Bajo,0.0
4201-JMNGR,0,1,0,0,1,0-12 meses,Month-to-month,Electronic check,DSL,55.8,55.8,Yes,0.705,Alto,55.8
9351-HXDMR,1,0,1,0,72,49-72 meses,Two year,Credit card (automatic),Fiber optic,110.9,8240.85,No,0.1537,Bajo,0.0
3537-HPKQT,0,0,1,0,55,49-72 meses,Month-to-month,Credit card (automatic),Fiber optic,77.75,4266.4,No,0.4576,Medio,0.0
2129-ALKBS,0,0,1,1,40,25-48 meses,Month-to-month,Electronic check,No,26.2,1077.5,No,0.125,Bajo,0.0
5821-MMEIL,0,0,1,0,57,49-72 meses,Two year,Bank transfer (automatic),No,19.9,1115.6,No,0.0451,Bajo,0.0
5960-WPXQM,1,0,0,0,1,0-12 meses,Month-to-month,Electronic check,Fiber optic,79.05,79.05,Yes,0.9109,Alto,79.05
0684-AOSIH,1,0,1,0,1,0-12 meses,Month-to-month,Electronic check,Fiber optic,95.0,95.0,Yes,0.8326,Alto,95.0
8260-NGFNY,0,0,0,0,1,0-12 meses,Month-to-month,Mailed check,DSL,25.2,25.2,Yes,0.7058,Alto,25.2
1309-XGFSN,1,1,1,1,52,49-72 meses,One year,Electronic check,DSL,80.85,4079.55,No,0.3257,Medio,0.0
1866-RZZQS,1,1,0,0,41,25-48 meses,Month-to-month,Electronic check,Fiber optic,98.4,4187.75,Yes,0.7519,Alto,98.4
6968-URWQU,1,0,1,0,43,25-48 meses,One year,Mailed check,DSL,56.35,2391.15,No,0.2853,Bajo,0.0
4742-TXUEX,0,0,1,1,47,25-48 meses,Two year,Bank transfer (automatic),No,19.3,890.5,No,0.0363,Bajo,0.0
9631-XEYKE,1,0,0,0,3,0-12 meses,Month-to-month,Bank transfer (automatic),DSL,50.4,137.25,No,0.6585,Alto,50.4
8631-NBHFZ,1,1,1,1,66,49-72 meses,Two year,Credit card (automatic),DSL,79.4,5154.6,Yes,0.1413,Bajo,0.0
1335-MXCSE,1,0,1,1,55,49-72 meses,Two year,Credit card (automatic),DSL,55.25,3119.9,No,0.0916,Bajo,0.0
8873-TMKGR,1,0,0,0,29,25-48 meses,One year,Mailed check,No,19.1,529.5,No,0.0466,Bajo,0.0
8800-JOOCF,0,0,0,1,12,0-12 meses,Month-to-month,Electronic check,Fiber optic,84.05,966.55,No,0.7913,Alto,84.05
1469-LBJQJ,0,0,1,0,66,49-72 meses,Month-to-month,Electronic check,Fiber optic,105.2,6936.85,No,0.5877,Medio,0.0
4958-XCBDQ,1,1,0,0,35,25-48 meses,Month-to-month,Electronic check,Fiber optic,101.4,3496.3,Yes,0.7565,Alto,101.4
8337-UPOAQ,1,1,1,0,10,0-12 meses,Month-to-month,Electronic check,Fiber optic,89.8,914.3,Yes,0.8681,Alto,89.8
0064-YIJGF,1,0,1,1,27,25-48 meses,Month-to-month,Bank transfer (automatic),Fiber optic,75.75,1929.0,No,0.5717,Medio,0.0
2386-OWURY,0,0,0,0,58,49-72 meses,Month-to-month,Electronic check,Fiber optic,95.3,5817.7,No,0.5131,Medio,0.0
1725-IQNIY,1,0,1,0,54,49-72 meses,Two year,Bank transfer (automatic),Fiber optic,109.75,6110.2,Yes,0.2694,Bajo,0.0
0310-VQXAM,1,0,0,0,9,0-12 meses,Month-to-month,Mailed check,No,19.85,178.8,No,0.2306,Bajo,0.0
6598-RFFVI,1,0,0,0,2,0-12 meses,One year,Credit card (automatic),No,19.3,28.3,Yes,0.1713,Bajo,0.0
3453-RTHJQ,1,0,0,0,6,0-12 meses,Month-to-month,Electronic check,Fiber optic,69.1,435.0,No,0.8045,Alto,69.1
6712-OAWRH,0,1,0,0,26,25-48 meses,Month-to-month,Electronic check,Fiber optic,91.25,2351.8,Yes,0.7136,Alto,91.25
6278-FEPBZ,0,0,0,0,9,0-12 meses,Month-to-month,Mailed check,No,20.25,186.15,No,0.2373,Bajo,0.0
4280-DLSHD,1,0,1,0,8,0-12 meses,Month-to-month,Mailed check,DSL,54.75,445.85,No,0.4968,Medio,0.0
1508-DFXCU,1,0,0,0,12,0-12 meses,Month-to-month,Electronic check,Fiber optic,81.45,912.0,No,0.7867,Alto,81.45
8614-VGMMV,0,0,0,0,15,13-24 meses,Month-to-month,Electronic check,DSL,49.1,679.55,Yes,0.5884,Medio,0.0
7868-BGSZA,1,0,1,0,43,25-48 meses,One year,Electronic check,DSL,80.2,3581.6,No,0.3129,Medio,0.0
2800-QQUSO,1,0,0,0,42,25-48 meses,Month-to-month,Electronic check,Fiber optic,100.3,4222.95,No,0.6818,Alto,100.3
2930-UOTMB,0,0,0,0,31,25-48 meses,Month-to-month,Credit card (automatic),DSL,65.25,1994.3,Yes,0.2091,Bajo,0.0
7973-DZRKH,0,0,0,1,66,49-72 meses,Two year,Credit card (automatic),Fiber optic,90.95,5930.05,No,0.1419,Bajo,0.0
5914-DVBWJ,0,1,0,0,18,13-24 meses,Month-to-month,Electronic check,Fiber optic,85.45,1505.85,Yes,0.7331,Alto,85.45
7698-YFGEZ,1,0,0,0,1,0-12 meses,Month-to-month,Mailed check,No,20.0,20.0,No,0.5658,Medio,0.0
2533-QVMSK,1,0,1,0,61,49-72 meses,Two year,Electronic check,Fiber optic,94.1,5638.3,Yes,0.2723,Bajo,0.0
9773-PEQBZ,1,0,0,0,10,0-12 meses,Month-to-month,Electronic check,Fiber optic,79.85,797.25,No,0.7629,Alto,79.85
8644-XLFBW,1,1,0,0,1,0-12 meses,Month-to-month,Electronic check,Fiber optic,71.65,71.65,Yes,0.8865,Alto,71.65
0650-BWOZN,0,1,0,0,18,13-24 meses,Month-to-month,Electronic check,Fiber optic,73.55,1359.45,No,0.7009,Alto,73.55
8625-AZYZY,1,0,1,0,24,13-24 meses,Month-to-month,Electronic check,Fiber optic,104.65,2542.45,Yes,0.7605,Alto,104.65
7785-RDVIG,0,0,1,1,3,0-12 meses,Month-to-month,Mailed check,No,19.3,54.7,No,0.2397,Bajo,0.0
9602-WCXPI,1,0,0,0,50,49-72 meses,One year,Credit card (automatic),No,20.15,989.05,No,0.0553,Bajo,0.0
2903-YYTBW,1,0,1,1,1,0-12 meses,Month-to-month,Electronic check,DSL,44.55,44.55,No,0.7253,Alto,44.55
3620-MWJNE,1,0,0,0,2,0-12 meses,Month-to-month,Mailed check,DSL,54.45,87.3,No,0.5735,Medio,0.0
8573-JGCZW,1,0,0,0,17,13-24 meses,One year,Bank transfer (automatic),No,19.65,351.55,No,0.1166,Bajo,0.0
6837-HAEVO,1,0,1,1,69,49-72 meses,Two year,Electronic check,Fiber optic,105.0,7297.75,No,0.3844,Medio,0.0
6701-YVNQG,1,0,1,0,72,49-72 meses,Two year,Credit card (automatic),DSL,88.7,6301.7,No,0.0281,Bajo,0.0
9306-CPCBC,0,0,0,0,3,0-12 meses,Month-to-month,Electronic check,Fiber optic,74.25,210.3,Yes,0.8619,Alto,74.25
4304-XUMGI,1,1,1,1,50,49-72 meses,Two year,Bank transfer (automatic),DSL,75.15,3822.45,No,0.1222,Bajo,0.0
9504-YAZWB,0,0,0,0,53,49-72 meses,Two year,Mailed check,No,20.25,1048.45,No,0.0541,Bajo,0.0
8819-ZBYNA,0,0,1,0,58,49-72 meses,Two year,Credit card (automatic),Fiber optic,109.1,6393.65,No,0.2778,Bajo,0.0
6174-NRBTZ,1,0,0,0,46,25-48 meses,One year,Bank transfer (automatic),DSL,30.75,1489.3,No,0.2111,Bajo,0.0
9481-IEBZY,1,1,1,0,72,49-72 meses,Month-to-month,Credit card (automatic),Fiber optic,112.9,8061.5,No,0.2919,Bajo,0.0
1833-VGRUM,0,1,0,0,1,0-12 meses,Month-to-month,Electronic check,Fiber optic,74.2,74.2,Yes,0.9033,Alto,74.2
6137-NICCO,0,0,1,1,6,0-12 meses,Month-to-month,Mailed check,Fiber optic,94.05,518.75,No,0.8269,Alto,94.05
9065-ZCPQX,1,0,1,0,72,49-72 meses,Two year,Bank transfer (automatic),DSL,78.85,5763.15,No,0.0493,Bajo,0.0
6402-EJMWF,1,0,0,0,4,0-12 meses,Month-to-month,Mailed check,DSL,55.3,238.5,No,0.6369,Alto,55.3
3620-EHIMZ,0,0,1,1,52,49-72 meses,Two year,Mailed check,No,19.35,1031.7,No,0.0389,Bajo,0.0
3213-VVOLG,1,0,1,1,0,,Two year,Mailed check,No,25.35,25.35,No,0.227,Bajo,0.0
6870-ECSHE,0,0,0,0,2,0-12 meses,One year,Mailed check,No,20.45,34.8,No,0.1845,Bajo,0.0
8747-UDCOI,0,0,1,0,65,49-72 meses,Two year,Bank transfer (automatic),No,19.35,1319.95,No,0.0424,Bajo,0.0
8374-XGEJJ,1,1,1,0,43,25-48 meses,Month-to-month,Electronic check,Fiber optic,101.0,4388.4,Yes,0.7363,Alto,101.0
2656-TABEH,1,0,1,0,4,0-12 meses,Month-to-month,Electronic check,Fiber optic,100.2,420.2,Yes,0.8973,Alto,100.2
6946-LMSQS,1,1,1,0,25,25-48 meses,One year,Electronic check,Fiber optic,89.05,2177.45,Yes,0.5734,Medio,0.0
4626-OZDTJ,0,0,1,0,51,49-72 meses,One year,Credit card (automatic),DSL,78.65,3950.85,No,0.2312,Bajo,0.0
9169-BSVIN,1,0,0,0,12,0-12 meses,Month-to-month,Bank transfer (automatic),DSL,74.75,827.05,No,0.5009,Medio,0.0
2325-ZUSFD,0,0,1,1,57,49-72 meses,One year,Bank transfer (automatic),DSL,70.1,3913.3,Yes,0.168,Bajo,0.0
8194-PEEBY,0,0,1,1,24,13-24 meses,One year,Mailed check,No,19.9,533.5,No,0.0571,Bajo,0.0
6872-HXFNF,0,0,1,0,64,49-72 meses,One year,Bank transfer (automatic),DSL,58.35,3756.45,No,0.1383,Bajo,0.0
3932-CMDTD,0,0,0,0,4,0-12 meses,One year,Electronic check,Fiber optic,105.65,443.9,Yes,0.722,Alto,105.65
7714-YXSMB,0,0,0,0,26,25-48 meses,Month-to-month,Bank transfer (automatic),Fiber optic,100.5,2599.95,No,0.6622,Alto,100.5
8387-UGUSU,0,0,1,1,15,13-24 meses,Month-to-month,Mailed check,No,20.05,284.3,No,0.1737,Bajo,0.0
1080-BWSYE,1,1,1,0,64,49-72 meses,Two year,Credit card (automatic),No,25.65,1740.8,No,0.0461,Bajo,0.0
4039-HEUNW,1,1,1,0,36,25-48 meses,Month-to-month,Electronic check,Fiber optic,96.5,3436.1,Yes,0.7379,Alto,96.5
1194-HVAIF,0,0,1,0,27,25-48 meses,Month-to-month,Credit card (automatic),Fiber optic,95.0,2462.55,No,0.5936,Medio,0.0
0812-WUPTB,1,1,1,0,1,0-12 meses,Month-to-month,Mailed check,Fiber optic,70.85,70.85,Yes,0.8291,Alto,70.85
3594-UVONA,0,0,0,0,35,25-48 meses,One year,Credit card (automatic),DSL,85.95,3110.1,Yes,0.264,Bajo,0.0
0004-TLHLJ,1,0,0,0,4,0-12 meses,Month-to-month,Electronic check,Fiber optic,73.9,280.85,Yes,0.8235,Alto,73.9
1767-TGTKO,0,0,1,1,8,0-12 meses,Month-to-month,Electronic check,DSL,45.45,411.75,No,0.6328,Alto,45.45
8439-LTUGF,1,0,0,0,10,0-12 meses,Month-to-month,Credit card (automatic),No,20.0,198.6,No,0.2147,Bajo,0.0
8805-JNRAZ,0,0,0,0,2,0-12 meses,Month-to-month,Mailed check,DSL,49.2,103.7,No,0.6485,Alto,49.2
5089-IFSDP,0,0,1,0,58,49-72 meses,Two year,Bank transfer (automatic),Fiber optic,109.45,6144.55,Yes,0.3219,Medio,0.0
6418-HNFED,1,0,1,0,51,49-72 meses,Two year,Credit card (automatic),DSL,83.25,4089.45,No,0.0531,Bajo,0.0
0206-OYVOC,0,0,1,1,46,25-48 meses,Two year,Mailed check,No,19.25,864.2,No,0.047,Bajo,0.0
7291-CDTMJ,1,0,0,0,1,0-12 meses,Month-to-month,Bank transfer (automatic),No,19.65,19.65,No,0.5202,Medio,0.0
7128-GGCNO,1,0,0,0,46,25-48 meses,Month-to-month,Bank transfer (automatic),Fiber optic,72.8,3249.4,No,0.4728,Medio,0.0
0237-YFUTL,0,0,1,0,50,49-72 meses,Month-to-month,Bank transfer (automatic),Fiber optic,109.65,5405.8,No,0.4297,Medio,0.0
7691-KGKGP,1,0,1,1,53,49-72 meses,Month-to-month,Credit card (automatic),DSL,65.0,3363.8,No,0.182,Bajo,0.0
6710-HSJRD,1,0,1,0,61,49-72 meses,Month-to-month,Electronic check,Fiber optic,114.1,7132.15,No,0.5169,Medio,0.0
3675-EQOZA,1,0,0,0,5,0-12 meses,Month-to-month,Bank transfer (automatic),No,20.65,93.55,No,0.2534,Bajo,0.0
0840-DCNZE,1,0,0,0,47,25-48 meses,One year,Bank transfer (automatic),DSL,86.95,4138.9,No,0.223,Bajo,0.0
1732-FEKLD,0,0,0,0,54,49-72 meses,One year,Bank transfer (automatic),Fiber optic,94.75,5121.75,No,0.3981,Medio,0.0
9862-KJTYK,1,0,0,1,19,13-24 meses,Month-to-month,Credit card (automatic),DSL,25.35,566.1,No,0.4385,Medio,0.0
0479-HMSWA,0,0,0,1,26,25-48 meses,Two year,Electronic check,Fiber optic,105.45,2715.3,No,0.3745,Medio,0.0
5854-KSRBJ,1,0,1,1,70,49-72 meses,Two year,Mailed check,No,25.4,1782.05,No,0.0194,Bajo,0.0
0365-BZUWY,1,0,1,0,17,13-24 meses,Month-to-month,Electronic check,Fiber optic,102.55,1742.5,No,0.7797,Alto,102.55
4817-VYYWS,0,0,0,0,30,25-48 meses,Month-to-month,Electronic check,Fiber optic,100.2,2983.8,Yes,0.7214,Alto,100.2
5701-SVCWR,0,0,0,1,1,0-12 meses,Month-to-month,Mailed check,No,24.0,24.0,No,0.416,Medio,0.0
3129-AAQOU,0,0,1,1,19,13-24 meses,Two year,Mailed check,No,25.6,485.9,No,0.069,Bajo,0.0
4922-CVPDX,0,0,1,0,26,25-48 meses,Two year,Credit card (automatic),DSL,73.5,1905.7,No,0.1888,Bajo,0.0
1396-QWFBJ,0,0,1,1,21,13-24 meses,Month-to-month,Bank transfer (automatic),Fiber optic,74.05,1565.7,Yes,0.606,Alto,74.05
1357-BIJKI,1,0,1,0,50,49-72 meses,One year,Electronic check,Fiber optic,98.25,4858.7,No,0.5521,Medio,0.0
1099-BTKWT,0,0,1,0,68,49-72 meses,One year,Electronic check,DSL,54.4,3723.65,No,0.2609,Bajo,0.0
5299-SJCZT,1,0,0,0,3,0-12 meses,Month-to-month,Bank transfer (automatic),Fiber optic,101.55,298.35,Yes,0.8932,Alto,101.55
2018-PZKMU,1,0,1,1,9,0-12 meses,Month-to-month,Electronic check,Fiber optic,103.1,970.45,No,0.7311,Alto,103.1
7340-KEFQE,0,0,1,1,51,49-72 meses,Two year,Bank transfer (automatic),DSL,34.2,1782.0,No,0.0825,Bajo,0.0
4570-QHXHL,0,0,0,0,9,0-12 meses,Month-to-month,Electronic check,DSL,43.75,405.7,No,0.6563,Alto,43.75
2403-BCASL,1,1,1,1,41,25-48 meses,One year,Electronic check,Fiber optic,111.95,4534.9,Yes,0.5149,Medio,0.0
7392-YYPYJ,1,0,0,0,22,13-24 meses,Month-to-month,Electronic check,Fiber optic,100.65,2415.95,No,0.7981,Alto,100.65
2898-LSJGD,0,0,1,1,21,13-24 meses,One year,Electronic check,DSL,55.95,1157.05,Yes,0.4293,Medio,0.0
2223-GDSHL,1,0,1,1,71,49-72 meses,Two year,Bank transfer (automatic),Fiber optic,116.05,8297.5,No,0.1488,Bajo,0.0
7359-PTSXY,1,0,0,0,1,0-12 meses,Month-to-month,Electronic check,DSL,45.75,45.75,Yes,0.77,Alto,45.75
9470-RTWDV,1,0,1,1,26,25-48 meses,One year,Credit card (automatic),DSL,82.0,2083.1,No,0.2876,Bajo,0.0
2176-OSJUV,1,0,1,0,71,49-72 meses,Two year,Bank transfer (automatic),DSL,65.15,4681.75,No,0.0491,Bajo,0.0
9348-YVOMK,1,0,0,0,4,0-12 meses,Month-to-month,Credit card (automatic),DSL,44.8,176.2,No,0.6732,Alto,44.8
8104-OSKWT,0,0,0,0,12,0-12 meses,Month-to-month,Electronic check,Fiber optic,79.8,1001.2,No,0.7389,Alto,79.8
4521-YEEHE,0,0,1,0,18,13-24 meses,Month-to-month,Electronic check,Fiber optic,88.85,1594.75,No,0.7251,Alto,88.85
4090-KPJIP,0,0,0,0,3,0-12 meses,Month-to-month,Electronic check,Fiber optic,74.95,212.4,No,0.8668,Alto,74.95
3786-WOVKF,0,1,1,0,72,49-72 meses,One year,Bank transfer (automatic),Fiber optic,106.85,7677.4,No,0.328,Medio,0.0
4503-BDXBD,1,0,0,0,11,0-12 meses,Month-to-month,Electronic check,Fiber optic,74.95,815.5,Yes,0.6979,Alto,74.95
6086-ESGRL,0,0,0,0,1,0-12 meses,Month-to-month,Credit card (automatic),Fiber optic,80.15,80.15,Yes,0.8454,Alto,80.15
2592-HODOV,1,0,0,0,13,13-24 meses,One year,Credit card (automatic),No,19.3,259.65,No,0.1007,Bajo,0.0
3886-CERTZ,0,0,1,0,72,49-72 meses,One year,Electronic check,Fiber optic,109.25,8109.8,Yes,0.4232,Medio,0.0
7995-ZHHNZ,1,0,1,0,42,25-48 meses,One year,Credit card (automatic),DSL,56.1,2386.85,No,0.1791,Bajo,0.0
3824-RHKVR,0,0,0,0,17,13-24 meses,Month-to-month,Credit card (automatic),No,19.7,340.35,No,0.2024,Bajo,0.0
5816-SCGFC,0,1,0,0,7,0-12 meses,Month-to-month,Mailed check,DSL,51.3,419.35,No,0.5365,Medio,0.0
5989-AXPUC,0,0,1,0,68,49-72 meses,Two year,Mailed check,Fiber optic,118.6,7990.05,No,0.1491,Bajo,0.0
4979-HPRFL,1,0,1,1,56,49-72 meses,Two year,Bank transfer (automatic),No,24.15,1402.25,No,0.0276,Bajo,0.0
8590-OHDIW,0,0,1,1,38,25-48 meses,One year,Mailed check,No,20.3,749.35,No,0.0413,Bajo,0.0
8015-IHCGW,0,0,1,1,72,49-72 meses,Two year,Electronic check,Fiber optic,115.5,8425.15,No,0.1507,Bajo,0.0
2332-TODQS,0,0,0,0,48,25-48 meses,One year,Credit card (automatic),No,25.05,1171.5,No,0.1105,Bajo,0.0
9278-VZKCD,0,1,1,0,52,49-72 meses,Month-to-month,Electronic check,Fiber optic,109.1,5647.95,No,0.5623,Medio,0.0
8008-OTEZX,0,0,1,1,35,25-48 meses,One year,Mailed check,No,19.65,708.8,No,0.0567,Bajo,0.0
2773-OVBPK,1,0,1,0,67,49-72 meses,Two year,Bank transfer (automatic),Fiber optic,111.3,7567.2,No,0.3129,Medio,0.0
5999-LCXAO,0,0,0,0,1,0-12 meses,Month-to-month,Mailed check,DSL,29.9,29.9,No,0.6252,Alto,29.9
5206-XZZQI,1,0,0,0,53,49-72 meses,Month-to-month,Mailed check,Fiber optic,80.6,4348.1,No,0.3697,Medio,0.0
4803-LBYPN,1,0,1,1,34,25-48 meses,Month-to-month,Mailed check,No,20.8,635.9,No,0.0731,Bajo,0.0
5759-RCVCB,0,0,0,0,3,0-12 meses,Month-to-month,Credit card (automatic),DSL,35.2,108.95,Yes,0.635,Alto,35.2
6372-RFVNS,0,0,1,0,1,0-12 meses,Month-to-month,Electronic check,Fiber optic,78.8,78.8,Yes,0.8608,Alto,78.8
2139-FQHLM,1,0,0,0,19,13-24 meses,Month-to-month,Mailed check,Fiber optic,89.95,1682.4,No,0.5091,Medio,0.0
8261-GWDBQ,0,1,1,0,60,49-72 meses,Two year,Bank transfer (automatic),Fiber optic,116.05,6925.9,No,0.225,Bajo,0.0
1093-YSWCA,1,0,0,0,11,0-12 meses,Two year,Credit card (automatic),No,19.55,223.15,No,0.099,Bajo,0.0
8938-UMKPI,0,0,0,0,47,25-48 meses,Month-to-month,Electronic check,Fiber optic,106.4,5127.95,Yes,0.628,Alto,106.4
0991-BRRFB,1,0,0,0,18,13-24 meses,Month-to-month,Electronic check,DSL,49.4,874.8,Yes,0.4961,Medio,0.0
3882-IYOIJ,0,0,1,1,60,49-72 meses,Two year,Credit card (automatic),Fiber optic,115.25,6758.45,No,0.1745,Bajo,0.0
8749-TZYEC,1,0,1,0,72,49-72 meses,Two year,Credit card (automatic),No,24.8,1874.3,No,0.0336,Bajo,0.0
1755-FZQEC,1,0,0,0,39,25-48 meses,One year,Mailed check,No,19.9,791.15,No,0.0516,Bajo,0.0
3115-JPJDD,0,0,1,0,59,49-72 meses,One year,Credit card (automatic),Fiber optic,81.25,4639.45,No,0.2598,Bajo,0.0
5600-KTXFM,1,0,1,1,2,0-12 meses,Month-to-month,Mailed check,Fiber optic,69.95,143.9,No,0.7633,Alto,69.95
3871-IKPYH,1,1,0,0,1,0-12 meses,Month-to-month,Electronic check,Fiber optic,69.1,69.1,Yes,0.8489,Alto,69.1
6319-IEJWJ,1,0,1,1,20,13-24 meses,Month-to-month,Electronic check,Fiber optic,90.2,1776.55,Yes,0.7235,Alto,90.2
9025-AOMKI,0,0,0,0,6,0-12 meses,Month-to-month,Bank transfer (automatic),Fiber optic,93.55,536.4,Yes,0.8899,Alto,93.55
6339-TBELP,1,0,0,0,71,49-72 meses,Two year,Credit card (automatic),Fiber optic,86.4,6172.0,No,0.1905,Bajo,0.0
7964-YESJC,0,0,1,0,24,13-24 meses,Month-to-month,Mailed check,DSL,66.3,1559.45,No,0.2409,Bajo,0.0
6173-GOLSU,1,1,1,0,67,49-72 meses,Month-to-month,Credit card (automatic),Fiber optic,94.65,6079.0,No,0.5662,Medio,0.0
5275-SQEIZ,1,0,0,0,1,0-12 meses,Month-to-month,Mailed check,Fiber optic,80.85,80.85,Yes,0.8847,Alto,80.85
7716-YTYHG,0,0,1,1,48,25-48 meses,One year,Mailed check,Fiber optic,82.05,4029.95,Yes,0.449,Medio,0.0
9938-ZREHM,0,0,1,0,37,25-48 meses,One year,Mailed check,DSL,72.1,2658.4,No,0.2483,Bajo,0.0
7950-XWOVN,1,0,0,0,11,0-12 meses,Month-to-month,Mailed check,DSL,34.7,383.55,No,0.4402,Medio,0.0
4390-KYULV,1,0,1,0,3,0-12 meses,Month-to-month,Credit card (automatic),No,20.55,51.15,Yes,0.2676,Bajo,0.0
4647-MUZON,0,0,1,0,18,13-24 meses,Month-to-month,Credit card (automatic),Fiber optic,95.95,1745.5,No,0.6536,Alto,95.95
9702-AIUJO,1,0,1,1,50,49-72 meses,One year,Bank transfer (automatic),DSL,44.8,2230.85,No,0.2479,Bajo,0.0
8849-PRIQJ,0,0,1,1,67,49-72 meses,One year,Electronic check,Fiber optic,109.4,7281.6,No,0.3728,Medio,0.0
8851-RAGOV,0,0,1,0,25,25-48 meses,Month-to-month,Mailed check,DSL,71.05,1837.7,No,0.2519,Bajo,0.0
1304-NECVQ,0,1,0,0,2,0-12 meses,Month-to-month,Electronic check,Fiber optic,78.55,149.55,Yes,0.8743,Alto,78.55
5396-IZEPB,1,0,0,0,9,0-12 meses,Month-to-month,Credit card (automatic),No,19.7,180.7,No,0.204,Bajo,0.0
1729-VLAZJ,0,0,0,1,10,0-12 meses,One year,Mailed check,DSL,40.25,411.45,No,0.3114,Medio,0.0
8285-ABVLB,0,0,1,0,70,49-72 meses,Two year,Credit card (automatic),No,19.85,1328.35,No,0.0201,Bajo,0.0
0701-TJSEF,1,0,0,0,9,0-12 meses,Month-to-month,Bank transfer (automatic),DSL,68.25,576.95,No,0.4279,Medio,0.0
5712-VBOXD,0,0,0,0,4,0-12 meses,Month-to-month,Credit card (automatic),No,20.15,68.45,No,0.2619,Bajo,0.0
6629-LADHQ,0,0,0,0,2,0-12 meses,Month-to-month,Mailed check,DSL,50.95,123.05,No,0.5527,Medio,0.0
8945-GRKHX,0,0,0,1,1,0-12 meses,Month-to-month,Electronic check,Fiber optic,78.65,78.65,Yes,0.8704,Alto,78.65
1559-DTODC,1,0,0,0,19,13-24 meses,Month-to-month,Bank transfer (automatic),DSL,25.15,468.35,No,0.4685,Medio,0.0
4797-MIWUM,1,0,1,1,7,0-12 meses,Month-to-month,Bank transfer (automatic),No,20.25,174.7,No,0.2037,Bajo,0.0
6959-UWKHF,1,0,0,0,1,0-12 meses,Month-to-month,Electronic check,DSL,42.9,42.9,Yes,0.7962,Alto,42.9
8720-RQSBJ,1,1,0,0,1,0-12 meses,Month-to-month,Electronic check,DSL,44.0,44.0,No,0.7619,Alto,44.0
4537-CIBHB,0,0,1,1,9,0-12 meses,One year,Mailed check,No,20.25,172.35,No,0.1629,Bajo,0.0
3815-SLMEF,0,0,0,0,3,0-12 meses,Month-to-month,Mailed check,DSL,34.25,139.35,Yes,0.5235,Medio,0.0
5154-VEKBL,0,0,0,0,9,0-12 meses,Month-to-month,Mailed check,DSL,58.5,539.85,Yes,0.4236,Medio,0.0
4324-AHJKS,0,0,0,0,5,0-12 meses,Month-to-month,Credit card (automatic),DSL,55.8,300.4,No,0.4437,Medio,0.0
4355-CVPVS,0,0,1,1,56,49-72 meses,One year,Bank transfer (automatic),Fiber optic,88.9,4968.0,No,0.3459,Medio,0.0
4495-LHSSK,0,0,0,1,18,13-24 meses,Month-to-month,Mailed check,DSL,57.65,992.7,No,0.3307,Medio,0.0
5655-JSMZM,1,1,0,0,49,49-72 meses,Month-to-month,Electronic check,Fiber optic,96.2,4718.25,Yes,0.7292,Alto,96.2
5915-ANOEI,1,0,1,0,70,49-72 meses,Two year,Mailed check,DSL,79.15,5536.5,No,0.0549,Bajo,0.0
9861-PDSZP,0,0,0,0,72,49-72 meses,Two year,Credit card (automatic),Fiber optic,108.05,7806.6,No,0.1669,Bajo,0.0
4505-EXZHB,0,1,0,0,6,0-12 meses,Month-to-month,Electronic check,Fiber optic,74.4,434.1,Yes,0.7906,Alto,74.4
7225-CBZPL,1,1,1,0,17,13-24 meses,Month-to-month,Electronic check,Fiber optic,94.8,1563.9,No,0.7971,Alto,94.8
6704-UTUKK,1,0,1,0,29,25-48 meses,Month-to-month,Electronic check,DSL,45.9,1332.4,No,0.4506,Medio,0.0
4587-VVTOX,0,0,1,0,6,0-12 meses,Month-to-month,Electronic check,Fiber optic,105.3,545.2,Yes,0.8841,Alto,105.3
2019-HDCZY,1,0,1,0,63,49-72 meses,Two year,Electronic check,Fiber optic,102.6,6296.75,No,0.3518,Medio,0.0
4652-NNHNY,1,0,1,0,16,13-24 meses,Month-to-month,Bank transfer (automatic),Fiber optic,73.85,1284.2,Yes,0.6514,Alto,73.85
8788-DOXSU,1,0,0,0,59,49-72 meses,One year,Bank transfer (automatic),DSL,61.35,3645.5,No,0.2422,Bajo,0.0
7404-JLKQG,0,0,0,0,3,0-12 meses,Month-to-month,Electronic check,DSL,57.55,161.45,No,0.6648,Alto,57.55
7421-ZLUPA,0,0,0,0,8,0-12 meses,Month-to-month,Mailed check,DSL,29.25,226.95,No,0.5559,Medio,0.0
8972-HJWNV,0,1,1,0,7,0-12 meses,Month-to-month,Electronic check,Fiber optic,84.55,646.85,Yes,0.8916,Alto,84.55
3274-NSDWE,0,0,0,0,68,49-72 meses,Two year,Credit card (automatic),No,19.6,1441.65,No,0.0367,Bajo,0.0
2632-IVXVF,0,0,1,1,68,49-72 meses,Two year,Credit card (automatic),Fiber optic,111.75,7511.3,No,0.1976,Bajo,0.0
3692-JHONH,0,1,1,0,52,49-72 meses,One year,Electronic check,Fiber optic,106.5,5621.85,No,0.5296,Medio,0.0
8915-NNTRC,1,0,1,1,72,49-72 meses,Two year,Credit card (automatic),Fiber optic,107.7,7919.8,No,0.1222,Bajo,0.0
5914-GXMDA,0,0,1,0,32,25-48 meses,One year,Mailed check,No,19.3,593.2,No,0.0581,Bajo,0.0
7463-IFMQU,0,0,1,0,72,49-72 meses,Two year,Bank transfer (automatic),No,20.05,1423.65,No,0.0277,Bajo,0.0
2920-RNCEZ,1,0,1,1,1,0-12 meses,Month-to-month,Credit card (automatic),Fiber optic,69.95,69.95,No,0.836,Alto,69.95
2541-YGPKE,1,0,1,1,42,25-48 meses,One year,Credit card (automatic),DSL,63.7,2763.35,No,0.1941,Bajo,0.0
8515-OCTJS,0,0,0,0,25,25-48 meses,Two year,Credit card (automatic),No,24.75,692.1,Yes,0.1135,Bajo,0.0
5382-TEMLV,1,0,0,0,45,25-48 meses,Month-to-month,Bank transfer (automatic),DSL,50.9,2298.55,No,0.2636,Bajo,0.0
3441-CGZJH,0,0,1,1,43,25-48 meses,One year,Credit card (automatic),DSL,60.4,2640.55,No,0.1801,Bajo,0.0
9592-ERDKV,1,0,1,0,37,25-48 meses,One year,Mailed check,DSL,79.25,2911.8,No,0.2363,Bajo,0.0
2860-RANUS,0,1,0,0,20,13-24 meses,Month-to-month,Credit card (automatic),Fiber optic,85.8,1727.5,Yes,0.6704,Alto,85.8
5261-QSHQM,0,0,0,0,4,0-12 meses,Month-to-month,Electronic check,DSL,24.45,86.6,Yes,0.7676,Alto,24.45
4778-IZARL,1,0,1,0,63,49-72 meses,Two year,Credit card (automatic),Fiber optic,110.1,6705.7,No,0.2301,Bajo,0.0
0432-CAJZV,1,0,0,0,3,0-12 meses,Month-to-month,Mailed check,Fiber optic,90.7,237.65,No,0.8142,Alto,90.7
7008-LZVOZ,1,0,1,1,66,49-72 meses,Two year,Credit card (automatic),No,25.3,1672.35,No,0.0308,Bajo,0.0
8868-WOZGU,1,0,0,0,28,25-48 meses,Month-to-month,Electronic check,Fiber optic,105.7,2979.5,Yes,0.731,Alto,105.7
1200-TUZHR,0,1,0,0,8,0-12 meses,Month-to-month,Electronic check,Fiber optic,85.2,695.75,No,0.8429,Alto,85.2
9365-CSLBQ,1,0,0,1,71,49-72 meses,Two year,Mailed check,No,24.35,1654.6,No,0.0438,Bajo,0.0
1334-FJSVR,1,0,0,0,1,0-12 meses,Month-to-month,Electronic check,DSL,24.25,24.25,Yes,0.8123,Alto,24.25
5884-FBCTL,0,0,1,1,72,49-72 meses,Two year,Bank transfer (automatic),No,25.1,1857.85,No,0.0138,Bajo,0.0
7130-CTCUS,1,1,1,0,16,13-24 meses,Month-to-month,Bank transfer (automatic),DSL,54.55,825.1,No,0.4202,Medio,0.0
6242-FEGFD,1,0,1,0,66,49-72 meses,Two year,Mailed check,Fiber optic,96.6,6424.25,No,0.1405,Bajo,0.0
7625-XCQRH,0,0,0,0,11,0-12 meses,Month-to-month,Electronic check,Fiber optic,76.5,837.95,Yes,0.7907,Alto,76.5
6194-HBGQN,1,0,0,0,51,49-72 meses,One year,Credit card (automatic),DSL,81.15,4126.2,No,0.1793,Bajo,0.0
7634-WSWDB,0,0,0,1,8,0-12 meses,Month-to-month,Electronic check,DSL,38.5,330.8,No,0.6032,Alto,38.5
6986-IXNDM,1,0,0,0,14,13-24 meses,Month-to-month,Electronic check,Fiber optic,92.9,1337.45,No,0.7762,Alto,92.9
1731-TVIUK,0,0,0,0,4,0-12 meses,Month-to-month,Electronic check,Fiber optic,93.5,362.2,Yes,0.8419,Alto,93.5
2987-BJXIK,0,0,0,0,70,49-72 meses,Two year,Mailed check,DSL,84.7,5991.05,No,0.0775,Bajo,0.0
9769-TSBZE,0,0,0,1,70,49-72 meses,Two year,Electronic check,DSL,66.0,4891.5,No,0.1234,Bajo,0.0
0406-BPDVR,0,1,1,0,54,49-72 meses,One year,Credit card (automatic),Fiber optic,101.5,5373.1,Yes,0.4977,Medio,0.0
0618-XWMSS,1,0,0,1,28,25-48 meses,Month-to-month,Bank transfer (automatic),Fiber optic,74.9,2068.55,Yes,0.5081,Medio,0.0
1395-WSWXR,1,0,0,0,24,13-24 meses,Two year,Mailed check,No,20.75,487.05,No,0.0465,Bajo,0.0
6023-GSSXW,0,0,1,0,69,49-72 meses,Two year,Credit card (automatic),DSL,61.45,4131.2,No,0.1255,Bajo,0.0
6752-APNJL,1,0,1,1,42,25-48 meses,Month-to-month,Mailed check,DSL,54.5,2301.15,No,0.2274,Bajo,0.0
5276-KQWHG,0,1,0,0,2,0-12 meses,Month-to-month,Electronic check,Fiber optic,69.6,131.65,Yes,0.8351,Alto,69.6
0420-HLGXF,0,1,0,0,39,25-48 meses,Month-to-month,Electronic check,Fiber optic,99.75,4036.0,No,0.733,Alto,99.75
7446-KQISO,1,0,1,1,45,25-48 meses,Two year,Bank transfer (automatic),Fiber optic,109.75,4900.65,No,0.3573,Medio,0.0
9823-EALYC,1,0,1,1,72,49-72 meses,Two year,Bank transfer (automatic),DSL,80.85,5727.45,No,0.0313,Bajo,0.0
0582-AVCLN,0,0,0,0,38,25-48 meses,Two year,Mailed check,No,20.3,743.05,No,0.033,Bajo,0.0
5803-NQJZO,1,0,1,0,72,49-72 meses,Two year,Bank transfer (automatic),DSL,67.8,4804.65,No,0.0524,Bajo,0.0
2565-JSLRY,1,0,0,0,1,0-12 meses,Month-to-month,Mailed check,No,24.05,24.05,Yes,0.4826,Medio,0.0
2607-DHDAK,1,0,1,1,72,49-72 meses,Two year,Credit card (automatic),No,19.8,1414.65,No,0.026,Bajo,0.0
1073-XXCZD,1,0,1,0,55,49-72 meses,Two year,Bank transfer (automatic),No,25.7,1443.65,No,0.0499,Bajo,0.0
0743-HRVFF,0,0,1,1,51,49-72 meses,One year,Electronic check,DSL,56.15,2898.95,No,0.2357,Bajo,0.0
4006-HKYHO,1,0,0,0,63,49-72 meses,Two year,Bank transfer (automatic),DSL,86.7,5309.5,No,0.052,Bajo,0.0
3727-JEZTU,0,0,0,0,1,0-12 meses,Month-to-month,Mailed check,No,20.4,20.4,No,0.5467,Medio,0.0
8143-ETQTI,0,0,1,1,23,13-24 meses,Two year,Mailed check,No,19.65,451.55,No,0.0527,Bajo,0.0
6689-KXGBO,0,0,0,0,1,0-12 meses,Month-to-month,Electronic check,DSL,50.55,50.55,Yes,0.6898,Alto,50.55
9667-TKTVZ,0,0,0,0,2,0-12 meses,Month-to-month,Mailed check,DSL,54.35,117.05,No,0.6544,Alto,54.35
3657-COGMW,0,1,0,0,52,49-72 meses,Month-to-month,Credit card (automatic),Fiber optic,108.1,5839.3,No,0.422,Medio,0.0
8570-KLJYJ,0,0,0,0,36,25-48 meses,One year,Mailed check,DSL,54.45,1893.5,No,0.1544,Bajo,0.0
7754-IXRMC,0,0,0,0,1,0-12 meses,Month-to-month,Mailed check,DSL,45.35,45.35,No,0.7201,Alto,45.35
9473-CBZOP,0,0,0,0,28,25-48 meses,One year,Mailed check,DSL,59.0,1654.45,No,0.173,Bajo,0.0
2969-WGHQO,0,0,1,1,7,0-12 meses,One year,Electronic check,DSL,69.45,477.05,No,0.4233,Medio,0.0
6615-NGGZJ,1,0,0,0,14,13-24 meses,Month-to-month,Electronic check,Fiber optic,100.55,1415.55,Yes,0.8302,Alto,100.55
4334-HOWRP,1,1,1,0,72,49-72 meses,Two year,Credit card (automatic),DSL,64.95,4546.0,No,0.0655,Bajo,0.0
4255-DDUOU,0,0,1,1,1,0-12 meses,Month-to-month,Mailed check,No,20.5,20.5,Yes,0.5109,Medio,0.0
5863-OOKCL,0,0,0,0,10,0-12 meses,Month-to-month,Mailed check,No,18.85,163.2,No,0.1895,Bajo,0.0
1686-STUHN,1,0,0,0,42,25-48 meses,One year,Bank transfer (automatic),No,19.8,849.9,No,0.0617,Bajo,0.0
1329-VHWNP,0,0,0,0,7,0-12 meses,Month-to-month,Bank transfer (automatic),DSL,25.05,189.95,No,0.5787,Medio,0.0
2984-MIIZL,1,0,0,0,4,0-12 meses,Month-to-month,Bank transfer (automatic),Fiber optic,74.8,321.9,Yes,0.8161,Alto,74.8
0266-GMEAO,1,0,1,1,72,49-72 meses,Two year,Credit card (automatic),Fiber optic,114.3,8058.55,No,0.0867,Bajo,0.0
5590-YRFJT,0,0,1,0,20,13-24 meses,Month-to-month,Electronic check,DSL,24.45,482.8,Yes,0.5667,Medio,0.0
5574-NXZIU,1,0,0,0,63,49-72 meses,Two year,Credit card (automatic),Fiber optic,109.2,7049.75,No,0.2431,Bajo,0.0
0019-GFNTW,0,0,0,0,56,49-72 meses,Two year,Bank transfer (automatic),DSL,45.05,2560.1,No,0.0746,Bajo,0.0
4256-ZWTZI,0,0,0,1,5,0-12 meses,Month-to-month,Mailed check,DSL,51.0,286.8,No,0.5622,Medio,0.0
8309-PPCED,0,0,1,0,72,49-72 meses,Two year,Bank transfer (automatic),Fiber optic,110.45,7982.5,No,0.161,Bajo,0.0
4098-NAUKP,1,1,1,1,68,49-72 meses,Month-to-month,Electronic check,Fiber optic,84.65,5683.6,No,0.5033,Medio,0.0
5196-WPYOW,1,0,1,1,67,49-72 meses,One year,Mailed check,DSL,60.05,3994.05,No,0.1129,Bajo,0.0
4608-LCIMN,1,0,1,1,8,0-12 meses,Month-to-month,Bank transfer (automatic),DSL,44.65,369.15,No,0.4976,Medio,0.0
1485-YDHMM,1,0,1,1,52,49-72 meses,Month-to-month,Bank transfer (automatic),Fiber optic,93.25,4631.7,No,0.4157,Medio,0.0
4054-CUMIA,0,0,1,1,18,13-24 meses,Month-to-month,Mailed check,No,20.25,401.95,No,0.1668,Bajo,0.0
0603-TPMIB,0,0,1,1,59,49-72 meses,Two year,Mailed check,No,25.45,1534.05,No,0.032,Bajo,0.0
2525-GVKQU,0,0,0,0,60,49-72 meses,Two year,Mailed check,No,20.6,1093.0,No,0.0497,Bajo,0.0
8161-QYMTT,1,0,0,0,7,0-12 meses,Month-to-month,Electronic check,Fiber optic,94.1,701.3,No,0.8992,Alto,94.1
9581-GVBXT,1,0,1,1,59,49-72 meses,One year,Mailed check,DSL,34.8,1980.3,No,0.1682,Bajo,0.0
5862-BRIXZ,1,0,0,0,46,25-48 meses,Two year,Bank transfer (automatic),DSL,60.75,2893.4,No,0.0701,Bajo,0.0
5404-GGUKR,1,0,0,0,5,0-12 meses,Month-to-month,Electronic check,DSL,51.35,262.3,No,0.6565,Alto,51.35
3308-JSGML,1,1,1,0,59,49-72 meses,Two year,Credit card (automatic),DSL,64.05,3886.85,No,0.0814,Bajo,0.0
2126-GSEGL,0,0,1,0,70,49-72 meses,Two year,Bank transfer (automatic),DSL,84.8,5917.55,No,0.0684,Bajo,0.0
3677-TNKIO,0,0,0,0,14,13-24 meses,Month-to-month,Credit card (automatic),Fiber optic,71.0,914.0,Yes,0.6725,Alto,71.0
0440-QEXBZ,0,0,0,0,44,25-48 meses,Month-to-month,Mailed check,DSL,50.15,2139.1,No,0.3109,Medio,0.0
2434-EEVDB,0,0,1,0,64,49-72 meses,Two year,Credit card (automatic),Fiber optic,94.6,5948.7,No,0.2098,Bajo,0.0
6762-QVYJO,0,0,1,1,58,49-72 meses,Two year,Mailed check,DSL,59.75,3624.35,No,0.0329,Bajo,0.0
6199-IWKGC,0,1,1,0,46,25-48 meses,One year,Electronic check,Fiber optic,100.25,4753.85,No,0.4807,Medio,0.0
2675-DHUTR,1,1,1,0,58,49-72 meses,Month-to-month,Electronic check,Fiber optic,98.9,5780.7,No,0.643,Alto,98.9
8152-VETUR,0,0,1,0,72,49-72 meses,Two year,Credit card (automatic),Fiber optic,97.7,6869.7,No,0.2376,Bajo,0.0
9667-EQRXU,0,1,0,0,30,25-48 meses,Month-to-month,Electronic check,DSL,40.3,1172.95,Yes,0.5418,Medio,0.0
7446-YPODE,1,1,0,0,11,0-12 meses,Month-to-month,Bank transfer (automatic),DSL,60.25,662.95,No,0.3874,Medio,0.0
9522-BNTHX,0,1,0,0,34,25-48 meses,Month-to-month,Electronic check,DSL,56.25,1765.95,No,0.4909,Medio,0.0
4676-WLUHT,1,0,0,0,54,49-72 meses,Two year,Bank transfer (automatic),DSL,46.2,2431.95,No,0.118,Bajo,0.0
3329-WDIOK,0,0,0,0,3,0-12 meses,Month-to-month,Electronic check,DSL,50.6,155.35,Yes,0.7249,Alto,50.6
7980-MHFLQ,0,0,1,1,72,49-72 meses,Two year,Mailed check,No,24.9,1859.2,No,0.0206,Bajo,0.0
2873-ZLIWT,0,0,1,1,40,25-48 meses,Month-to-month,Electronic check,Fiber optic,84.85,3303.05,Yes,0.6173,Alto,84.85
3415-TAILE,0,0,1,1,2,0-12 meses,Month-to-month,Mailed check,DSL,65.7,134.35,Yes,0.6194,Alto,65.7
0757-WCUUZ,1,0,1,1,54,49-72 meses,Two year,Credit card (automatic),DSL,63.35,3409.1,No,0.1143,Bajo,0.0
1629-DQQVB,0,0,0,0,14,13-24 meses,Month-to-month,Bank transfer (automatic),DSL,50.1,709.5,No,0.3751,Medio,0.0
1915-IOFGU,0,0,0,0,1,0-12 meses,Month-to-month,Electronic check,Fiber optic,70.5,70.5,Yes,0.8608,Alto,70.5
3045-XETSH,0,0,0,0,10,0-12 meses,Month-to-month,Electronic check,Fiber optic,94.85,953.45,Yes,0.8629,Alto,94.85
0374-AACSZ,0,0,0,0,1,0-12 meses,Month-to-month,Electronic check,DSL,50.15,50.15,No,0.6674,Alto,50.15
7239-HZZCX,1,0,0,0,1,0-12 meses,Month-to-month,Mailed check,No,19.75,19.75,Yes,0.5339,Medio,0.0
4872-VXRIL,1,0,0,0,56,49-72 meses,One year,Bank transfer (automatic),DSL,64.65,3665.55,No,0.1292,Bajo,0.0
9140-CZQZZ,0,0,1,0,68,49-72 meses,Two year,Bank transfer (automatic),DSL,79.6,5515.8,No,0.0685,Bajo,0.0
3423-HHXAO,0,0,1,1,14,13-24 meses,One year,Mailed check,No,19.5,272.0,No,0.1339,Bajo,0.0
9938-TKDGL,1,0,1,1,68,49-72 meses,Two year,Electronic check,Fiber optic,99.55,6668.0,No,0.2396,Bajo,0.0
0531-ZZJWQ,1,1,1,0,55,49-72 meses,Month-to-month,Electronic check,Fiber optic,74.0,4052.4,No,0.6338,Alto,74.0
6537-QLGEX,0,0,0,0,16,13-24 meses,Month-to-month,Electronic check,DSL,38.9,664.4,No,0.55,Medio,0.0
2688-BHGOG,1,1,0,0,9,0-12 meses,Month-to-month,Electronic check,Fiber optic,79.55,718.55,No,0.8332,Alto,79.55
7683-CBDKJ,1,0,1,1,14,13-24 meses,Month-to-month,Electronic check,DSL,65.45,937.6,Yes,0.4482,Medio,0.0
0946-CLJTI,1,1,1,0,58,49-72 meses,Month-to-month,Electronic check,Fiber optic,98.7,5812.6,Yes,0.6685,Alto,98.7
3160-TYXLT,1,0,0,0,53,49-72 meses,Month-to-month,Bank transfer (automatic),DSL,46.3,2546.85,No,0.3012,Medio,0.0
1325-USMEC,1,0,1,0,70,49-72 meses,Two year,Credit card (automatic),Fiber optic,99.35,6944.5,No,0.1777,Bajo,0.0
0916-QOFDP,0,1,1,1,14,13-24 meses,Month-to-month,Electronic check,Fiber optic,95.8,1346.3,No,0.8203,Alto,95.8
0628-CNQRM,1,0,1,1,22,13-24 meses,One year,Bank transfer (automatic),DSL,67.5,1544.05,Yes,0.2345,Bajo,0.0
5606-AMZBO,0,0,1,0,10,0-12 meses,Month-to-month,Credit card (automatic),Fiber optic,78.15,765.15,No,0.6897,Alto,78.15
6199-IPCAO,0,0,1,1,29,25-48 meses,Two year,Mailed check,No,26.1,692.55,No,0.0677,Bajo,0.0
7665-TOALD,0,0,0,0,1,0-12 meses,Month-to-month,Electronic check,Fiber optic,69.6,69.6,Yes,0.8927,Alto,69.6
0112-QWPNC,1,0,1,0,49,49-72 meses,One year,Electronic check,DSL,84.35,4059.35,Yes,0.289,Bajo,0.0
0324-BRPCJ,0,1,1,0,68,49-72 meses,Month-to-month,Electronic check,Fiber optic,100.2,6851.65,Yes,0.6062,Alto,100.2
2777-PHDEI,0,0,0,0,1,0-12 meses,Month-to-month,Electronic check,Fiber optic,78.05,78.05,Yes,0.8761,Alto,78.05
5640-CAXOA,0,0,0,0,30,25-48 meses,One year,Credit card (automatic),DSL,40.35,1187.05,No,0.3083,Medio,0.0
2235-EZAIK,0,0,1,0,72,49-72 meses,Two year,Credit card (automatic),DSL,79.2,5401.9,No,0.062,Bajo,0.0
3847-BAERP,0,0,0,0,10,0-12 meses,Month-to-month,Mailed check,No,20.9,247.0,No,0.189,Bajo,0.0
1196-AMORA,1,0,0,0,7,0-12 meses,Month-to-month,Electronic check,Fiber optic,73.6,520.0,Yes,0.7984,Alto,73.6
4282-YMKNA,0,0,0,0,9,0-12 meses,Month-to-month,Electronic check,Fiber optic,74.75,706.6,Yes,0.8324,Alto,74.75
1453-RZFON,0,0,0,1,1,0-12 meses,Month-to-month,Mailed check,DSL,49.9,49.9,No,0.5905,Medio,0.0
8263-OKETD,0,0,0,0,20,13-24 meses,Month-to-month,Credit card (automatic),DSL,68.9,1370.35,No,0.3728,Medio,0.0
0670-KDOMA,0,0,0,0,1,0-12 meses,Month-to-month,Mailed check,No,20.25,20.25,No,0.5958,Medio,0.0
2476-YGEFM,0,0,0,0,29,25-48 meses,Month-to-month,Credit card (automatic),Fiber optic,76.0,2215.25,No,0.5668,Medio,0.0
8687-BAFGU,1,0,0,0,1,0-12 meses,Month-to-month,Electronic check,Fiber optic,74.0,74.0,No,0.7915,Alto,74.0
0641-EVBOJ,1,0,0,0,3,0-12 meses,Month-to-month,Mailed check,Fiber optic,82.3,214.4,No,0.71,Alto,82.3
0829-XXPLX,0,0,0,0,20,13-24 meses,Month-to-month,Bank transfer (automatic),Fiber optic,89.4,1871.15,No,0.5884,Medio,0.0
9974-JFBHQ,1,0,0,1,64,49-72 meses,Month-to-month,Credit card (automatic),Fiber optic,99.15,6171.2,No,0.3808,Medio,0.0
5356-RHIPP,1,0,0,0,1,0-12 meses,Month-to-month,Mailed check,No,20.2,20.2,Yes,0.5853,Medio,0.0
6624-JDRDS,0,0,0,0,6,0-12 meses,Month-to-month,Bank transfer (automatic),DSL,29.45,161.45,No,0.5056,Medio,0.0
0608-JDVEC,1,0,1,0,50,49-72 meses,Two year,Electronic check,No,19.8,1013.2,No,0.0654,Bajo,0.0
9780-FKVVF,1,0,0,0,6,0-12 meses,Month-to-month,Bank transfer (automatic),DSL,59.15,336.7,No,0.4632,Medio,0.0
1919-RTPQD,1,0,1,1,7,0-12 meses,Month-to-month,Electronic check,DSL,44.75,333.65,No,0.6204,Alto,44.75
5214-NLTIT,1,0,1,1,72,49-72 meses,Two year,Credit card (automatic),Fiber optic,90.8,6511.8,No,0.2241,Bajo,0.0
3345-PBBFH,1,0,1,0,8,0-12 meses,Month-to-month,Bank transfer (automatic),DSL,49.55,393.45,No,0.5084,Medio,0.0
5055-BRMNE,0,0,1,1,67,49-72 meses,Two year,Credit card (automatic),Fiber optic,106.7,7009.5,No,0.2216,Bajo,0.0
9189-JWSHV,0,1,1,0,24,13-24 meses,Month-to-month,Electronic check,Fiber optic,93.55,2264.05,Yes,0.7732,Alto,93.55
2190-PHBHR,0,0,1,0,72,49-72 meses,Two year,Credit card (automatic),Fiber optic,94.45,6921.7,No,0.1667,Bajo,0.0
2650-GYRYL,1,0,1,1,33,25-48 meses,One year,Bank transfer (automatic),No,19.45,600.25,No,0.0552,Bajo,0.0
0746-JTRFU,1,0,0,0,2,0-12 meses,Month-to-month,Electronic check,DSL,25.05,56.35,Yes,0.7975,Alto,25.05
5208-FVQKB,1,0,1,0,70,49-72 meses,Two year,Mailed check,DSL,67.95,4664.15,No,0.0522,Bajo,0.0
7184-LRUUR,0,0,0,0,22,13-24 meses,One year,Bank transfer (automatic),DSL,65.25,1441.8,No,0.2925,Bajo,0.0
6627-CFOSN,0,0,0,0,59,49-72 meses,Month-to-month,Bank transfer (automatic),Fiber optic,99.45,5623.7,No,0.4161,Medio,0.0
3982-JGSFD,1,0,0,0,36,25-48 meses,One year,Credit card (automatic),No,20.35,695.85,No,0.0482,Bajo,0.0
1574-DYCWE,0,0,1,1,51,49-72 meses,Two year,Mailed check,No,19.95,1028.75,No,0.0258,Bajo,0.0
7247-XOZPB,1,0,1,0,53,49-72 meses,One year,Bank transfer (automatic),DSL,77.4,4155.95,No,0.1474,Bajo,0.0
2466-FCCPT,0,0,1,1,20,13-24 meses,One year,Bank transfer (automatic),No,19.7,395.6,No,0.1158,Bajo,0.0
6211-WWLTF,1,0,1,0,63,49-72 meses,Two year,Credit card (automatic),Fiber optic,99.7,6330.4,No,0.1965,Bajo,0.0
4826-TZEVA,0,0,0,0,40,25-48 meses,Month-to-month,Credit card (automatic),Fiber optic,74.8,2971.7,No,0.4527,Medio,0.0
6016-NXBNJ,1,0,0,0,35,25-48 meses,One year,Mailed check,No,19.15,638.0,No,0.0665,Bajo,0.0
9138-EFSMO,1,0,1,1,26,25-48 meses,One year,Bank transfer (automatic),Fiber optic,78.95,2034.25,No,0.3918,Medio,0.0
0576-WNXXC,1,1,1,0,27,25-48 meses,Month-to-month,Electronic check,Fiber optic,95.55,2510.2,Yes,0.7497,Alto,95.55
4632-XJMEX,1,0,0,1,53,49-72 meses,One year,Credit card (automatic),DSL,62.85,3419.5,No,0.1215,Bajo,0.0
8910-LEDAG,1,1,1,0,34,25-48 meses,Month-to-month,Credit card (automatic),Fiber optic,71.55,2427.35,No,0.5357,Medio,0.0
3452-GWUIN,0,1,1,0,19,13-24 meses,Month-to-month,Electronic check,Fiber optic,94.95,1760.25,No,0.7857,Alto,94.95
2716-GFZOR,1,0,1,0,43,25-48 meses,Month-to-month,Credit card (automatic),Fiber optic,86.1,3551.65,No,0.4071,Medio,0.0
3724-UCSHY,1,0,1,1,6,0-12 meses,Month-to-month,Mailed check,No,19.55,122.9,No,0.1585,Bajo,0.0
8626-XHBIE,1,0,0,1,56,49-72 meses,Two year,Mailed check,No,24.8,1424.2,No,0.0599,Bajo,0.0
4628-CTTLA,1,0,0,0,57,49-72 meses,Month-to-month,Electronic check,DSL,39.3,2111.45,Yes,0.4715,Medio,0.0
3192-LNKRK,1,0,1,1,34,25-48 meses,Month-to-month,Mailed check,Fiber optic,84.05,2909.95,No,0.5449,Medio,0.0
4439-YRNVD,0,0,0,0,10,0-12 meses,Month-to-month,Electronic check,DSL,36.25,374.0,No,0.5176,Medio,0.0
2876-VBBBL,0,0,0,0,1,0-12 meses,Month-to-month,Mailed check,No,20.25,20.25,Yes,0.5958,Medio,0.0
6834-NXDCA,0,0,0,0,13,13-24 meses,Month-to-month,Electronic check,DSL,23.9,300.8,Yes,0.618,Alto,23.9
2208-UGTGR,1,0,0,0,56,49-72 meses,Month-to-month,Electronic check,Fiber optic,98.6,5581.05,No,0.5673,Medio,0.0
3005-TYFRD,0,0,1,0,55,49-72 meses,Month-to-month,Credit card (automatic),Fiber optic,103.65,5676.65,No,0.5362,Medio,0.0
8670-MEFCP,0,0,1,1,36,25-48 meses,Two year,Credit card (automatic),DSL,92.9,3379.25,No,0.0967,Bajo,0.0
3079-BCHLN,1,0,1,0,47,25-48 meses,One year,Bank transfer (automatic),No,19.9,942.95,No,0.0676,Bajo,0.0
7777-UNYHB,0,0,1,1,12,0-12 meses,Month-to-month,Credit card (automatic),No,20.1,232.4,No,0.2068,Bajo,0.0
5597-GLBUC,0,0,0,0,1,0-12 meses,Month-to-month,Electronic check,Fiber optic,85.45,85.45,Yes,0.9081,Alto,85.45
7278-CKDNC,1,1,0,0,24,13-24 meses,Month-to-month,Electronic check,Fiber optic,80.5,2088.45,No,0.7422,Alto,80.5
2748-MYRVK,0,0,0,0,63,49-72 meses,One year,Bank transfer (automatic),Fiber optic,99.9,6137.0,Yes,0.3819,Medio,0.0
8450-UYIBU,0,1,0,0,35,25-48 meses,Month-to-month,Electronic check,DSL,39.85,1434.6,No,0.499,Medio,0.0
2969-VAPYH,0,0,0,0,67,49-72 meses,One year,Credit card (automatic),DSL,60.5,3870.0,No,0.1295,Bajo,0.0
4822-YCXMX,1,0,0,0,25,25-48 meses,Month-to-month,Electronic check,Fiber optic,84.8,2043.45,Yes,0.7488,Alto,84.8
7181-OQCUT,1,0,0,0,21,13-24 meses,Month-to-month,Mailed check,Fiber optic,103.85,2215.0,No,0.5981,Medio,0.0
8474-UMLNT,0,0,0,0,13,13-24 meses,Month-to-month,Bank transfer (automatic),DSL,67.8,842.25,No,0.3345,Medio,0.0
9821-POOTN,1,0,1,0,35,25-48 meses,Month-to-month,Electronic check,Fiber optic,75.2,2576.2,Yes,0.6978,Alto,75.2
3836-FZSDJ,1,1,1,0,71,49-72 meses,Two year,Bank transfer (automatic),No,24.85,1901.0,No,0.0343,Bajo,0.0
9142-XMYJH,0,0,0,0,29,25-48 meses,Month-to-month,Credit card (automatic),No,19.35,601.6,No,0.1303,Bajo,0.0
6559-ILWKJ,1,0,1,0,71,49-72 meses,Two year,Electronic check,DSL,49.35,3515.25,Yes,0.2922,Bajo,0.0
0187-QSXOE,1,1,1,0,7,0-12 meses,Month-to-month,Electronic check,Fiber optic,89.0,605.45,No,0.8627,Alto,89.0
7733-UDMTP,0,1,0,0,57,49-72 meses,Month-to-month,Electronic check,DSL,55.0,3094.05,No,0.4805,Medio,0.0
2649-HWLYB,1,0,1,0,65,49-72 meses,Two year,Bank transfer (automatic),DSL,76.15,4929.55,No,0.0905,Bajo,0.0
5214-CHIWJ,1,0,0,0,27,25-48 meses,One year,Mailed check,No,20.3,595.05,No,0.0528,Bajo,0.0
4229-CZMLL,1,0,0,0,6,0-12 meses,Month-to-month,Electronic check,Fiber optic,74.9,469.8,Yes,0.8577,Alto,74.9
6904-JLBGY,0,1,0,0,72,49-72 meses,Two year,Credit card (automatic),Fiber optic,117.35,8436.25,No,0.1033,Bajo,0.0
2465-BLLEU,1,0,0,0,1,0-12 meses,Month-to-month,Mailed check,No,19.75,19.75,No,0.5675,Medio,0.0
1685-VAYJF,1,0,0,0,11,0-12 meses,Month-to-month,Credit card (automatic),DSL,45.2,492.0,No,0.4644,Medio,0.0
8874-EJNSR,1,0,1,1,39,25-48 meses,Two year,Mailed check,No,25.2,987.95,No,0.0366,Bajo,0.0
6917-YACBP,0,1,0,0,59,49-72 meses,Month-to-month,Electronic check,Fiber optic,89.75,5496.9,No,0.4355,Medio,0.0
5049-MUBWG,1,0,0,0,26,25-48 meses,One year,Bank transfer (automatic),DSL,75.0,1908.35,No,0.2087,Bajo,0.0
4223-WOZCM,1,1,0,0,2,0-12 meses,Month-to-month,Mailed check,DSL,49.95,107.1,No,0.6889,Alto,49.95
0769-MURVM,0,0,1,1,72,49-72 meses,Two year,Bank transfer (automatic),DSL,65.7,4575.35,No,0.0317,Bajo,0.0
9253-VIFJQ,1,0,1,0,65,49-72 meses,One year,Credit card (automatic),DSL,67.05,4309.55,No,0.178,Bajo,0.0
7030-FZTFM,1,0,1,1,72,49-72 meses,Two year,Credit card (automatic),Fiber optic,110.9,7922.75,No,0.1347,Bajo,0.0
9741-YLNTD,1,0,0,0,6,0-12 meses,Month-to-month,Bank transfer (automatic),Fiber optic,87.95,522.35,No,0.8203,Alto,87.95
5917-RYRMG,1,1,0,0,32,25-48 meses,One year,Credit card (automatic),No,19.8,587.7,No,0.0527,Bajo,0.0
5120-ZBLAI,0,0,1,0,50,49-72 meses,One year,Bank transfer (automatic),DSL,75.7,3876.2,No,0.2171,Bajo,0.0
1194-BHJYC,1,0,1,0,61,49-72 meses,Two year,Mailed check,DSL,62.15,3778.85,No,0.035,Bajo,0.0
3663-MITLP,0,0,0,0,15,13-24 meses,Month-to-month,Electronic check,Fiber optic,101.25,1457.25,Yes,0.7757,Alto,101.25
0906-QVPMS,1,0,1,0,72,49-72 meses,Two year,Bank transfer (automatic),Fiber optic,115.15,8349.45,No,0.1031,Bajo,0.0
9025-ZRPVR,1,0,0,0,9,0-12 meses,Month-to-month,Mailed check,No,18.95,185.6,Yes,0.1857,Bajo,0.0
1905-OEILC,0,0,0,0,1,0-12 meses,Month-to-month,Mailed check,No,19.5,19.5,No,0.5275,Medio,0.0
7858-GTZSP,0,0,0,0,12,0-12 meses,Month-to-month,Electronic check,Fiber optic,86.55,1066.9,No,0.8295,Alto,86.55
3285-UCQVC,0,0,0,0,37,25-48 meses,Month-to-month,Credit card (automatic),DSL,28.6,973.55,Yes,0.3662,Medio,0.0
6248-BSHKG,1,0,1,1,61,49-72 meses,One year,Mailed check,No,20.4,1226.45,No,0.0489,Bajo,0.0
4685-TFLLS,1,0,1,1,18,13-24 meses,One year,Bank transfer (automatic),No,19.8,342.3,No,0.1252,Bajo,0.0
3470-BTGQO,1,0,0,1,21,13-24 meses,Month-to-month,Mailed check,DSL,45.65,985.05,No,0.38,Medio,0.0
1209-VFFOC,1,0,1,1,68,49-72 meses,Two year,Mailed check,DSL,56.4,3948.45,No,0.025,Bajo,0.0
8224-DWCKX,1,1,0,0,12,0-12 meses,Month-to-month,Credit card (automatic),Fiber optic,73.3,828.05,No,0.7141,Alto,73.3
5482-PLVPE,0,1,0,0,2,0-12 meses,Month-to-month,Electronic check,DSL,24.35,41.85,Yes,0.7477,Alto,24.35
4553-DVPZG,0,0,1,0,62,49-72 meses,Month-to-month,Electronic check,Fiber optic,101.35,6164.7,No,0.6174,Alto,101.35
4902-OHLSK,0,1,0,0,29,25-48 meses,Month-to-month,Electronic check,Fiber optic,98.65,2862.75,Yes,0.6731,Alto,98.65
6917-IAYHD,1,0,0,1,1,0-12 meses,Month-to-month,Mailed check,DSL,33.6,33.6,No,0.6074,Alto,33.6
0495-ZBNGW,1,1,1,0,5,0-12 meses,Month-to-month,Bank transfer (automatic),Fiber optic,79.9,343.95,Yes,0.8524,Alto,79.9
8620-RJPZN,0,0,0,0,1,0-12 meses,Month-to-month,Electronic check,No,20.7,20.7,No,0.4594,Medio,0.0
7572-KPVKK,1,0,0,1,62,49-72 meses,Two year,Electronic check,Fiber optic,104.05,6590.5,No,0.3549,Medio,0.0
2642-MAWLJ,0,0,1,1,36,25-48 meses,Two year,Bank transfer (automatic),No,20.25,717.95,No,0.0276,Bajo,0.0
2357-COQEK,0,1,0,0,28,25-48 meses,Month-to-month,Electronic check,Fiber optic,103.3,2890.65,Yes,0.7202,Alto,103.3
7103-ZGVNT,0,0,1,1,69,49-72 meses,One year,Credit card (automatic),DSL,73.7,4885.85,No,0.1303,Bajo,0.0
3737-GCSPV,0,0,1,0,11,0-12 meses,Month-to-month,Credit card (automatic),Fiber optic,96.2,1222.05,Yes,0.6958,Alto,96.2
2027-WKXMW,0,0,1,0,63,49-72 meses,Month-to-month,Electronic check,Fiber optic,108.75,6871.7,No,0.5178,Medio,0.0
7137-NAXML,1,0,0,0,23,13-24 meses,One year,Bank transfer (automatic),No,20.15,405.6,No,0.0937,Bajo,0.0
2428-ZMCTB,1,0,0,0,10,0-12 meses,Month-to-month,Credit card (automatic),No,19.75,208.25,No,0.2163,Bajo,0.0
2961-VNFKL,0,0,1,0,71,49-72 meses,Two year,Credit card (automatic),No,25.95,1801.9,No,0.048,Bajo,0.0
1768-HNVGJ,0,1,0,0,45,25-48 meses,Month-to-month,Electronic check,DSL,70.05,3062.45,No,0.3337,Medio,0.0
6963-KQYQB,0,0,1,1,70,49-72 meses,Two year,Mailed check,No,24.05,1764.75,No,0.0239,Bajo,0.0
5934-RMPOV,0,0,0,1,22,13-24 meses,Month-to-month,Electronic check,Fiber optic,84.75,1816.75,No,0.748,Alto,84.75
1207-BLKSA,0,0,1,1,52,49-72 meses,Two year,Mailed check,No,23.05,1255.1,No,0.0326,Bajo,0.0
4088-YLDSU,1,0,1,0,55,49-72 meses,One year,Electronic check,Fiber optic,104.15,5743.05,Yes,0.547,Medio,0.0
8316-BBQAY,0,0,0,0,65,49-72 meses,Two year,Credit card (automatic),DSL,59.95,3921.1,No,0.0551,Bajo,0.0
1166-PQLGG,0,0,1,1,72,49-72 meses,Two year,Bank transfer (automatic),No,19.55,1463.45,No,0.0285,Bajo,0.0
3146-JTQHR,1,0,1,0,10,0-12 meses,One year,Bank transfer (automatic),No,19.6,189.45,No,0.1389,Bajo,0.0
4291-YZODP,0,0,0,1,7,0-12 meses,One year,Mailed check,No,20.05,96.8,No,0.1797,Bajo,0.0
4395-PZMSN,1,1,0,0,5,0-12 meses,Month-to-month,Electronic check,Fiber optic,85.55,408.5,No,0.854,Alto,85.55
6427-FEFIG,0,0,1,1,24,13-24 meses,Two year,Credit card (automatic),DSL,78.6,1846.65,No,0.1306,Bajo,0.0
0017-IUDMW,0,0,1,1,72,49-72 meses,Two year,Credit card (automatic),Fiber optic,116.8,8456.75,No,0.077,Bajo,0.0
8706-HRADD,1,0,0,0,21,13-24 meses,Month-to-month,Mailed check,DSL,43.55,1011.5,No,0.3751,Medio,0.0
9955-QOPOY,1,0,1,0,69,49-72 meses,One year,Credit card (automatic),DSL,60.8,4263.4,No,0.1641,Bajo,0.0
4385-ZKVNW,1,0,1,1,44,25-48 meses,Month-to-month,Bank transfer (automatic),DSL,54.9,2549.1,No,0.2752,Bajo,0.0
5446-DKWYW,0,1,1,1,61,49-72 meses,One year,Electronic check,DSL,65.2,3965.05,No,0.2691,Bajo,0.0
2034-CGRHZ,1,1,0,0,24,13-24 meses,Month-to-month,Credit card (automatic),Fiber optic,102.95,2496.7,Yes,0.6877,Alto,102.95
5797-APWZC,0,0,0,0,1,0-12 meses,Month-to-month,Electronic check,Fiber optic,90.6,90.6,Yes,0.8845,Alto,90.6
3683-QKIUE,0,0,0,0,6,0-12 meses,Month-to-month,Bank transfer (automatic),DSL,50.8,288.05,Yes,0.5759,Medio,0.0
4228-ZGYUW,1,0,0,0,4,0-12 meses,Month-to-month,Electronic check,Fiber optic,90.05,368.1,Yes,0.886,Alto,90.05
9031-ZVQPT,1,0,1,0,72,49-72 meses,Two year,Electronic check,Fiber optic,108.2,7840.6,No,0.2489,Bajo,0.0
2990-IAJSV,1,0,0,0,72,49-72 meses,Two year,Bank transfer (automatic),DSL,92.0,6632.75,No,0.0386,Bajo,0.0
8107-KNCIM,1,1,1,0,14,13-24 meses,Month-to-month,Electronic check,Fiber optic,75.1,1013.35,No,0.7869,Alto,75.1
9027-YFHQJ,1,0,0,0,7,0-12 meses,Month-to-month,Bank transfer (automatic),No,25.05,152.95,No,0.2288,Bajo,0.0
5176-LDKUH,0,0,0,0,48,25-48 meses,One year,Electronic check,Fiber optic,75.15,3772.65,No,0.3678,Medio,0.0
4644-OBGFZ,1,0,1,1,55,49-72 meses,One year,Mailed check,No,19.5,1026.35,No,0.0586,Bajo,0.0
7926-IJOOU,1,0,0,0,1,0-12 meses,Month-to-month,Credit card (automatic),No,19.3,19.3,No,0.4397,Medio,0.0
6480-YAGIY,1,0,0,0,45,25-48 meses,One year,Credit card (automatic),Fiber optic,112.2,5031.85,No,0.356,Medio,0.0
4029-HPFVY,1,0,0,0,3,0-12 meses,Month-to-month,Mailed check,Fiber optic,70.3,220.4,No,0.8154,Alto,70.3
7602-DBTOU,0,0,1,0,71,49-72 meses,Two year,Mailed check,No,19.6,1416.5,No,0.0381,Bajo,0.0
5345-BMKWB,1,0,1,0,8,0-12 meses,Month-to-month,Mailed check,No,20.25,158.35,No,0.2132,Bajo,0.0
3519-ZKXGG,0,0,1,0,3,0-12 meses,Month-to-month,Electronic check,Fiber optic,75.85,256.6,Yes,0.8641,Alto,75.85
5457-COLHT,1,0,1,1,69,49-72 meses,Two year,Bank transfer (automatic),DSL,80.65,5542.55,No,0.0477,Bajo,0.0
6416-TVAIH,1,0,1,1,1,0-12 meses,Month-to-month,Electronic check,Fiber optic,68.5,68.5,Yes,0.8433,Alto,68.5
5451-YHYPW,0,1,1,0,72,49-72 meses,Two year,Credit card (automatic),Fiber optic,115.75,8443.7,No,0.0825,Bajo,0.0
5108-ADXWO,1,0,0,0,11,0-12 meses,Month-to-month,Electronic check,Fiber optic,73.5,791.75,Yes,0.6984,Alto,73.5
7998-WNZEM,1,0,0,0,71,49-72 meses,Two year,Bank transfer (automatic),DSL,80.6,5708.2,No,0.0432,Bajo,0.0
3066-RRJIO,0,0,0,0,1,0-12 meses,Month-to-month,Mailed check,Fiber optic,69.95,69.95,Yes,0.8832,Alto,69.95
4664-NJCMS,0,0,1,0,33,25-48 meses,Two year,Bank transfer (automatic),DSL,59.55,2016.3,No,0.0933,Bajo,0.0
0307-BCOPK,0,0,0,0,16,13-24 meses,One year,Mailed check,No,19.05,326.65,No,0.0894,Bajo,0.0
7629-WFGLW,0,1,1,0,56,49-72 meses,One year,Electronic check,Fiber optic,95.65,5471.75,No,0.3175,Medio,0.0
2542-HYGIQ,0,0,0,0,1,0-12 meses,Month-to-month,Credit card (automatic),No,19.95,19.95,No,0.4942,Medio,0.0
6715-OFDBP,1,0,0,0,5,0-12 meses,Month-to-month,Electronic check,DSL,70.05,346.4,Yes,0.7105,Alto,70.05
5016-LIPDW,1,0,1,1,57,49-72 meses,One year,Mailed check,No,19.4,1061.6,No,0.0601,Bajo,0.0
6481-LXPWL,1,0,1,1,56,49-72 meses,One year,Credit card (automatic),DSL,36.1,1971.5,No,0.2787,Bajo,0.0
1567-DSCIC,1,0,0,0,8,0-12 meses,Month-to-month,Electronic check,Fiber optic,94.0,773.65,Yes,0.8755,Alto,94.0
2150-UWTFY,0,0,1,1,22,13-24 meses,Month-to-month,Mailed check,DSL,61.15,1422.05,Yes,0.3139,Medio,0.0
6124-ACRHJ,0,0,0,0,1,0-12 meses,Month-to-month,Mailed check,No,19.75,19.75,No,0.5467,Medio,0.0
9362-MWODR,0,0,0,1,40,25-48 meses,Month-to-month,Credit card (automatic),DSL,64.1,2460.35,No,0.2411,Bajo,0.0
9975-GPKZU,1,0,1,1,46,25-48 meses,Two year,Credit card (automatic),No,19.75,856.5,No,0.0209,Bajo,0.0
9625-RZFUK,1,0,1,1,63,49-72 meses,Two year,Mailed check,No,19.7,1275.85,No,0.0316,Bajo,0.0
5153-LXKDT,1,0,1,1,68,49-72 meses,Two year,Electronic check,Fiber optic,110.2,7467.5,No,0.2977,Bajo,0.0
5161-UBZXI,1,0,1,1,69,49-72 meses,Two year,Credit card (automatic),Fiber optic,106.35,7261.75,No,0.2079,Bajo,0.0
1020-JPQOW,0,0,1,0,56,49-72 meses,Month-to-month,Electronic check,Fiber optic,90.55,5116.6,No,0.4062,Medio,0.0
7919-ZODZZ,0,0,1,1,10,0-12 meses,One year,Mailed check,DSL,65.9,660.05,No,0.4009,Medio,0.0
0565-JUPYD,1,0,0,0,63,49-72 meses,One year,Credit card (automatic),Fiber optic,104.5,6590.8,No,0.2775,Bajo,0.0
6867-ACCZI,0,0,1,1,24,13-24 meses,Two year,Mailed check,DSL,52.5,1208.15,No,0.1133,Bajo,0.0
5939-XAIXZ,0,0,0,0,19,13-24 meses,Month-to-month,Mailed check,DSL,56.1,1033.9,No,0.4615,Medio,0.0
9054-FOWNV,1,0,1,1,22,13-24 meses,Month-to-month,Electronic check,Fiber optic,88.75,1885.15,No,0.7331,Alto,88.75
2683-BPJSO,1,0,1,0,29,25-48 meses,Month-to-month,Electronic check,Fiber optic,84.45,2467.1,Yes,0.6321,Alto,84.45
2157-MXBJS,1,0,1,0,13,13-24 meses,One year,Mailed check,DSL,75.3,989.45,Yes,0.4871,Medio,0.0
8207-VVMYB,0,0,1,0,70,49-72 meses,Two year,Bank transfer (automatic),No,26.0,2006.95,No,0.0362,Bajo,0.0
9732-EQMWY,0,0,1,0,49,49-72 meses,Month-to-month,Electronic check,Fiber optic,99.4,5025.0,No,0.5304,Medio,0.0
9360-AHGNL,0,1,1,0,43,25-48 meses,One year,Mailed check,Fiber optic,109.55,4830.25,Yes,0.4734,Medio,0.0
1087-UDSIH,0,0,0,0,3,0-12 meses,Month-to-month,Mailed check,No,19.6,59.75,Yes,0.2497,Bajo,0.0
5269-NRGDP,1,0,1,1,42,25-48 meses,One year,Electronic check,DSL,73.15,3088.25,No,0.2705,Bajo,0.0
6195-MELTI,1,0,0,0,57,49-72 meses,One year,Mailed check,DSL,54.65,3134.7,No,0.2089,Bajo,0.0
5485-WUYWF,1,1,0,0,2,0-12 meses,Month-to-month,Bank transfer (automatic),DSL,66.4,94.55,Yes,0.5717,Medio,0.0
2121-JAFOM,0,0,1,0,72,49-72 meses,Two year,Credit card (automatic),Fiber optic,115.55,8312.4,No,0.0816,Bajo,0.0
8818-DOPVL,0,1,0,0,46,25-48 meses,Month-to-month,Electronic check,Fiber optic,104.45,4863.85,No,0.6716,Alto,104.45
2632-UCGVD,1,1,1,0,66,49-72 meses,Month-to-month,Credit card (automatic),Fiber optic,100.05,6871.9,Yes,0.5172,Medio,0.0
5445-PZWGX,1,0,0,0,62,49-72 meses,One year,Electronic check,Fiber optic,102.0,6529.25,Yes,0.3231,Medio,0.0
1227-UDMZR,0,0,1,0,72,49-72 meses,Two year,Bank transfer (automatic),DSL,91.15,6637.9,No,0.028,Bajo,0.0
5198-HQAEN,1,0,1,1,35,25-48 meses,One year,Electronic check,Fiber optic,89.7,3165.6,No,0.4288,Medio,0.0
9170-CCKOU,1,0,1,0,17,13-24 meses,Month-to-month,Credit card (automatic),Fiber optic,90.2,1454.15,Yes,0.5119,Medio,0.0
2167-FQSTQ,0,0,1,0,72,49-72 meses,Two year,Electronic check,DSL,92.4,6786.1,No,0.0931,Bajo,0.0
2819-GWENI,0,0,1,1,28,25-48 meses,One year,Mailed check,No,19.9,543.0,No,0.054,Bajo,0.0
1043-YCUTE,1,0,1,0,56,49-72 meses,Two year,Credit card (automatic),No,25.15,1327.15,Yes,0.0939,Bajo,0.0
3814-MLAXC,0,0,0,0,31,25-48 meses,Month-to-month,Credit card (automatic),Fiber optic,79.85,2404.15,Yes,0.5196,Medio,0.0
3572-UUHRS,1,0,0,0,45,25-48 meses,One year,Bank transfer (automatic),No,18.85,867.3,No,0.0602,Bajo,0.0
2692-PFYTJ,0,0,0,0,1,0-12 meses,Month-to-month,Mailed check,No,25.75,25.75,No,0.4403,Medio,0.0
1226-UDFZR,0,0,0,0,2,0-12 meses,Month-to-month,Mailed check,DSL,49.6,114.7,Yes,0.6842,Alto,49.6
5955-EPOAZ,0,0,0,0,6,0-12 meses,Month-to-month,Mailed check,No,20.95,109.5,No,0.2268,Bajo,0.0
6821-JPCDC,0,0,1,0,48,25-48 meses,One year,Electronic check,Fiber optic,97.05,4692.95,No,0.4846,Medio,0.0
8815-LMFLX,1,0,1,1,25,25-48 meses,Month-to-month,Bank transfer (automatic),No,25.4,546.85,No,0.1285,Bajo,0.0
9135-HSWOC,1,0,1,1,64,49-72 meses,Two year,Bank transfer (automatic),No,19.7,1274.05,No,0.0303,Bajo,0.0
8582-KRHPJ,1,0,0,0,50,49-72 meses,Month-to-month,Mailed check,DSL,35.0,1782.4,No,0.2765,Bajo,0.0
5811-IWXYM,0,0,1,1,52,49-72 meses,One year,Bank transfer (automatic),Fiber optic,101.25,5301.1,No,0.401,Medio,0.0
7044-YAACC,1,1,1,0,4,0-12 meses,Month-to-month,Electronic check,Fiber optic,70.2,280.35,No,0.8178,Alto,70.2
8189-XRIKE,0,1,0,0,32,25-48 meses,Month-to-month,Electronic check,Fiber optic,90.95,2897.95,No,0.6382,Alto,90.95
1506-YJTYT,1,0,1,1,45,25-48 meses,Two year,Credit card (automatic),DSL,73.85,3371.0,No,0.0699,Bajo,0.0
4123-DVHPH,1,0,1,0,9,0-12 meses,Month-to-month,Electronic check,Fiber optic,88.05,801.3,No,0.7909,Alto,88.05
6425-YQLLO,0,1,1,0,66,49-72 meses,One year,Credit card (automatic),Fiber optic,105.95,6975.25,Yes,0.4074,Medio,0.0
5442-UTCVD,1,0,0,1,3,0-12 meses,Month-to-month,Electronic check,Fiber optic,91.85,257.05,Yes,0.8298,Alto,91.85
2228-BZDEE,0,0,0,0,54,49-72 meses,Two year,Mailed check,No,20.1,1079.45,No,0.0566,Bajo,0.0
7734-DBOAI,0,0,1,1,1,0-12 meses,Month-to-month,Electronic check,DSL,40.1,40.1,Yes,0.6789,Alto,40.1
2789-CZANW,0,0,1,1,64,49-72 meses,Two year,Bank transfer (automatic),Fiber optic,110.3,6997.3,No,0.1766,Bajo,0.0
2091-RFFBA,0,1,0,0,31,25-48 meses,Month-to-month,Electronic check,Fiber optic,73.9,2217.15,Yes,0.7061,Alto,73.9
2114-MGINA,0,0,0,0,14,13-24 meses,Month-to-month,Mailed check,Fiber optic,89.8,1129.1,Yes,0.7698,Alto,89.8
7596-LDUXP,0,0,0,0,12,0-12 meses,One year,Credit card (automatic),Fiber optic,85.15,979.05,No,0.583,Medio,0.0
3740-RLMVT,1,1,1,0,67,49-72 meses,One year,Bank transfer (automatic),DSL,60.95,4119.4,No,0.1787,Bajo,0.0
4489-SNOJF,0,0,1,1,35,25-48 meses,Month-to-month,Electronic check,DSL,72.25,2568.55,Yes,0.3233,Medio,0.0
2192-OZITF,0,0,0,0,45,25-48 meses,Two year,Mailed check,DSL,73.55,3349.1,No,0.0806,Bajo,0.0
5651-CPDND,1,0,0,0,10,0-12 meses,Month-to-month,Mailed check,DSL,46.0,492.1,No,0.4903,Medio,0.0
2186-QZEYA,0,1,0,0,29,25-48 meses,Month-to-month,Bank transfer (automatic),DSL,58.55,1718.95,No,0.3248,Medio,0.0
1131-ALZWV,0,0,0,0,24,13-24 meses,One year,Bank transfer (automatic),No,24.6,605.25,No,0.1202,Bajo,0.0
7729-XBTWX,1,0,1,1,66,49-72 meses,Two year,Mailed check,No,19.75,1344.5,No,0.041,Bajo,0.0
9134-WYRVP,1,0,0,0,51,49-72 meses,One year,Mailed check,Fiber optic,86.35,4267.15,No,0.3192,Medio,0.0
3284-SVCRO,0,0,1,0,45,25-48 meses,Two year,Mailed check,No,25.5,1121.05,No,0.0522,Bajo,0.0
9732-OUYRN,0,0,1,0,49,49-72 meses,One year,Credit card (automatic),No,19.0,918.7,No,0.068,Bajo,0.0
0559-CKHUS,0,0,1,0,29,25-48 meses,Two year,Mailed check,No,19.55,521.8,No,0.0649,Bajo,0.0
2931-SVLTV,1,0,1,1,40,25-48 meses,Month-to-month,Credit card (automatic),Fiber optic,110.1,4469.1,No,0.4535,Medio,0.0
6899-PPEEA,0,1,0,0,37,25-48 meses,Month-to-month,Electronic check,Fiber optic,96.55,3580.3,Yes,0.7422,Alto,96.55
7504-UWHNB,1,0,0,0,25,25-48 meses,Month-to-month,Electronic check,Fiber optic,69.75,1729.35,No,0.5841,Medio,0.0
2582-FFFZR,0,0,0,0,22,13-24 meses,Month-to-month,Electronic check,DSL,50.6,1073.3,No,0.5736,Medio,0.0
8908-NMQTX,1,0,0,0,72,49-72 meses,Two year,Bank transfer (automatic),DSL,65.6,4566.5,No,0.0394,Bajo,0.0
2187-LZGPL,0,0,0,0,7,0-12 meses,Month-to-month,Credit card (automatic),DSL,40.1,293.3,Yes,0.5604,Medio,0.0
1431-AIDJQ,1,0,1,1,33,25-48 meses,Two year,Credit card (automatic),DSL,82.1,2603.1,No,0.1222,Bajo,0.0
6288-LBEAR,0,0,0,0,23,13-24 meses,Month-to-month,Mailed check,Fiber optic,79.1,1783.75,No,0.4865,Medio,0.0
4597-NUCQV,1,1,0,0,24,13-24 meses,Month-to-month,Electronic check,Fiber optic,101.25,2440.15,Yes,0.7897,Alto,101.25
9019-QVLZD,0,0,0,0,1,0-12 meses,Month-to-month,Electronic check,Fiber optic,79.55,79.55,Yes,0.8785,Alto,79.55
8413-YNHNV,1,0,0,0,69,49-72 meses,Two year,Mailed check,DSL,90.65,6322.1,No,0.0441,Bajo,0.0
5808-TOTXO,0,0,0,1,3,0-12 meses,One year,Credit card (automatic),No,20.55,57.4,No,0.1849,Bajo,0.0
4369-NYSCF,1,0,0,0,56,49-72 meses,One year,Bank transfer (automatic),DSL,75.75,4284.65,No,0.2469,Bajo,0.0
6333-YDVLT,1,0,0,0,65,49-72 meses,One year,Credit card (automatic),Fiber optic,110.0,7138.65,No,0.372,Medio,0.0
5324-KTGCG,1,0,1,0,71,49-72 meses,One year,Electronic check,No,20.85,1539.75,No,0.1084,Bajo,0.0
5599-HVLTW,0,1,0,0,14,13-24 meses,Month-to-month,Bank transfer (automatic),Fiber optic,80.35,1058.1,No,0.7423,Alto,80.35
7394-LWLYN,0,0,0,0,2,0-12 meses,Month-to-month,Electronic check,Fiber optic,70.15,123.8,No,0.8374,Alto,70.15
3707-LRWZD,0,0,0,0,32,25-48 meses,One year,Electronic check,Fiber optic,84.05,2781.85,Yes,0.4882,Medio,0.0
6873-UDNLD,1,0,0,0,40,25-48 meses,Month-to-month,Electronic check,DSL,67.45,2731.0,No,0.3284,Medio,0.0
2700-LUEVA,1,0,0,0,1,0-12 meses,Month-to-month,Credit card (automatic),No,20.75,20.75,No,0.457,Medio,0.0
1455-ESIQH,1,0,0,0,1,0-12 meses,Month-to-month,Electronic check,Fiber optic,89.1,89.1,Yes,0.9116,Alto,89.1
0958-YHXGP,0,0,0,0,7,0-12 meses,Month-to-month,Mailed check,Fiber optic,69.9,497.3,No,0.7968,Alto,69.9
1101-SSWAG,0,0,1,0,15,13-24 meses,Month-to-month,Electronic check,DSL,51.1,711.15,No,0.5408,Medio,0.0
2979-SXESE,0,0,1,1,17,13-24 meses,Month-to-month,Electronic check,Fiber optic,94.4,1607.2,Yes,0.6706,Alto,94.4
4013-TLDHQ,1,0,0,0,19,13-24 meses,Month-to-month,Electronic check,Fiber optic,78.25,1490.95,Yes,0.6915,Alto,78.25
5743-KHMNA,1,0,0,0,71,49-72 meses,Two year,Bank transfer (automatic),No,25.55,1898.1,No,0.0415,Bajo,0.0
4194-FJARJ,0,0,1,1,54,49-72 meses,Two year,Bank transfer (automatic),DSL,60.0,3273.95,No,0.0647,Bajo,0.0
5325-UWTWJ,1,0,1,0,31,25-48 meses,Month-to-month,Credit card (automatic),Fiber optic,90.55,2929.75,No,0.4166,Medio,0.0
3969-GYXEL,0,0,0,0,11,0-12 meses,Month-to-month,Electronic check,Fiber optic,76.4,838.7,No,0.6397,Alto,76.4
9208-OLGAQ,0,1,0,0,18,13-24 meses,Month-to-month,Electronic check,Fiber optic,84.95,1443.65,No,0.7276,Alto,84.95
3244-CQPHU,0,1,0,0,72,49-72 meses,Two year,Bank transfer (automatic),Fiber optic,110.1,7746.7,No,0.1537,Bajo,0.0
2674-MLXMN,0,1,0,0,71,49-72 meses,Month-to-month,Credit card (automatic),Fiber optic,99.65,6951.15,No,0.5043,Medio,0.0
9708-HPXWZ,1,1,0,0,5,0-12 meses,Month-to-month,Credit card (automatic),DSL,45.4,214.75,No,0.5585,Medio,0.0
6992-TKNYO,1,0,1,0,38,25-48 meses,One year,Credit card (automatic),DSL,69.0,2669.45,No,0.2243,Bajo,0.0
4468-YDOVK,1,0,0,1,5,0-12 meses,Month-to-month,Bank transfer (automatic),DSL,48.65,235.2,No,0.5835,Medio,0.0
3754-DXMRT,1,1,0,0,2,0-12 meses,Month-to-month,Electronic check,DSL,44.15,92.65,Yes,0.7856,Alto,44.15
5792-JALQC,0,1,0,0,52,49-72 meses,Two year,Bank transfer (automatic),DSL,59.85,3103.25,No,0.1387,Bajo,0.0
7130-VTEWQ,0,1,0,0,8,0-12 meses,Month-to-month,Electronic check,Fiber optic,75.75,606.25,Yes,0.8476,Alto,75.75
2200-DSAAL,0,0,0,0,68,49-72 meses,Two year,Electronic check,DSL,80.65,5330.2,No,0.2397,Bajo,0.0
4302-ZYFEL,1,0,1,1,69,49-72 meses,One year,Credit card (automatic),No,20.55,1403.1,No,0.0485,Bajo,0.0
9351-LZYGF,0,0,1,0,42,25-48 meses,Month-to-month,Credit card (automatic),DSL,66.4,2727.8,No,0.2125,Bajo,0.0
4366-CTOUZ,0,0,0,0,50,49-72 meses,Two year,Mailed check,Fiber optic,100.2,5038.45,No,0.2512,Bajo,0.0
6121-VZNQB,0,0,0,0,1,0-12 meses,Month-to-month,Mailed check,No,19.1,19.1,Yes,0.5581,Medio,0.0
7903-CMPEY,1,1,1,0,1,0-12 meses,Month-to-month,Electronic check,Fiber optic,80.3,80.3,Yes,0.8245,Alto,80.3
1518-OMDIK,1,0,1,0,33,25-48 meses,Month-to-month,Credit card (automatic),DSL,44.55,1462.6,No,0.3184,Medio,0.0
6671-NGWON,0,0,0,0,7,0-12 meses,Month-to-month,Mailed check,No,20.35,150.6,No,0.244,Bajo,0.0
0595-ITUDF,1,0,1,1,64,49-72 meses,Month-to-month,Electronic check,Fiber optic,91.8,5960.5,No,0.3838,Medio,0.0
6996-KNSML,0,0,0,0,1,0-12 meses,Month-to-month,Electronic check,Fiber optic,74.9,74.9,Yes,0.8879,Alto,74.9
1955-IBMMB,1,0,0,0,59,49-72 meses,Two year,Bank transfer (automatic),No,20.2,1192.3,No,0.0571,Bajo,0.0
0096-BXERS,0,0,1,0,6,0-12 meses,Month-to-month,Electronic check,DSL,50.35,314.55,No,0.6462,Alto,50.35
3806-YAZOV,0,0,0,0,3,0-12 meses,Month-to-month,Mailed check,No,18.8,56.0,No,0.2316,Bajo,0.0
7998-ZLXWN,0,0,1,0,15,13-24 meses,Month-to-month,Credit card (automatic),No,20.45,330.8,No,0.2008,Bajo,0.0
6253-WRFHY,1,0,1,1,13,13-24 meses,One year,Electronic check,DSL,64.75,877.35,No,0.454,Medio,0.0
9133-AYJZG,0,0,0,0,23,13-24 meses,Month-to-month,Credit card (automatic),Fiber optic,98.7,2249.1,No,0.6763,Alto,98.7
2675-OTVVJ,1,1,1,0,31,25-48 meses,Month-to-month,Electronic check,Fiber optic,89.45,2807.65,No,0.6211,Alto,89.45
8680-CGLTP,1,0,0,0,29,25-48 meses,One year,Electronic check,DSL,58.75,1696.2,No,0.2105,Bajo,0.0
8430-TWCBX,0,0,1,0,49,49-72 meses,One year,Credit card (automatic),No,20.7,1032.05,No,0.0815,Bajo,0.0
5018-GWURO,0,0,1,0,56,49-72 meses,Month-to-month,Bank transfer (automatic),Fiber optic,85.6,4902.8,No,0.5184,Medio,0.0
6741-QRLUP,0,0,0,0,63,49-72 meses,Two year,Credit card (automatic),DSL,80.3,4995.35,No,0.0825,Bajo,0.0
4737-HOBAX,1,0,1,0,63,49-72 meses,Two year,Credit card (automatic),DSL,79.8,5034.05,No,0.1085,Bajo,0.0
0537-QYZZN,1,1,1,1,24,13-24 meses,Month-to-month,Electronic check,Fiber optic,79.85,1857.75,No,0.6579,Alto,79.85
3340-QBBFM,1,1,1,0,36,25-48 meses,One year,Credit card (automatic),DSL,54.1,1992.85,No,0.2435,Bajo,0.0
1704-NRWYE,0,1,0,0,9,0-12 meses,Month-to-month,Electronic check,Fiber optic,80.85,751.65,Yes,0.8409,Alto,80.85
2592-SEIFQ,1,0,0,0,3,0-12 meses,Month-to-month,Electronic check,DSL,24.75,66.95,Yes,0.7387,Alto,24.75
8200-KLNYW,0,0,1,0,21,13-24 meses,One year,Mailed check,DSL,80.9,1714.95,No,0.2712,Bajo,0.0
3372-CDXFJ,1,0,1,1,13,13-24 meses,One year,Bank transfer (automatic),No,24.5,343.6,No,0.142,Bajo,0.0
4781-ZXYGU,1,0,1,1,1,0-12 meses,Month-to-month,Bank transfer (automatic),No,20.15,20.15,No,0.4932,Medio,0.0
7632-YUTXB,0,0,1,1,25,25-48 meses,One year,Mailed check,No,20.05,520.1,No,0.0518,Bajo,0.0
2718-YSKCS,1,0,1,1,71,49-72 meses,Two year,Bank transfer (automatic),No,19.6,1387.45,No,0.0293,Bajo,0.0
9896-UYMIE,1,0,0,0,66,49-72 meses,One year,Bank transfer (automatic),Fiber optic,114.3,7383.7,No,0.3587,Medio,0.0
0853-NWIFK,0,0,0,0,45,25-48 meses,One year,Electronic check,Fiber optic,100.3,4483.95,No,0.4707,Medio,0.0
8212-CRQXP,0,0,1,0,22,13-24 meses,Month-to-month,Credit card (automatic),Fiber optic,80.0,1706.45,No,0.6056,Alto,80.0
6980-CDGFC,0,0,1,0,67,49-72 meses,One year,Bank transfer (automatic),No,20.85,1327.4,No,0.0833,Bajo,0.0
7691-XVTZH,0,0,1,0,68,49-72 meses,Two year,Bank transfer (automatic),Fiber optic,89.95,5974.3,No,0.2657,Bajo,0.0
2520-SGTTA,0,0,1,1,0,,Two year,Mailed check,No,20.0,20.0,No,0.3219,Medio,0.0
7481-ATQQS,0,1,0,0,49,49-72 meses,Month-to-month,Credit card (automatic),Fiber optic,90.85,4515.85,Yes,0.546,Medio,0.0
2277-VWCNI,0,1,0,0,4,0-12 meses,Month-to-month,Mailed check,DSL,48.75,179.85,No,0.6605,Alto,48.75
1088-CNNKB,1,0,1,0,63,49-72 meses,One year,Credit card (automatic),DSL,80.0,5040.2,No,0.214,Bajo,0.0
8642-GVWRF,0,0,1,0,2,0-12 meses,Month-to-month,Bank transfer (automatic),Fiber optic,79.7,165.0,Yes,0.7909,Alto,79.7
1930-BZLHI,1,0,0,0,21,13-24 meses,One year,Mailed check,No,20.35,422.7,No,0.063,Bajo,0.0
3400-ESFUW,1,0,1,1,55,49-72 meses,Two year,Bank transfer (automatic),DSL,57.55,3046.4,Yes,0.0543,Bajo,0.0
5868-YTYKS,1,0,0,1,1,0-12 meses,Month-to-month,Mailed check,No,20.25,20.25,No,0.5245,Medio,0.0
3525-DVKFN,0,0,0,0,17,13-24 meses,Two year,Mailed check,No,19.4,358.05,No,0.0825,Bajo,0.0
1482-OXZSY,1,0,0,0,30,25-48 meses,Month-to-month,Bank transfer (automatic),Fiber optic,100.4,2936.25,No,0.6251,Alto,100.4
0377-JBKKT,1,0,1,1,22,13-24 meses,Month-to-month,Mailed check,DSL,57.95,1271.8,No,0.2765,Bajo,0.0
5778-BVOFB,0,0,0,0,9,0-12 meses,Month-to-month,Bank transfer (automatic),DSL,59.5,530.05,No,0.481,Medio,0.0
3373-YZZYM,1,0,1,1,1,0-12 meses,Month-to-month,Mailed check,No,19.2,19.2,No,0.4633,Medio,0.0
2057-ZBLPD,0,0,1,0,21,13-24 meses,Month-to-month,Electronic check,Fiber optic,86.5,1808.7,Yes,0.7557,Alto,86.5
0228-MAUWC,1,0,0,0,19,13-24 meses,Month-to-month,Electronic check,DSL,59.55,1144.6,No,0.4401,Medio,0.0
5502-RLUYV,0,0,1,1,69,49-72 meses,Month-to-month,Electronic check,Fiber optic,103.95,7446.9,Yes,0.5681,Medio,0.0
0023-HGHWL,1,1,0,0,1,0-12 meses,Month-to-month,Electronic check,DSL,25.1,25.1,Yes,0.8208,Alto,25.1
7663-YJHSN,0,0,1,0,72,49-72 meses,Two year,Bank transfer (automatic),Fiber optic,103.95,7556.9,No,0.1264,Bajo,0.0
4915-BFSXL,1,0,1,1,70,49-72 meses,Two year,Credit card (automatic),DSL,68.95,4858.7,No,0.1103,Bajo,0.0
3086-RUCRN,0,0,0,0,66,49-72 meses,Month-to-month,Bank transfer (automatic),Fiber optic,103.1,6595.0,No,0.326,Medio,0.0
5215-LNLDJ,0,0,1,1,7,0-12 meses,Month-to-month,Electronic check,DSL,24.7,149.05,No,0.6652,Alto,24.7
7576-JMYWV,0,1,1,1,46,25-48 meses,Month-to-month,Electronic check,Fiber optic,110.2,4972.1,No,0.5115,Medio,0.0
9039-RBEEE,1,0,0,0,39,25-48 meses,Month-to-month,Credit card (automatic),DSL,48.95,1880.85,Yes,0.2624,Bajo,0.0
0257-KXZGU,0,0,1,1,32,25-48 meses,Month-to-month,Bank transfer (automatic),DSL,62.45,2045.55,No,0.2696,Bajo,0.0
1307-ATKGB,1,0,0,0,24,13-24 meses,Month-to-month,Electronic check,Fiber optic,89.55,2187.15,No,0.6832,Alto,89.55
8417-FMLZI,1,0,1,1,6,0-12 meses,Month-to-month,Credit card (automatic),Fiber optic,83.55,477.55,Yes,0.7927,Alto,83.55
3714-XPXBW,0,0,0,0,37,25-48 meses,Month-to-month,Credit card (automatic),DSL,78.9,2976.95,No,0.2648,Bajo,0.0
1850-AKQEP,1,0,0,1,8,0-12 meses,Month-to-month,Mailed check,No,20.35,178.7,No,0.1715,Bajo,0.0
2824-DXNKN,0,0,1,1,72,49-72 meses,Two year,Bank transfer (automatic),DSL,71.45,5025.85,No,0.0935,Bajo,0.0
5227-JSCFE,1,1,1,0,71,49-72 meses,Two year,Credit card (automatic),DSL,46.35,3353.4,No,0.0913,Bajo,0.0
0848-ZGQIJ,0,0,1,0,16,13-24 meses,Month-to-month,Bank transfer (automatic),Fiber optic,94.65,1461.15,No,0.7011,Alto,94.65
3621-CHYVB,0,0,1,0,57,49-72 meses,Month-to-month,Bank transfer (automatic),DSL,49.9,2782.4,No,0.1966,Bajo,0.0
8042-RNLKO,1,0,0,0,66,49-72 meses,One year,Bank transfer (automatic),No,25.45,1699.15,No,0.1091,Bajo,0.0
1792-UXAFY,0,1,0,0,17,13-24 meses,Month-to-month,Electronic check,Fiber optic,89.15,1496.9,Yes,0.7451,Alto,89.15
5372-FBKBN,0,0,0,1,21,13-24 meses,Month-to-month,Mailed check,No,20.75,452.2,No,0.0963,Bajo,0.0
0420-TXVSG,1,0,1,0,66,49-72 meses,Two year,Credit card (automatic),DSL,66.1,4428.45,No,0.086,Bajo,0.0
6217-TOWGS,0,0,1,0,17,13-24 meses,Month-to-month,Bank transfer (automatic),DSL,75.4,1322.55,No,0.45,Medio,0.0
0515-YPMCW,1,0,0,1,1,0-12 meses,Month-to-month,Mailed check,Fiber optic,70.45,70.45,Yes,0.8694,Alto,70.45
0378-XSZPU,1,0,1,0,58,49-72 meses,One year,Credit card (automatic),DSL,60.3,3563.8,Yes,0.1943,Bajo,0.0
1045-LTCYT,0,0,1,1,8,0-12 meses,Month-to-month,Credit card (automatic),No,21.05,139.75,No,0.2231,Bajo,0.0
1544-JJMYL,1,0,0,0,27,25-48 meses,One year,Credit card (automatic),DSL,69.35,1927.3,No,0.1818,Bajo,0.0
4636-JGAAI,1,0,1,0,34,25-48 meses,Month-to-month,Mailed check,Fiber optic,88.85,3000.25,No,0.4946,Medio,0.0
6874-SGLHU,1,0,0,0,30,25-48 meses,One year,Bank transfer (automatic),Fiber optic,97.0,3021.3,No,0.5039,Medio,0.0
5951-AOFIH,1,0,0,0,33,25-48 meses,Month-to-month,Credit card (automatic),DSL,66.4,2245.4,No,0.3704,Medio,0.0
4729-XKASR,1,0,0,1,1,0-12 meses,Month-to-month,Electronic check,DSL,24.75,24.75,Yes,0.7437,Alto,24.75
3059-NGMXB,1,0,1,1,14,13-24 meses,Month-to-month,Mailed check,DSL,69.2,944.65,No,0.3423,Medio,0.0
8652-YHIYU,0,0,0,1,16,13-24 meses,One year,Credit card (automatic),Fiber optic,79.5,1264.2,No,0.4667,Medio,0.0
5278-PNYOX,0,0,0,0,49,49-72 meses,Two year,Credit card (automatic),Fiber optic,100.65,4917.75,No,0.2302,Bajo,0.0
5449-FIBXJ,1,0,1,1,19,13-24 meses,Month-to-month,Electronic check,Fiber optic,103.3,2012.7,Yes,0.6835,Alto,103.3
3486-HOOGQ,0,0,1,1,70,49-72 meses,Two year,Bank transfer (automatic),DSL,79.7,5743.3,No,0.0612,Bajo,0.0
5061-PBXFW,0,0,1,1,32,25-48 meses,Month-to-month,Bank transfer (automatic),DSL,61.4,1864.65,No,0.2201,Bajo,0.0
8630-FJLIB,0,0,0,0,18,13-24 meses,Month-to-month,Electronic check,Fiber optic,69.8,1221.65,No,0.6797,Alto,69.8
3891-NLXJB,1,0,0,0,37,25-48 meses,Two year,Mailed check,DSL,40.55,1390.85,No,0.0833,Bajo,0.0
4749-OJKQU,0,0,0,0,4,0-12 meses,Month-to-month,Electronic check,Fiber optic,75.65,302.35,No,0.8621,Alto,75.65
0577-WHMEV,0,0,1,0,16,13-24 meses,Month-to-month,Electronic check,Fiber optic,90.7,1374.9,No,0.609,Alto,90.7
5453-AXEPF,1,0,1,0,17,13-24 meses,Month-to-month,Bank transfer (automatic),Fiber optic,80.5,1336.9,No,0.6403,Alto,80.5
3639-XJHKQ,0,0,0,1,19,13-24 meses,Month-to-month,Electronic check,DSL,60.6,1297.8,No,0.4003,Medio,0.0
3716-LRGXK,1,0,1,0,60,49-72 meses,Two year,Credit card (automatic),Fiber optic,101.15,6067.4,No,0.2575,Bajo,0.0
2263-SFSQZ,1,0,1,1,51,49-72 meses,Two year,Mailed check,No,24.95,1222.25,No,0.0522,Bajo,0.0
9950-MTGYX,1,0,1,1,28,25-48 meses,Two year,Credit card (automatic),No,20.3,487.95,No,0.0347,Bajo,0.0
3397-AVTKU,1,0,0,0,43,25-48 meses,Two year,Electronic check,DSL,60.0,2548.55,No,0.2511,Bajo,0.0
4825-FUREZ,1,0,1,0,42,25-48 meses,Two year,Electronic check,No,20.25,835.5,No,0.0657,Bajo,0.0
9837-BMCLM,1,0,0,0,3,0-12 meses,Month-to-month,Electronic check,Fiber optic,78.5,242.05,Yes,0.8568,Alto,78.5
2672-OJQZP,0,0,0,0,1,0-12 meses,Month-to-month,Mailed check,DSL,44.75,44.75,No,0.7138,Alto,44.75
0137-UDEUO,0,0,0,0,3,0-12 meses,Month-to-month,Mailed check,No,19.85,63.75,Yes,0.2924,Bajo,0.0
3134-DSHVC,0,0,0,0,63,49-72 meses,Two year,Credit card (automatic),Fiber optic,98.0,6218.45,No,0.1653,Bajo,0.0
6161-UUUTA,1,1,0,0,3,0-12 meses,Month-to-month,Electronic check,Fiber optic,79.9,260.9,Yes,0.8591,Alto,79.9
7821-DPRQE,1,0,1,0,68,49-72 meses,Month-to-month,Electronic check,Fiber optic,107.7,7320.9,No,0.4049,Medio,0.0
6543-XRMYR,0,1,0,0,30,25-48 meses,Month-to-month,Electronic check,Fiber optic,99.7,2967.35,Yes,0.7373,Alto,99.7
2001-EWBQU,0,0,0,0,60,49-72 meses,Two year,Electronic check,Fiber optic,104.7,6333.8,No,0.3389,Medio,0.0
4925-LMHOK,1,0,0,0,15,13-24 meses,Month-to-month,Credit card (automatic),DSL,58.6,939.7,Yes,0.4657,Medio,0.0
1608-GMEWB,1,1,0,0,45,25-48 meses,Month-to-month,Bank transfer (automatic),Fiber optic,93.9,4200.25,No,0.6391,Alto,93.9
6695-AMZUF,0,0,1,0,70,49-72 meses,Two year,Credit card (automatic),DSL,86.45,5950.2,No,0.0419,Bajo,0.0
1455-UGQVH,1,0,1,0,10,0-12 meses,Month-to-month,Electronic check,Fiber optic,98.5,1037.75,Yes,0.886,Alto,98.5
8410-BGQXN,1,0,0,0,4,0-12 meses,Month-to-month,Mailed check,No,19.4,93.4,No,0.1933,Bajo,0.0
8280-MQRQN,0,0,0,0,1,0-12 meses,Month-to-month,Mailed check,DSL,50.45,50.45,Yes,0.7333,Alto,50.45
1619-YWUBB,0,0,1,0,68,49-72 meses,Two year,Credit card (automatic),No,24.95,1614.9,No,0.0457,Bajo,0.0
7611-YKYTC,1,0,1,1,22,13-24 meses,Month-to-month,Bank transfer (automatic),Fiber optic,75.0,1573.95,No,0.4738,Medio,0.0
2037-SGXHH,1,0,1,1,38,25-48 meses,Month-to-month,Electronic check,Fiber optic,94.65,3624.3,Yes,0.639,Alto,94.65
3178-FESZO,0,0,0,0,1,0-12 meses,Month-to-month,Credit card (automatic),Fiber optic,100.25,100.25,Yes,0.8789,Alto,100.25
0365-GXEZS,1,0,1,0,18,13-24 meses,Month-to-month,Electronic check,Fiber optic,78.2,1468.75,No,0.577,Medio,0.0
0082-OQIQY,1,0,0,0,29,25-48 meses,Month-to-month,Electronic check,Fiber optic,94.2,2607.6,No,0.6159,Alto,94.2
6087-MVHJH,0,0,0,0,16,13-24 meses,Month-to-month,Electronic check,Fiber optic,88.45,1422.1,Yes,0.7734,Alto,88.45
4603-JANFB,1,0,0,0,1,0-12 meses,Month-to-month,Electronic check,Fiber optic,69.85,69.85,Yes,0.8915,Alto,69.85
3018-TFTSU,1,0,0,0,12,0-12 meses,Month-to-month,Bank transfer (automatic),Fiber optic,81.7,858.6,Yes,0.6003,Alto,81.7
3606-SBKRY,1,0,0,0,31,25-48 meses,One year,Electronic check,DSL,50.05,1523.4,No,0.3869,Medio,0.0
4806-KEXQR,1,0,0,0,4,0-12 meses,Month-to-month,Electronic check,Fiber optic,79.9,324.3,Yes,0.8593,Alto,79.9
0667-NSRGI,0,0,1,0,48,25-48 meses,One year,Mailed check,DSL,69.55,3435.6,No,0.2013,Bajo,0.0
7083-YNSKY,0,0,0,0,15,13-24 meses,Month-to-month,Credit card (automatic),No,25.4,399.6,Yes,0.2174,Bajo,0.0
6893-ODYYE,1,0,0,0,50,49-72 meses,One year,Credit card (automatic),Fiber optic,90.1,4549.45,No,0.2479,Bajo,0.0
8242-JSVBO,1,0,0,0,7,0-12 meses,Month-to-month,Bank transfer (automatic),DSL,44.65,322.5,No,0.5663,Medio,0.0
2479-BRAMR,1,1,1,0,41,25-48 meses,Month-to-month,Bank transfer (automatic),Fiber optic,83.75,3273.55,Yes,0.5515,Medio,0.0
9541-ZPSEA,1,0,1,1,68,49-72 meses,Two year,Credit card (automatic),Fiber optic,80.35,5375.15,No,0.1551,Bajo,0.0
2665-NPTGL,0,1,1,0,26,25-48 meses,Month-to-month,Bank transfer (automatic),Fiber optic,98.1,2510.7,No,0.693,Alto,98.1
1139-WUOAH,1,0,0,0,57,49-72 meses,Two year,Credit card (automatic),DSL,53.35,3090.05,No,0.0952,Bajo,0.0
4693-VWVBO,0,0,0,0,3,0-12 meses,Month-to-month,Electronic check,No,19.55,61.05,No,0.2822,Bajo,0.0
7434-SHXLS,0,0,0,0,1,0-12 meses,Month-to-month,Mailed check,No,20.9,20.9,Yes,0.5401,Medio,0.0
6937-GCDGQ,1,0,1,1,19,13-24 meses,One year,Bank transfer (automatic),DSL,48.95,955.6,No,0.3088,Medio,0.0
0988-JRWWP,0,0,0,0,3,0-12 meses,Month-to-month,Electronic check,DSL,54.2,140.4,No,0.7278,Alto,54.2
5075-JSDKI,0,0,0,0,59,49-72 meses,Two year,Electronic check,No,24.45,1493.1,No,0.0717,Bajo,0.0
7908-QCBCA,0,0,1,0,1,0-12 meses,Month-to-month,Mailed check,Fiber optic,69.4,69.4,Yes,0.8727,Alto,69.4
8644-XYTSV,1,0,1,0,42,25-48 meses,Month-to-month,Bank transfer (automatic),DSL,40.15,1626.05,No,0.3099,Medio,0.0
6711-FLDFB,0,0,0,0,7,0-12 meses,Month-to-month,Electronic check,Fiber optic,74.9,541.15,Yes,0.8563,Alto,74.9
3873-WOSBC,1,0,1,0,67,49-72 meses,Two year,Credit card (automatic),No,25.6,1784.9,No,0.0368,Bajo,0.0
7465-ZZRVX,1,0,0,0,1,0-12 meses,Month-to-month,Electronic check,Fiber optic,70.35,70.35,No,0.8896,Alto,70.35
7975-JMZNT,1,0,1,0,66,49-72 meses,Two year,Bank transfer (automatic),DSL,91.7,6075.9,No,0.0439,Bajo,0.0
7251-XFOIL,0,0,0,0,61,49-72 meses,Month-to-month,Mailed check,Fiber optic,89.2,5500.6,No,0.4125,Medio,0.0
4116-IQRFR,1,0,1,1,4,0-12 meses,One year,Credit card (automatic),No,24.1,73.1,No,0.1911,Bajo,0.0
3714-JTVOV,0,1,1,0,42,25-48 meses,Month-to-month,Credit card (automatic),Fiber optic,74.15,3229.4,Yes,0.5274,Medio,0.0
8259-DZLIZ,0,0,1,1,64,49-72 meses,One year,Bank transfer (automatic),DSL,53.85,3399.85,No,0.2049,Bajo,0.0
0442-ZXKVS,0,1,1,0,54,49-72 meses,One year,Bank transfer (automatic),Fiber optic,115.6,6431.05,No,0.3699,Medio,0.0
7853-WNZSY,1,0,0,0,1,0-12 meses,Month-to-month,Credit card (automatic),No,19.75,19.75,No,0.4907,Medio,0.0
3120-FAZKD,1,0,1,1,54,49-72 meses,Two year,Bank transfer (automatic),No,24.05,1230.9,No,0.0438,Bajo,0.0
8606-OEGQZ,0,0,0,1,18,13-24 meses,Two year,Credit card (automatic),No,25.3,454.65,No,0.1101,Bajo,0.0
0225-ZORZP,1,0,0,0,3,0-12 meses,Month-to-month,Electronic check,Fiber optic,84.3,235.05,No,0.8024,Alto,84.3
4702-IOQDC,0,0,0,0,1,0-12 meses,Month-to-month,Electronic check,Fiber optic,70.1,70.1,Yes,0.892,Alto,70.1
9489-JMTTN,0,0,1,1,72,49-72 meses,Two year,Credit card (automatic),DSL,89.75,6595.9,No,0.0265,Bajo,0.0
0575-CUQOV,1,1,1,0,60,49-72 meses,One year,Electronic check,Fiber optic,97.95,5867.0,No,0.4804,Medio,0.0
0967-BMLBD,0,0,1,1,11,0-12 meses,One year,Mailed check,No,20.0,196.35,No,0.1683,Bajo,0.0
6178-KFNHS,0,0,0,1,12,0-12 meses,Month-to-month,Electronic check,Fiber optic,78.3,909.25,Yes,0.7089,Alto,78.3
2830-LEWOA,1,0,1,1,61,49-72 meses,One year,Credit card (automatic),Fiber optic,103.9,6449.15,No,0.2954,Bajo,0.0
5006-MXVRN,0,0,0,0,39,25-48 meses,Two year,Credit card (automatic),No,20.7,762.45,No,0.0317,Bajo,0.0
1264-BYWMS,1,0,0,0,55,49-72 meses,Month-to-month,Electronic check,Fiber optic,96.8,5283.95,Yes,0.6658,Alto,96.8
9658-WYUFB,0,0,0,0,17,13-24 meses,Month-to-month,Electronic check,Fiber optic,94.4,1617.5,Yes,0.7355,Alto,94.4
8327-WKMIE,1,0,0,0,37,25-48 meses,One year,Credit card (automatic),No,20.15,785.75,No,0.05,Bajo,0.0
6917-FIJHC,0,0,1,0,72,49-72 meses,Two year,Mailed check,No,26.0,1776.0,No,0.0496,Bajo,0.0
5329-KRDTM,1,1,1,0,72,49-72 meses,Two year,Credit card (automatic),DSL,77.35,5396.25,No,0.1007,Bajo,0.0
7797-EJMDP,0,0,0,0,8,0-12 meses,Month-to-month,Bank transfer (automatic),DSL,66.05,574.5,No,0.4145,Medio,0.0
3530-VWVGU,0,0,1,1,22,13-24 meses,Month-to-month,Mailed check,No,19.9,400.3,No,0.1341,Bajo,0.0
2013-SGDXK,0,0,0,0,1,0-12 meses,Month-to-month,Electronic check,Fiber optic,84.3,84.3,Yes,0.8573,Alto,84.3
6368-NWMCE,0,0,0,0,38,25-48 meses,Month-to-month,Credit card (automatic),DSL,68.15,2656.3,No,0.2678,Bajo,0.0
3633-CDBUW,1,0,0,1,17,13-24 meses,One year,Electronic check,DSL,80.85,1445.95,No,0.3566,Medio,0.0
0707-HOVVN,0,1,0,0,70,49-72 meses,Two year,Bank transfer (automatic),DSL,75.5,5212.65,No,0.1279,Bajo,0.0
8580-QVLOC,0,1,1,1,72,49-72 meses,Two year,Credit card (automatic),DSL,92.45,6440.25,Yes,0.0525,Bajo,0.0
3956-MGXOG,0,0,0,0,28,25-48 meses,Month-to-month,Electronic check,Fiber optic,80.6,2244.95,No,0.6628,Alto,80.6
9274-UARKJ,0,0,0,0,15,13-24 meses,Month-to-month,Bank transfer (automatic),Fiber optic,83.2,1130.0,No,0.7141,Alto,83.2
4077-HWUYD,1,0,1,1,72,49-72 meses,Two year,Bank transfer (automatic),DSL,87.55,6463.15,No,0.0247,Bajo,0.0
2012-NWRPA,0,1,1,0,11,0-12 meses,Month-to-month,Electronic check,Fiber optic,99.55,1131.2,Yes,0.8774,Alto,99.55
8808-ELEHO,1,1,0,0,8,0-12 meses,Month-to-month,Electronic check,Fiber optic,81.25,585.95,Yes,0.8582,Alto,81.25
0103-CSITQ,0,0,1,0,57,49-72 meses,One year,Bank transfer (automatic),Fiber optic,109.4,6252.7,No,0.4042,Medio,0.0
3506-LCJDC,1,0,1,1,1,0-12 meses,Month-to-month,Bank transfer (automatic),No,19.95,19.95,Yes,0.4827,Medio,0.0
8671-KKKOS,0,0,1,0,46,25-48 meses,Month-to-month,Electronic check,DSL,45.55,2062.15,No,0.3776,Medio,0.0
7305-ZWMAJ,1,0,1,0,30,25-48 meses,One year,Credit card (automatic),No,20.7,587.1,No,0.0663,Bajo,0.0
9518-XXBXE,1,1,1,0,10,0-12 meses,Month-to-month,Electronic check,Fiber optic,75.3,720.45,No,0.6544,Alto,75.3
3934-HXCFZ,1,0,1,0,23,13-24 meses,Month-to-month,Electronic check,Fiber optic,99.25,2186.4,Yes,0.7062,Alto,99.25
6578-KRMAW,1,0,0,0,32,25-48 meses,Month-to-month,Credit card (automatic),Fiber optic,93.4,2979.3,No,0.496,Medio,0.0
4860-IJUDE,1,0,0,0,13,13-24 meses,Month-to-month,Credit card (automatic),Fiber optic,73.75,956.65,No,0.6197,Alto,73.75
7666-WKRON,0,0,0,0,39,25-48 meses,Two year,Electronic check,Fiber optic,80.45,3201.55,Yes,0.3395,Medio,0.0
9688-YGXVR,0,0,0,0,44,25-48 meses,Month-to-month,Credit card (automatic),Fiber optic,88.15,3973.2,No,0.4863,Medio,0.0
0423-UDIJQ,1,1,0,0,9,0-12 meses,Month-to-month,Mailed check,DSL,49.2,447.9,No,0.5046,Medio,0.0
1945-XISKS,0,0,1,0,67,49-72 meses,Two year,Mailed check,No,19.65,1335.2,No,0.0384,Bajo,0.0
4910-AQFFX,1,0,1,1,9,0-12 meses,Month-to-month,Bank transfer (automatic),Fiber optic,79.35,661.25,Yes,0.7892,Alto,79.35
2154-KVJFF,0,0,0,0,15,13-24 meses,Month-to-month,Electronic check,Fiber optic,79.75,1111.85,Yes,0.8041,Alto,79.75
5360-LJCNJ,0,0,1,0,71,49-72 meses,Two year,Bank transfer (automatic),Fiber optic,105.15,7555.0,No,0.3022,Medio,0.0
2607-FBDFF,1,0,0,0,1,0-12 meses,Month-to-month,Credit card (automatic),DSL,49.0,49.0,No,0.6343,Alto,49.0
9647-ERGBE,0,0,1,1,30,25-48 meses,Month-to-month,Electronic check,Fiber optic,100.05,3046.15,Yes,0.7258,Alto,100.05
3428-XZMAZ,1,0,0,0,1,0-12 meses,Month-to-month,Electronic check,Fiber optic,69.35,69.35,Yes,0.8871,Alto,69.35
1100-DDVRV,1,0,1,0,17,13-24 meses,Month-to-month,Mailed check,DSL,49.8,836.35,No,0.4683,Medio,0.0
0378-TOVMS,0,0,0,0,3,0-12 meses,Month-to-month,Electronic check,Fiber optic,85.8,272.2,Yes,0.7992,Alto,85.8
4355-HBJHH,1,0,1,1,67,49-72 meses,Two year,Electronic check,DSL,79.7,5293.4,Yes,0.2263,Bajo,0.0
6728-WYQBC,1,0,0,0,1,0-12 meses,Month-to-month,Bank transfer (automatic),No,20.95,20.95,No,0.4857,Medio,0.0
9058-CBREO,0,1,0,0,1,0-12 meses,Month-to-month,Mailed check,DSL,50.55,50.55,Yes,0.7019,Alto,50.55
9029-FEGVJ,0,1,1,0,32,25-48 meses,Month-to-month,Mailed check,Fiber optic,79.3,2570.0,No,0.5353,Medio,0.0
7216-KAOID,1,0,1,1,41,25-48 meses,One year,Bank transfer (automatic),No,19.5,798.2,No,0.0437,Bajo,0.0
0318-QUUOB,1,0,1,0,1,0-12 meses,Month-to-month,Electronic check,Fiber optic,80.55,80.55,Yes,0.8993,Alto,80.55
6145-NNPNO,0,0,0,0,1,0-12 meses,Month-to-month,Bank transfer (automatic),DSL,44.15,44.15,No,0.7065,Alto,44.15
5520-FVEWJ,0,0,1,1,12,0-12 meses,Month-to-month,Electronic check,Fiber optic,84.5,916.9,Yes,0.7893,Alto,84.5
5339-TJFEK,1,0,1,1,62,49-72 meses,Month-to-month,Electronic check,Fiber optic,105.5,6487.2,No,0.4633,Medio,0.0
5572-ZDXHY,0,0,0,0,22,13-24 meses,Month-to-month,Mailed check,Fiber optic,84.3,1855.65,Yes,0.6285,Alto,84.3
2074-GUHPQ,0,0,0,1,17,13-24 meses,Month-to-month,Credit card (automatic),Fiber optic,92.7,1556.85,No,0.5637,Medio,0.0
4625-XMOYM,0,0,1,1,72,49-72 meses,Two year,Bank transfer (automatic),No,26.25,1988.05,No,0.029,Bajo,0.0
5827-MWCZK,1,0,1,1,56,49-72 meses,Month-to-month,Credit card (automatic),Fiber optic,96.95,5432.2,No,0.401,Medio,0.0
1385-TQOZW,0,0,0,0,9,0-12 meses,Month-to-month,Credit card (automatic),No,20.45,147.55,No,0.2151,Bajo,0.0
5914-XRFQB,1,0,1,0,72,49-72 meses,Two year,Bank transfer (automatic),Fiber optic,115.8,8424.9,No,0.1086,Bajo,0.0
4329-YPDDQ,1,0,0,0,20,13-24 meses,Month-to-month,Bank transfer (automatic),Fiber optic,108.2,2203.7,No,0.575,Medio,0.0
4804-NCPET,1,0,1,1,19,13-24 meses,Two year,Mailed check,No,20.2,387.4,No,0.0421,Bajo,0.0
3750-CKVKH,1,0,0,0,2,0-12 meses,Month-to-month,Electronic check,Fiber optic,67.75,116.65,Yes,0.8109,Alto,67.75
5944-UGLLK,1,0,0,0,53,49-72 meses,One year,Credit card (automatic),DSL,54.9,3045.75,No,0.1928,Bajo,0.0
8063-GBATB,0,1,0,0,27,25-48 meses,Month-to-month,Electronic check,Fiber optic,85.25,2287.25,Yes,0.7459,Alto,85.25
7787-BNTZM,1,0,0,0,6,0-12 meses,Month-to-month,Bank transfer (automatic),No,20.15,130.5,No,0.2719,Bajo,0.0
2252-ISRNH,1,0,1,1,9,0-12 meses,One year,Electronic check,Fiber optic,90.35,767.9,No,0.6923,Alto,90.35
9415-TPKRV,0,0,1,1,8,0-12 meses,Month-to-month,Electronic check,DSL,55.75,446.8,No,0.5261,Medio,0.0
5322-TEUJK,0,0,1,1,71,49-72 meses,Two year,Bank transfer (automatic),Fiber optic,114.6,8100.25,No,0.1082,Bajo,0.0
4547-KQRTM,0,0,0,0,10,0-12 meses,Month-to-month,Bank transfer (automatic),Fiber optic,80.05,830.7,Yes,0.8091,Alto,80.05
4877-EVATK,1,0,0,0,1,0-12 meses,Month-to-month,Mailed check,No,20.0,20.0,Yes,0.5658,Medio,0.0
1866-DIOQZ,0,0,1,0,71,49-72 meses,One year,Bank transfer (automatic),DSL,66.8,4689.15,No,0.14,Bajo,0.0
8375-KVTHK,1,0,1,0,68,49-72 meses,One year,Electronic check,Fiber optic,100.3,6754.35,No,0.4435,Medio,0.0
2697-NQBPF,1,0,0,0,34,25-48 meses,Month-to-month,Electronic check,Fiber optic,105.35,3540.65,No,0.6426,Alto,105.35
3709-OIJEA,1,0,0,0,26,25-48 meses,One year,Electronic check,Fiber optic,85.2,2184.6,No,0.477,Medio,0.0
7639-SUPCW,0,0,0,0,22,13-24 meses,Month-to-month,Credit card (automatic),DSL,48.8,1054.6,Yes,0.4352,Medio,0.0
1386-ZIKUV,1,0,0,0,7,0-12 meses,Month-to-month,Mailed check,No,18.95,130.55,No,0.195,Bajo,0.0
0599-XNYDO,0,0,1,0,20,13-24 meses,Month-to-month,Bank transfer (automatic),Fiber optic,69.8,1540.35,No,0.5984,Medio,0.0
6377-WHAOX,0,0,1,0,60,49-72 meses,Month-to-month,Electronic check,Fiber optic,106.15,6411.25,No,0.5998,Medio,0.0
6855-VLGOS,1,0,1,1,72,49-72 meses,Two year,Electronic check,No,20.55,1432.55,No,0.0455,Bajo,0.0
8999-XXGNS,0,1,1,0,72,49-72 meses,One year,Credit card (automatic),Fiber optic,105.75,7629.85,No,0.3529,Medio,0.0
8746-OQQRW,1,0,0,0,4,0-12 meses,Month-to-month,Mailed check,No,25.25,101.9,No,0.2385,Bajo,0.0
3181-MIZBN,1,0,1,1,16,13-24 meses,Month-to-month,Electronic check,No,19.75,313.4,No,0.1879,Bajo,0.0
0471-ARVMX,0,1,1,0,62,49-72 meses,One year,Electronic check,Fiber optic,104.85,6312.9,No,0.4545,Medio,0.0
7766-CLTIC,0,0,0,0,10,0-12 meses,Month-to-month,Mailed check,DSL,60.95,629.55,No,0.4639,Medio,0.0
5650-YLIBA,1,0,0,0,31,25-48 meses,Month-to-month,Electronic check,Fiber optic,81.15,2640.55,No,0.685,Alto,81.15
0825-CPPQH,0,0,1,0,71,49-72 meses,Two year,Credit card (automatic),No,19.1,1372.45,No,0.0284,Bajo,0.0
9084-OAYKL,1,0,0,0,58,49-72 meses,Two year,Mailed check,No,20.8,1212.25,No,0.0607,Bajo,0.0
6122-LJADA,1,0,1,1,70,49-72 meses,Two year,Credit card (automatic),DSL,90.15,6237.05,No,0.0389,Bajo,0.0
2400-XIWIO,0,0,1,0,71,49-72 meses,Two year,Electronic check,DSL,90.1,6310.9,No,0.0997,Bajo,0.0
7524-VRLPL,1,1,0,0,69,49-72 meses,Two year,Credit card (automatic),DSL,74.1,5031.0,No,0.1368,Bajo,0.0
1069-XAIEM,0,1,0,0,1,0-12 meses,Month-to-month,Electronic check,Fiber optic,85.05,85.05,Yes,0.9232,Alto,85.05
7569-NMZYQ,0,0,1,1,72,49-72 meses,Two year,Bank transfer (automatic),Fiber optic,118.75,8672.45,No,0.096,Bajo,0.0
5201-USSQZ,0,0,1,0,26,25-48 meses,Month-to-month,Credit card (automatic),Fiber optic,85.9,2196.45,No,0.4717,Medio,0.0
2105-PHWON,0,0,1,0,33,25-48 meses,Month-to-month,Credit card (automatic),Fiber optic,95.0,3008.15,No,0.4943,Medio,0.0
1494-EJZDW,0,0,1,1,10,0-12 meses,Two year,Mailed check,No,20.15,220.8,No,0.0926,Bajo,0.0
4884-TVUQF,0,1,0,0,57,49-72 meses,Two year,Credit card (automatic),Fiber optic,101.3,5779.6,No,0.2262,Bajo,0.0
8003-EWNDZ,0,0,0,0,10,0-12 meses,Month-to-month,Electronic check,No,21.2,222.65,No,0.2195,Bajo,0.0
1897-RCFUM,0,0,1,1,39,25-48 meses,One year,Mailed check,No,24.2,914.6,No,0.0685,Bajo,0.0
9256-JTBNZ,0,0,0,0,11,0-12 meses,Month-to-month,Bank transfer (automatic),No,20.3,246.3,No,0.2568,Bajo,0.0
4658-HCOHW,0,0,1,1,21,13-24 meses,Month-to-month,Electronic check,Fiber optic,102.8,2110.15,Yes,0.6671,Alto,102.8
2211-RMNHO,0,0,1,1,68,49-72 meses,Two year,Bank transfer (automatic),DSL,85.3,5560.0,No,0.057,Bajo,0.0
2432-TFSMK,1,0,0,0,18,13-24 meses,One year,Credit card (automatic),Fiber optic,89.6,1633.0,No,0.4909,Medio,0.0
3440-JPSCL,0,0,0,0,6,0-12 meses,Month-to-month,Mailed check,Fiber optic,99.95,547.65,Yes,0.8173,Alto,99.95
4929-ROART,1,0,0,0,18,13-24 meses,Month-to-month,Mailed check,DSL,56.25,969.85,No,0.3593,Medio,0.0
1834-ABKHQ,0,0,1,1,52,49-72 meses,One year,Bank transfer (automatic),DSL,50.95,2610.65,No,0.2368,Bajo,0.0
1741-WTPON,1,0,1,1,56,49-72 meses,Two year,Mailed check,Fiber optic,115.85,6567.9,No,0.2338,Bajo,0.0
3932-IJWDZ,1,0,0,0,45,25-48 meses,Month-to-month,Bank transfer (automatic),Fiber optic,103.65,4747.85,No,0.5521,Medio,0.0
1240-HCBOH,0,0,0,0,67,49-72 meses,Two year,Mailed check,No,26.1,1759.55,No,0.052,Bajo,0.0
3594-KADLU,1,0,1,0,3,0-12 meses,Month-to-month,Mailed check,DSL,35.1,101.1,No,0.545,Medio,0.0
8065-BVEPF,1,1,0,0,65,49-72 meses,Month-to-month,Bank transfer (automatic),Fiber optic,99.1,6496.15,No,0.4914,Medio,0.0
3796-ENZGF,1,0,1,0,63,49-72 meses,Two year,Mailed check,DSL,67.25,4234.15,No,0.066,Bajo,0.0
1734-ZMNTZ,0,0,1,1,11,0-12 meses,Two year,Mailed check,No,25.0,300.7,No,0.0918,Bajo,0.0
2853-CWQFQ,1,0,0,1,1,0-12 meses,Month-to-month,Mailed check,DSL,59.55,59.55,No,0.6135,Alto,59.55
0813-TAXXS,1,0,0,0,55,49-72 meses,Two year,Bank transfer (automatic),DSL,77.8,4323.35,No,0.1552,Bajo,0.0
2519-TWKFS,1,0,1,1,25,25-48 meses,One year,Mailed check,DSL,55.1,1466.1,No,0.221,Bajo,0.0
2889-FPWRM,1,0,1,0,72,49-72 meses,One year,Bank transfer (automatic),Fiber optic,117.8,8684.8,Yes,0.2862,Bajo,0.0
0626-QXNGV,0,0,1,0,72,49-72 meses,Two year,Credit card (automatic),No,24.15,1776.45,No,0.0332,Bajo,0.0
6723-CEGQI,0,0,0,1,65,49-72 meses,Two year,Mailed check,DSL,45.25,2933.95,No,0.0836,Bajo,0.0
6987-XQSJT,0,1,0,0,54,49-72 meses,Month-to-month,Electronic check,Fiber optic,79.5,4370.25,Yes,0.6225,Alto,79.5
4732-RRJZC,1,0,1,1,7,0-12 meses,Month-to-month,Mailed check,No,20.25,144.35,No,0.1797,Bajo,0.0
9499-XPZXM,0,0,1,0,72,49-72 meses,Two year,Bank transfer (automatic),DSL,64.75,4804.75,No,0.0554,Bajo,0.0
4338-EYCER,1,0,1,0,21,13-24 meses,Month-to-month,Bank transfer (automatic),DSL,54.6,1125.2,No,0.4128,Medio,0.0
3007-FDPEA,0,0,0,0,2,0-12 meses,Month-to-month,Bank transfer (automatic),No,20.7,39.85,No,0.2603,Bajo,0.0
6350-XFYGW,1,1,0,0,4,0-12 meses,Month-to-month,Electronic check,Fiber optic,94.75,422.4,No,0.8708,Alto,94.75
4290-BSXUX,1,0,1,0,3,0-12 meses,Month-to-month,Bank transfer (automatic),Fiber optic,79.65,251.75,Yes,0.8157,Alto,79.65
8513-OLYGY,1,0,1,0,72,49-72 meses,Two year,Credit card (automatic),Fiber optic,115.8,8332.15,No,0.0956,Bajo,0.0
0311-QYWSS,0,0,0,0,6,0-12 meses,Month-to-month,Electronic check,DSL,49.45,314.6,No,0.632,Alto,49.45
8705-DWKTI,1,0,0,0,52,49-72 meses,Month-to-month,Credit card (automatic),Fiber optic,83.8,4331.4,No,0.4688,Medio,0.0
8755-IWJHN,1,1,1,0,69,49-72 meses,Month-to-month,Bank transfer (automatic),Fiber optic,95.35,6382.0,No,0.4622,Medio,0.0
0325-XBFAC,1,0,0,0,8,0-12 meses,Month-to-month,Electronic check,Fiber optic,94.7,740.3,Yes,0.8586,Alto,94.7
4480-QQRHC,0,1,0,0,8,0-12 meses,Month-to-month,Bank transfer (automatic),Fiber optic,74.05,600.15,No,0.7887,Alto,74.05
0929-PECLO,0,1,0,0,63,49-72 meses,Month-to-month,Bank transfer (automatic),Fiber optic,89.6,5538.8,No,0.465,Medio,0.0
3680-CTHUH,1,0,0,0,60,49-72 meses,One year,Credit card (automatic),Fiber optic,116.6,7049.5,No,0.3608,Medio,0.0
1202-KKGFU,0,0,1,0,12,0-12 meses,Month-to-month,Bank transfer (automatic),DSL,54.2,690.5,No,0.3569,Medio,0.0
6112-KTHFQ,0,0,0,0,13,13-24 meses,Month-to-month,Mailed check,No,19.3,279.3,No,0.178,Bajo,0.0
1852-XEMDW,1,0,0,0,22,13-24 meses,Month-to-month,Mailed check,DSL,65.05,1427.55,No,0.292,Bajo,0.0
2462-XIIJB,1,0,0,0,5,0-12 meses,Month-to-month,Electronic check,Fiber optic,92.5,452.7,Yes,0.8924,Alto,92.5
4760-XOHVN,0,0,1,1,1,0-12 meses,Month-to-month,Mailed check,No,19.45,19.45,Yes,0.488,Medio,0.0
1820-DJFPH,0,0,1,1,72,49-72 meses,Two year,Bank transfer (automatic),No,24.05,1709.15,No,0.0222,Bajo,0.0
9426-SXNHE,0,0,0,0,2,0-12 meses,Month-to-month,Bank transfer (automatic),No,18.75,53.15,No,0.2659,Bajo,0.0
9068-FHQHD,0,0,1,1,40,25-48 meses,Two year,Bank transfer (automatic),No,20.15,777.35,No,0.0254,Bajo,0.0
1269-FOYWN,1,0,1,1,44,25-48 meses,One year,Bank transfer (automatic),No,20.0,860.85,No,0.0443,Bajo,0.0
9470-YFUYI,1,1,1,0,71,49-72 meses,One year,Bank transfer (automatic),DSL,71.0,5012.1,No,0.1818,Bajo,0.0
7817-BOQPW,0,0,0,0,2,0-12 meses,Month-to-month,Electronic check,Fiber optic,75.55,166.3,Yes,0.8691,Alto,75.55
7402-EYFXX,1,1,0,0,26,25-48 meses,Month-to-month,Electronic check,Fiber optic,93.6,2404.1,No,0.7732,Alto,93.6
1853-UDXBW,1,0,1,1,1,0-12 meses,Month-to-month,Electronic check,Fiber optic,70.0,70.0,Yes,0.8705,Alto,70.0
9895-VFOXH,0,0,0,0,1,0-12 meses,Month-to-month,Mailed check,DSL,24.4,24.4,No,0.7043,Alto,24.4
5458-CQJTA,1,0,1,1,65,49-72 meses,Two year,Bank transfer (automatic),DSL,74.8,4820.15,Yes,0.1084,Bajo,0.0
1230-QAJDW,1,0,0,0,3,0-12 meses,Month-to-month,Mailed check,DSL,65.25,209.9,No,0.5643,Medio,0.0
5701-ZIKJE,1,0,0,0,13,13-24 meses,Month-to-month,Mailed check,DSL,50.55,610.75,No,0.4385,Medio,0.0
5219-YIPTK,0,0,1,0,33,25-48 meses,Month-to-month,Electronic check,Fiber optic,104.4,3409.6,Yes,0.7011,Alto,104.4
5032-MIYKT,0,0,0,0,1,0-12 meses,Month-to-month,Mailed check,Fiber optic,70.7,70.7,No,0.8814,Alto,70.7
7396-VJUZB,1,0,1,1,4,0-12 meses,Month-to-month,Mailed check,DSL,45.25,155.35,No,0.6275,Alto,45.25
9717-QEBGU,1,0,0,0,2,0-12 meses,Month-to-month,Electronic check,Fiber optic,70.3,144.0,No,0.8305,Alto,70.3
5172-RKOCB,1,0,1,0,72,49-72 meses,Two year,Credit card (automatic),Fiber optic,108.95,7875.0,No,0.1308,Bajo,0.0
6509-TSGWN,0,0,1,1,37,25-48 meses,Month-to-month,Mailed check,No,26.45,911.6,No,0.089,Bajo,0.0
3540-RZJYU,0,0,0,0,15,13-24 meses,Month-to-month,Electronic check,Fiber optic,86.2,1270.2,Yes,0.6379,Alto,86.2
3178-CIFOT,0,0,0,0,23,13-24 meses,One year,Credit card (automatic),No,19.65,478.1,No,0.0712,Bajo,0.0
2091-MJTFX,0,0,1,1,30,25-48 meses,Month-to-month,Credit card (automatic),DSL,51.2,1561.5,Yes,0.2867,Bajo,0.0
4530-NDRKU,0,0,1,1,42,25-48 meses,One year,Electronic check,No,19.05,761.85,No,0.0971,Bajo,0.0
5985-TBABQ,0,0,0,0,32,25-48 meses,One year,Mailed check,DSL,74.75,2282.95,No,0.2146,Bajo,0.0
9800-ONTFE,0,0,1,1,22,13-24 meses,Month-to-month,Bank transfer (automatic),Fiber optic,75.8,1615.1,No,0.603,Alto,75.8
6743-HHQPF,1,0,1,0,42,25-48 meses,Month-to-month,Credit card (automatic),DSL,25.1,1097.15,No,0.4054,Medio,0.0
8455-HIRAQ,0,0,0,0,8,0-12 meses,Month-to-month,Mailed check,DSL,44.45,369.3,No,0.5067,Medio,0.0
6616-AALSR,0,0,1,1,65,49-72 meses,Two year,Credit card (automatic),Fiber optic,104.3,6725.3,No,0.2445,Bajo,0.0
0883-EIBTI,0,0,0,0,2,0-12 meses,Month-to-month,Mailed check,No,19.5,31.55,Yes,0.2827,Bajo,0.0
9415-ZNBSX,0,0,1,1,70,49-72 meses,Two year,Bank transfer (automatic),DSL,89.0,6293.2,No,0.0333,Bajo,0.0
4018-KJYUY,1,0,0,1,22,13-24 meses,Month-to-month,Credit card (automatic),No,20.15,432.5,No,0.1033,Bajo,0.0
0722-TROQR,0,1,0,0,4,0-12 meses,Month-to-month,Electronic check,Fiber optic,74.9,321.75,Yes,0.8662,Alto,74.9
7571-YXDAD,0,0,0,0,2,0-12 meses,Month-to-month,Credit card (automatic),Fiber optic,74.9,147.15,Yes,0.7963,Alto,74.9
3884-UEBXB,0,0,1,1,67,49-72 meses,Two year,Bank transfer (automatic),DSL,36.15,2434.45,No,0.0972,Bajo,0.0
8780-RSYYU,0,0,0,0,25,25-48 meses,Month-to-month,Credit card (automatic),No,19.2,532.1,No,0.1357,Bajo,0.0
5537-UXXVS,0,0,1,0,20,13-24 meses,Month-to-month,Bank transfer (automatic),No,19.25,375.25,No,0.1858,Bajo,0.0
1791-PQHBB,0,0,0,1,2,0-12 meses,Month-to-month,Credit card (automatic),DSL,61.2,125.95,No,0.5381,Medio,0.0
8701-DGLVH,1,0,0,0,51,49-72 meses,Two year,Mailed check,No,20.45,1042.65,No,0.0423,Bajo,0.0
8741-LQOBK,0,0,1,1,46,25-48 meses,Month-to-month,Bank transfer (automatic),DSL,35.05,1620.25,No,0.2819,Bajo,0.0
3393-FMZPV,0,0,0,0,25,25-48 meses,Month-to-month,Electronic check,Fiber optic,100.25,2387.75,Yes,0.7741,Alto,100.25
8082-GHXOP,1,0,0,1,13,13-24 meses,Month-to-month,Mailed check,DSL,44.0,659.35,No,0.3973,Medio,0.0
6402-ZFPPI,0,1,0,0,25,25-48 meses,Month-to-month,Mailed check,Fiber optic,102.8,2660.2,Yes,0.6571,Alto,102.8
0980-FEXWF,1,0,1,1,26,25-48 meses,One year,Mailed check,DSL,50.35,1285.8,No,0.2321,Bajo,0.0
7486-KSRVI,1,0,0,0,43,25-48 meses,One year,Electronic check,Fiber optic,100.0,4211.55,Yes,0.5943,Medio,0.0
3011-WQKSZ,1,0,0,1,19,13-24 meses,Month-to-month,Electronic check,No,20.0,377.55,No,0.2009,Bajo,0.0
8443-WVPSS,1,0,1,0,10,0-12 meses,Month-to-month,Electronic check,Fiber optic,99.85,990.9,Yes,0.7966,Alto,99.85
3006-XIMLN,0,0,0,1,2,0-12 meses,Month-to-month,Bank transfer (automatic),Fiber optic,94.2,193.8,Yes,0.8835,Alto,94.2
8218-FFJDS,0,0,1,0,72,49-72 meses,Two year,Bank transfer (automatic),DSL,86.4,6058.95,No,0.0373,Bajo,0.0
1986-PHGZF,1,1,0,0,18,13-24 meses,Month-to-month,Credit card (automatic),DSL,58.4,964.9,No,0.4391,Medio,0.0
9965-YOKZB,1,1,0,0,9,0-12 meses,Month-to-month,Electronic check,Fiber optic,83.85,790.15,Yes,0.8695,Alto,83.85
0504-HHAPI,0,1,0,0,27,25-48 meses,Month-to-month,Credit card (automatic),Fiber optic,88.3,2467.75,Yes,0.5776,Medio,0.0
9360-OMDZZ,1,0,0,0,24,13-24 meses,Month-to-month,Electronic check,Fiber optic,94.1,2322.85,No,0.7627,Alto,94.1
6305-YLBMM,1,0,0,0,69,49-72 meses,One year,Bank transfer (automatic),Fiber optic,104.05,7262.0,Yes,0.4221,Medio,0.0
0345-XMMUG,0,0,1,0,46,25-48 meses,Two year,Credit card (automatic),Fiber optic,108.9,4854.3,No,0.3087,Medio,0.0
8024-XNAFQ,0,1,0,0,72,49-72 meses,Two year,Bank transfer (automatic),Fiber optic,107.4,7748.75,No,0.1517,Bajo,0.0
3647-GMGDH,1,0,1,0,22,13-24 meses,Month-to-month,Credit card (automatic),Fiber optic,94.7,1914.9,Yes,0.6433,Alto,94.7
2988-GBIVW,0,1,1,0,70,49-72 meses,Month-to-month,Electronic check,Fiber optic,90.85,6470.1,No,0.4458,Medio,0.0
2832-SCUCO,0,0,0,0,2,0-12 meses,Month-to-month,Electronic check,No,19.9,57.4,No,0.3018,Medio,0.0
7036-ZZKBD,1,0,1,0,31,25-48 meses,Month-to-month,Credit card (automatic),DSL,66.4,2019.8,No,0.2668,Bajo,0.0
3791-LGQCY,0,1,1,0,56,49-72 meses,Month-to-month,Bank transfer (automatic),Fiber optic,100.65,5688.05,Yes,0.5835,Medio,0.0
0265-PSUAE,0,0,1,1,16,13-24 meses,Month-to-month,Bank transfer (automatic),Fiber optic,100.7,1522.7,No,0.6194,Alto,100.7
0463-TXOAK,1,0,0,1,52,49-72 meses,Two year,Credit card (automatic),No,25.6,1334.5,No,0.0573,Bajo,0.0
0594-UFTUL,1,0,1,1,13,13-24 meses,Month-to-month,Mailed check,No,19.85,252.0,No,0.1764,Bajo,0.0
9509-MPYOD,0,0,0,0,35,25-48 meses,One year,Mailed check,No,20.75,700.45,No,0.0558,Bajo,0.0
9128-CPXKI,0,0,0,0,59,49-72 meses,Two year,Electronic check,Fiber optic,95.8,5655.45,No,0.318,Medio,0.0
0129-KPTWJ,1,0,1,0,72,49-72 meses,Month-to-month,Electronic check,Fiber optic,94.65,6747.35,No,0.5292,Medio,0.0
8166-ZZTFS,0,1,1,0,66,49-72 meses,Two year,Bank transfer (automatic),DSL,80.55,5265.1,Yes,0.2034,Bajo,0.0
5855-EIBDE,0,0,1,0,49,49-72 meses,Two year,Credit card (automatic),Fiber optic,106.65,5174.35,No,0.2291,Bajo,0.0
5365-LLFYV,0,0,0,0,2,0-12 meses,Month-to-month,Mailed check,DSL,45.85,105.6,No,0.7325,Alto,45.85
5956-YHHRX,1,1,0,0,21,13-24 meses,Month-to-month,Electronic check,Fiber optic,104.35,2271.85,No,0.7945,Alto,104.35
6008-NAIXK,1,1,0,0,54,49-72 meses,One year,Electronic check,DSL,55.45,2966.95,No,0.3963,Medio,0.0
2956-GGUCQ,1,1,1,0,24,13-24 meses,Month-to-month,Electronic check,Fiber optic,78.85,1772.25,Yes,0.6821,Alto,78.85
1928-BXYIV,1,0,0,0,1,0-12 meses,Month-to-month,Electronic check,DSL,61.15,61.15,No,0.6074,Alto,61.15
5760-FXFVO,1,0,0,0,6,0-12 meses,Month-to-month,Electronic check,Fiber optic,78.95,494.95,No,0.7503,Alto,78.95
6595-COKXZ,0,0,0,0,1,0-12 meses,Month-to-month,Mailed check,DSL,44.45,44.45,Yes,0.749,Alto,44.45
0961-ZWLVI,1,0,0,1,49,49-72 meses,One year,Credit card (automatic),Fiber optic,109.2,5290.45,No,0.406,Medio,0.0
5181-OABFK,0,0,1,1,56,49-72 meses,Two year,Credit card (automatic),DSL,61.3,3346.8,No,0.0643,Bajo,0.0
4007-NHVHI,0,1,0,0,56,49-72 meses,Month-to-month,Electronic check,Fiber optic,96.85,5219.65,No,0.5102,Medio,0.0
7816-VGHTO,0,0,1,1,6,0-12 meses,Two year,Mailed check,DSL,40.55,217.5,No,0.3043,Medio,0.0
5871-DGTXZ,1,0,0,0,32,25-48 meses,One year,Mailed check,No,19.8,607.7,No,0.0479,Bajo,0.0
7550-WIQVA,1,0,1,1,50,49-72 meses,One year,Electronic check,Fiber optic,108.25,5431.4,No,0.4743,Medio,0.0
7544-ZVIKX,1,0,1,1,58,49-72 meses,One year,Bank transfer (automatic),Fiber optic,105.05,6004.85,No,0.4188,Medio,0.0
0016-QLJIS,0,0,1,1,65,49-72 meses,Two year,Mailed check,DSL,90.45,5957.9,No,0.0353,Bajo,0.0
7508-DQAKK,0,0,0,0,64,49-72 meses,Two year,Credit card (automatic),DSL,86.4,5442.05,No,0.0686,Bajo,0.0
5176-OLSKT,0,0,1,0,66,49-72 meses,Two year,Bank transfer (automatic),DSL,66.9,4370.25,No,0.0729,Bajo,0.0
9356-AXGMP,1,0,1,0,38,25-48 meses,One year,Electronic check,Fiber optic,110.7,4428.6,No,0.5226,Medio,0.0
3556-BVQGL,0,0,1,0,20,13-24 meses,One year,Mailed check,No,20.0,416.45,No,0.0725,Bajo,0.0
0362-ZBZWJ,1,0,0,0,36,25-48 meses,Month-to-month,Electronic check,Fiber optic,84.9,3067.2,Yes,0.7141,Alto,84.9
8979-CAMGB,1,1,0,0,64,49-72 meses,One year,Electronic check,Fiber optic,102.1,6688.1,No,0.4757,Medio,0.0
4211-MMAZN,1,0,0,0,1,0-12 meses,Month-to-month,Mailed check,No,20.25,20.25,Yes,0.5492,Medio,0.0
7581-EBBOU,0,0,0,0,60,49-72 meses,One year,Credit card (automatic),DSL,70.15,4224.7,No,0.1668,Bajo,0.0
4274-OWWYO,1,0,0,0,1,0-12 meses,Month-to-month,Electronic check,Fiber optic,74.35,74.35,Yes,0.8872,Alto,74.35
5073-RZGBK,0,0,1,1,50,49-72 meses,One year,Bank transfer (automatic),DSL,80.05,4042.2,No,0.1918,Bajo,0.0
1541-ETJZO,1,0,0,0,1,0-12 meses,Month-to-month,Mailed check,DSL,62.05,62.05,Yes,0.5874,Medio,0.0
2192-CKRLV,0,0,1,0,72,49-72 meses,Two year,Electronic check,DSL,49.2,3580.95,No,0.2047,Bajo,0.0
3154-HMWUU,1,0,1,0,60,49-72 meses,Two year,Bank transfer (automatic),No,20.5,1198.8,No,0.0348,Bajo,0.0
6119-SPUDB,1,0,0,0,46,25-48 meses,Two year,Mailed check,DSL,38.25,1755.35,No,0.0791,Bajo,0.0
6522-OIQSX,0,0,1,1,69,49-72 meses,Two year,Credit card (automatic),DSL,54.95,3772.5,No,0.1004,Bajo,0.0
7813-ZGGAW,1,1,0,0,31,25-48 meses,Month-to-month,Bank transfer (automatic),Fiber optic,96.6,2877.95,No,0.5447,Medio,0.0
8748-HFWBO,1,0,1,1,19,13-24 meses,One year,Mailed check,No,19.9,357.7,No,0.082,Bajo,0.0
1052-QJIBV,0,0,1,1,71,49-72 meses,Two year,Credit card (automatic),No,19.9,1397.3,No,0.0139,Bajo,0.0
1319-YLZJG,1,0,1,0,12,0-12 meses,Month-to-month,Electronic check,Fiber optic,84.6,959.9,No,0.7027,Alto,84.6
4106-HADHQ,1,0,1,1,39,25-48 meses,One year,Credit card (automatic),DSL,80.0,3182.95,Yes,0.2714,Bajo,0.0
0723-FDLAY,1,0,0,0,44,25-48 meses,One year,Bank transfer (automatic),DSL,85.25,3704.15,No,0.2643,Bajo,0.0
3050-RLLXC,0,0,1,1,56,49-72 meses,Two year,Credit card (automatic),DSL,81.25,4620.4,No,0.0725,Bajo,0.0
9298-WGMRW,0,0,1,0,72,49-72 meses,Two year,Bank transfer (automatic),Fiber optic,115.5,8312.75,No,0.0958,Bajo,0.0
2369-UAPKZ,1,0,0,0,5,0-12 meses,Month-to-month,Mailed check,Fiber optic,104.1,541.9,Yes,0.8029,Alto,104.1
3088-LHEFH,0,0,0,0,11,0-12 meses,Month-to-month,Bank transfer (automatic),Fiber optic,79.0,929.3,No,0.679,Alto,79.0
2778-OCLGR,1,1,1,0,24,13-24 meses,Month-to-month,Bank transfer (automatic),DSL,39.1,971.3,Yes,0.431,Medio,0.0
6583-KQJLK,0,1,1,0,15,13-24 meses,Month-to-month,Electronic check,Fiber optic,94.65,1285.05,No,0.7746,Alto,94.65
8544-JNBOX,1,0,0,0,72,49-72 meses,Two year,Mailed check,No,20.8,1521.2,No,0.052,Bajo,0.0
6681-ZSEXG,1,0,1,0,56,49-72 meses,Two year,Credit card (automatic),DSL,59.5,3389.25,No,0.1164,Bajo,0.0
6139-ZZRBQ,1,1,0,0,64,49-72 meses,Two year,Bank transfer (automatic),No,20.05,1198.05,No,0.0626,Bajo,0.0
6116-RFVHN,0,0,1,0,34,25-48 meses,Month-to-month,Electronic check,Fiber optic,100.45,3414.65,No,0.7202,Alto,100.45
0637-KVDLV,1,0,0,0,2,0-12 meses,Month-to-month,Electronic check,Fiber optic,76.5,162.45,Yes,0.868,Alto,76.5
8884-FEEWR,1,0,0,0,35,25-48 meses,One year,Bank transfer (automatic),No,20.6,754.0,No,0.079,Bajo,0.0
3125-RAHBV,1,0,0,0,22,13-24 meses,One year,Credit card (automatic),No,20.3,467.15,No,0.0677,Bajo,0.0
6633-MPWBS,1,0,0,0,5,0-12 meses,Month-to-month,Electronic check,DSL,49.2,216.9,Yes,0.6913,Alto,49.2
0373-AIVNJ,1,0,0,0,9,0-12 meses,One year,Mailed check,DSL,39.55,373.0,No,0.3835,Medio,0.0
8785-EPNCG,1,0,0,0,11,0-12 meses,Month-to-month,Credit card (automatic),No,23.15,245.2,Yes,0.2315,Bajo,0.0
1682-VCOIO,1,0,0,0,23,13-24 meses,One year,Mailed check,No,20.45,481.1,No,0.0588,Bajo,0.0
5729-KLZAR,0,0,1,1,4,0-12 meses,Month-to-month,Electronic check,Fiber optic,80.85,302.75,Yes,0.8221,Alto,80.85
2072-ZVJJX,1,0,1,0,68,49-72 meses,Two year,Bank transfer (automatic),No,25.25,1728.2,No,0.0273,Bajo,0.0
8849-AYPTR,1,0,1,0,33,25-48 meses,Month-to-month,Electronic check,Fiber optic,91.25,2964.05,No,0.6252,Alto,91.25
9518-IMLHK,1,0,0,0,31,25-48 meses,Month-to-month,Bank transfer (automatic),DSL,72.45,2156.25,No,0.2413,Bajo,0.0
1582-RAFML,1,0,0,0,1,0-12 meses,Month-to-month,Mailed check,DSL,60.1,60.1,Yes,0.5878,Medio,0.0
3646-ITDGM,0,0,0,0,56,49-72 meses,Two year,Bank transfer (automatic),No,19.7,1051.9,No,0.0751,Bajo,0.0
8740-CRYFY,1,0,0,0,1,0-12 meses,Month-to-month,Electronic check,Fiber optic,78.95,78.95,Yes,0.9109,Alto,78.95
3569-VLDHH,1,0,1,1,66,49-72 meses,One year,Electronic check,DSL,75.1,5013.0,No,0.1672,Bajo,0.0
8224-KDLKN,1,0,1,1,72,49-72 meses,Two year,Bank transfer (automatic),No,25.0,1738.9,No,0.0149,Bajo,0.0
7594-LZNWR,1,1,0,0,34,25-48 meses,Month-to-month,Credit card (automatic),Fiber optic,69.15,2275.1,No,0.5189,Medio,0.0
4001-TSBTV,0,0,1,1,58,49-72 meses,Month-to-month,Electronic check,Fiber optic,91.55,5511.65,No,0.4863,Medio,0.0
2962-XPMCQ,1,0,0,0,2,0-12 meses,Month-to-month,Electronic check,DSL,45.15,98.5,Yes,0.7824,Alto,45.15
8727-XDPUD,1,0,0,0,37,25-48 meses,Two year,Credit card (automatic),DSL,35.8,1316.9,No,0.1895,Bajo,0.0
1043-UXOVO,0,0,0,0,71,49-72 meses,Two year,Credit card (automatic),Fiber optic,113.15,7993.3,No,0.1242,Bajo,0.0
1064-FBXNK,1,0,1,1,1,0-12 meses,One year,Credit card (automatic),No,19.85,19.85,No,0.3784,Medio,0.0
3996-ZNWYK,1,1,1,1,71,49-72 meses,Two year,Credit card (automatic),No,19.8,1388.45,No,0.0255,Bajo,0.0
2878-DHMIN,1,0,1,1,35,25-48 meses,One year,Electronic check,No,19.9,666.0,No,0.073,Bajo,0.0
7762-ONLJY,0,0,1,1,6,0-12 meses,One year,Mailed check,No,19.7,94.45,No,0.1785,Bajo,0.0
1678-FYZOW,0,0,0,0,3,0-12 meses,Month-to-month,Electronic check,Fiber optic,79.4,244.65,Yes,0.8605,Alto,79.4
5795-BKOYE,0,0,1,1,69,49-72 meses,One year,Bank transfer (automatic),DSL,59.1,4134.7,No,0.1366,Bajo,0.0
8627-EHGIP,1,0,0,0,44,25-48 meses,One year,Mailed check,DSL,53.95,2375.4,Yes,0.4065,Medio,0.0
7402-PWYJJ,0,0,1,0,53,49-72 meses,One year,Electronic check,Fiber optic,91.15,4862.5,No,0.4315,Medio,0.0
5480-TBGPH,0,0,1,0,24,13-24 meses,Month-to-month,Credit card (automatic),Fiber optic,99.3,2431.35,Yes,0.6411,Alto,99.3
0018-NYROU,0,0,1,0,5,0-12 meses,Month-to-month,Electronic check,Fiber optic,68.95,351.5,No,0.7952,Alto,68.95
7501-VTYLJ,0,0,0,1,2,0-12 meses,Month-to-month,Mailed check,DSL,51.55,106.2,No,0.6345,Alto,51.55
7608-RGIRO,1,0,0,1,62,49-72 meses,Two year,Mailed check,No,24.4,1413.0,No,0.05,Bajo,0.0
0480-BIXDE,0,0,1,0,19,13-24 meses,Month-to-month,Electronic check,Fiber optic,96.8,1743.05,No,0.7257,Alto,96.8
5895-QSXOD,1,0,0,0,9,0-12 meses,Month-to-month,Mailed check,Fiber optic,70.05,657.5,No,0.7081,Alto,70.05
9814-AOUDH,1,0,0,0,53,49-72 meses,Two year,Credit card (automatic),No,19.5,1050.5,No,0.067,Bajo,0.0
6175-IRFIT,1,0,0,0,5,0-12 meses,Month-to-month,Mailed check,Fiber optic,78.75,426.35,No,0.7861,Alto,78.75
8760-ZRHKE,0,1,1,1,71,49-72 meses,One year,Electronic check,DSL,69.2,4982.5,No,0.2009,Bajo,0.0
1622-HSHSF,0,0,0,0,1,0-12 meses,Month-to-month,Mailed check,No,19.55,19.55,No,0.5673,Medio,0.0
8854-CCVSQ,1,0,0,0,18,13-24 meses,Month-to-month,Electronic check,Fiber optic,80.65,1451.9,Yes,0.7519,Alto,80.65
6749-UTDVX,1,0,0,0,72,49-72 meses,Two year,Electronic check,Fiber optic,103.65,7634.8,No,0.347,Medio,0.0
5542-DHSXL,0,0,1,0,4,0-12 meses,Month-to-month,Mailed check,DSL,54.7,235.05,No,0.4868,Medio,0.0
9102-OXKFY,1,0,0,0,59,49-72 meses,Two year,Credit card (automatic),DSL,54.15,3116.15,No,0.1587,Bajo,0.0
0511-JTEOY,0,0,0,0,1,0-12 meses,Month-to-month,Mailed check,Fiber optic,71.1,71.1,Yes,0.8522,Alto,71.1
5216-WASFJ,0,1,1,0,31,25-48 meses,Month-to-month,Electronic check,Fiber optic,84.85,2633.4,No,0.7392,Alto,84.85
7808-DVWEP,1,0,1,0,3,0-12 meses,Month-to-month,Bank transfer (automatic),No,20.0,49.65,No,0.2832,Bajo,0.0
7067-KSAZT,0,1,1,0,65,49-72 meses,One year,Electronic check,Fiber optic,106.25,6979.8,Yes,0.4766,Medio,0.0
2284-VFLKH,1,0,1,0,49,49-72 meses,One year,Credit card (automatic),Fiber optic,99.25,4920.8,No,0.4017,Medio,0.0
0366-NQSHS,1,0,0,0,2,0-12 meses,Month-to-month,Mailed check,No,19.35,46.35,No,0.2005,Bajo,0.0
6532-YLWSI,0,0,1,0,53,49-72 meses,One year,Bank transfer (automatic),No,20.8,1021.8,Yes,0.1224,Bajo,0.0
3807-BPOMJ,0,0,1,0,55,49-72 meses,One year,Electronic check,Fiber optic,94.75,5276.1,No,0.439,Medio,0.0
3892-NXAZG,1,0,1,1,72,49-72 meses,Two year,Credit card (automatic),Fiber optic,114.05,8289.2,No,0.0837,Bajo,0.0
4948-WBBKL,0,1,0,0,36,25-48 meses,Month-to-month,Bank transfer (automatic),Fiber optic,74.9,2659.45,No,0.6059,Alto,74.9
4182-BGSIQ,0,0,1,1,10,0-12 meses,Month-to-month,Bank transfer (automatic),No,19.8,196.75,No,0.2443,Bajo,0.0
9300-AGZNL,1,1,0,0,1,0-12 meses,Month-to-month,Electronic check,Fiber optic,94.0,94.0,Yes,0.932,Alto,94.0
0988-AADSA,0,0,1,1,72,49-72 meses,Two year,Bank transfer (automatic),DSL,80.85,5824.75,No,0.0313,Bajo,0.0
9972-NKTFD,0,0,0,0,28,25-48 meses,Month-to-month,Bank transfer (automatic),DSL,54.65,1517.5,No,0.2477,Bajo,0.0
3717-LNXKW,1,0,1,0,38,25-48 meses,Month-to-month,Bank transfer (automatic),Fiber optic,91.7,3479.05,No,0.4839,Medio,0.0
5734-EJKXG,0,0,0,0,61,49-72 meses,One year,Electronic check,Fiber optic,118.6,7365.7,No,0.3812,Medio,0.0
2207-RYYRL,1,0,1,1,52,49-72 meses,Two year,Mailed check,No,24.55,1331.05,No,0.0282,Bajo,0.0
6729-FZWSY,1,0,0,0,67,49-72 meses,One year,Mailed check,No,19.45,1195.95,No,0.0817,Bajo,0.0
9695-IDRZR,0,0,0,1,34,25-48 meses,Two year,Credit card (automatic),Fiber optic,116.15,3946.9,No,0.2638,Bajo,0.0
8144-DGHXP,0,0,0,0,54,49-72 meses,Two year,Electronic check,DSL,80.6,4299.95,No,0.1378,Bajo,0.0
7814-LEEVE,0,0,1,0,1,0-12 meses,Month-to-month,Bank transfer (automatic),No,20.3,20.3,No,0.5187,Medio,0.0
1112-CUNAO,0,1,0,0,15,13-24 meses,Month-to-month,Electronic check,Fiber optic,89.85,1424.95,Yes,0.7119,Alto,89.85
5175-AOBHI,0,0,0,0,4,0-12 meses,Month-to-month,Mailed check,DSL,46.0,193.6,Yes,0.691,Alto,46.0
5174-RNGBH,0,0,0,0,9,0-12 meses,Month-to-month,Mailed check,DSL,66.25,620.55,Yes,0.4781,Medio,0.0
8631-WUXGY,0,0,0,1,46,25-48 meses,Month-to-month,Electronic check,Fiber optic,99.8,4391.25,No,0.5912,Medio,0.0
7270-BDIOA,0,0,0,0,22,13-24 meses,Month-to-month,Electronic check,Fiber optic,90.0,1993.8,Yes,0.7383,Alto,90.0
9565-JSNFM,1,0,0,0,38,25-48 meses,One year,Bank transfer (automatic),Fiber optic,70.45,2597.6,Yes,0.3995,Medio,0.0
5906-DVAPM,0,0,1,1,55,49-72 meses,One year,Credit card (automatic),DSL,75.0,4213.9,No,0.1308,Bajo,0.0
6654-QGBZZ,0,0,0,0,1,0-12 meses,Month-to-month,Mailed check,No,19.9,19.9,No,0.571,Medio,0.0
8348-JLBUG,1,1,1,0,64,49-72 meses,One year,Credit card (automatic),Fiber optic,80.3,5017.7,No,0.2575,Bajo,0.0
0607-DAAHE,1,0,0,1,53,49-72 meses,Two year,Bank transfer (automatic),No,19.75,1052.35,Yes,0.0909,Bajo,0.0
5641-DMBFJ,0,0,1,0,58,49-72 meses,Two year,Electronic check,DSL,84.3,4916.4,No,0.1608,Bajo,0.0
9200-NLNPD,1,0,1,0,56,49-72 meses,One year,Bank transfer (automatic),DSL,54.05,2959.8,No,0.1977,Bajo,0.0
2664-XJZNO,1,0,1,1,72,49-72 meses,Two year,Credit card (automatic),Fiber optic,104.9,7559.55,No,0.1819,Bajo,0.0
9732-KPKBW,1,0,0,0,1,0-12 meses,Month-to-month,Electronic check,DSL,53.95,53.95,Yes,0.6626,Alto,53.95
3339-EAQNV,1,1,1,0,72,49-72 meses,One year,Credit card (automatic),Fiber optic,97.25,7133.1,No,0.4042,Medio,0.0
0921-OHLVP,1,0,0,0,22,13-24 meses,Month-to-month,Electronic check,Fiber optic,83.05,1799.3,No,0.6874,Alto,83.05
3389-YGYAI,0,1,0,0,8,0-12 meses,Month-to-month,Electronic check,Fiber optic,105.5,829.55,Yes,0.8903,Alto,105.5
9560-ARGQJ,0,0,0,1,16,13-24 meses,Month-to-month,Electronic check,Fiber optic,81.0,1312.15,Yes,0.7329,Alto,81.0
8350-NYMVI,0,0,0,0,39,25-48 meses,Month-to-month,Bank transfer (automatic),DSL,41.1,1597.05,No,0.2837,Bajo,0.0
1600-DILPE,0,0,0,0,12,0-12 meses,Month-to-month,Bank transfer (automatic),DSL,45.0,524.35,No,0.4875,Medio,0.0
0536-ESJEP,1,0,1,0,54,49-72 meses,Two year,Bank transfer (automatic),DSL,74.55,4191.45,No,0.0868,Bajo,0.0
4654-GGUII,0,0,0,0,18,13-24 meses,One year,Mailed check,DSL,40.2,711.95,No,0.3033,Medio,0.0
6478-HRRCZ,1,0,1,0,32,25-48 meses,One year,Mailed check,DSL,70.5,2201.75,No,0.1946,Bajo,0.0
8510-BBWMU,0,0,0,0,41,25-48 meses,One year,Mailed check,No,19.75,806.95,No,0.0718,Bajo,0.0
6857-TKDJV,1,0,1,1,67,49-72 meses,Two year,Bank transfer (automatic),No,24.65,1620.45,No,0.0143,Bajo,0.0
2360-RDGRO,1,0,1,0,65,49-72 meses,Month-to-month,Electronic check,Fiber optic,104.25,6812.95,No,0.5042,Medio,0.0
0584-BJQGZ,0,0,0,0,25,25-48 meses,Month-to-month,Bank transfer (automatic),DSL,78.35,1837.9,No,0.2606,Bajo,0.0
5134-IKDAY,0,0,1,1,1,0-12 meses,Month-to-month,Electronic check,Fiber optic,69.8,69.8,Yes,0.8718,Alto,69.8
1360-XFJMR,0,0,1,0,67,49-72 meses,One year,Credit card (automatic),Fiber optic,109.7,7344.45,No,0.3643,Medio,0.0
3070-DVEYC,1,1,0,0,7,0-12 meses,Month-to-month,Mailed check,Fiber optic,73.75,545.15,Yes,0.7779,Alto,73.75
5730-RIITO,0,1,0,0,43,25-48 meses,Month-to-month,Credit card (automatic),DSL,33.45,1500.25,No,0.3815,Medio,0.0
9058-MJLZC,0,0,0,0,24,13-24 meses,Month-to-month,Electronic check,Fiber optic,94.6,2283.15,No,0.6763,Alto,94.6
5707-ORNDZ,1,1,0,0,9,0-12 meses,Month-to-month,Electronic check,DSL,54.55,494.05,Yes,0.5756,Medio,0.0
0902-XKXPN,1,0,1,1,69,49-72 meses,Two year,Bank transfer (automatic),No,20.2,1376.5,No,0.0225,Bajo,0.0
5177-RVZNU,0,0,0,1,37,25-48 meses,One year,Bank transfer (automatic),No,20.3,755.4,No,0.058,Bajo,0.0
0056-EPFBG,1,0,1,1,20,13-24 meses,Two year,Credit card (automatic),DSL,39.4,825.4,No,0.1985,Bajo,0.0
8993-IZEUX,1,0,0,0,7,0-12 meses,Month-to-month,Bank transfer (automatic),Fiber optic,69.15,488.65,No,0.7211,Alto,69.15
8696-JKZNU,0,1,0,0,37,25-48 meses,Month-to-month,Electronic check,Fiber optic,76.25,2841.55,Yes,0.6973,Alto,76.25
5380-AFSSK,0,0,0,0,5,0-12 meses,Month-to-month,Mailed check,Fiber optic,93.9,486.85,Yes,0.8836,Alto,93.9
8190-ZTQFB,1,0,0,0,41,25-48 meses,One year,Electronic check,DSL,51.35,2075.1,No,0.4051,Medio,0.0
0931-MHTEM,0,0,0,0,54,49-72 meses,One year,Credit card (automatic),Fiber optic,100.05,5299.65,No,0.4314,Medio,0.0
2055-PDADH,0,1,0,0,3,0-12 meses,Month-to-month,Electronic check,Fiber optic,70.4,204.7,Yes,0.8342,Alto,70.4
7515-LODFU,1,1,0,0,69,49-72 meses,Two year,Credit card (automatic),No,20.3,1356.3,No,0.0444,Bajo,0.0
0440-UEDAI,0,0,0,0,53,49-72 meses,One year,Credit card (automatic),Fiber optic,94.45,5042.75,No,0.3397,Medio,0.0
1337-BOZWO,1,0,1,1,18,13-24 meses,One year,Credit card (automatic),DSL,46.4,812.4,No,0.3472,Medio,0.0
0868-VJRDR,1,0,1,0,64,49-72 meses,Two year,Credit card (automatic),Fiber optic,104.05,6605.55,No,0.2085,Bajo,0.0
8714-EUHJO,0,0,1,1,31,25-48 meses,Month-to-month,Electronic check,Fiber optic,91.15,2995.45,Yes,0.6579,Alto,91.15
6344-SFJVH,0,0,0,0,20,13-24 meses,Month-to-month,Credit card (automatic),DSL,24.9,505.95,No,0.4211,Medio,0.0
3950-VPYJB,1,0,1,1,57,49-72 meses,One year,Mailed check,DSL,59.6,3509.4,No,0.1068,Bajo,0.0
8041-TMEID,1,1,1,0,63,49-72 meses,Two year,Credit card (automatic),Fiber optic,108.5,6991.9,No,0.2499,Bajo,0.0
7321-ZNSLA,1,0,1,1,13,13-24 meses,Two year,Mailed check,DSL,40.55,590.35,No,0.1759,Bajo,0.0
6941-KXRRV,0,1,1,0,48,25-48 meses,One year,Bank transfer (automatic),DSL,58.95,2789.7,No,0.3158,Medio,0.0
3721-CNEYS,0,0,0,0,2,0-12 meses,Month-to-month,Electronic check,Fiber optic,70.95,137.95,Yes,0.8378,Alto,70.95
8727-JQFHV,1,0,1,1,57,49-72 meses,Two year,Mailed check,No,20.75,1123.15,No,0.031,Bajo,0.0
9475-NNDGC,1,0,1,0,71,49-72 meses,One year,Bank transfer (automatic),Fiber optic,113.15,7953.25,No,0.3479,Medio,0.0
1355-KUSBG,0,0,1,1,7,0-12 meses,Month-to-month,Electronic check,DSL,48.8,349.8,No,0.6184,Alto,48.8
3688-FTHLT,0,0,0,0,16,13-24 meses,Month-to-month,Bank transfer (automatic),DSL,63.05,1067.05,No,0.4988,Medio,0.0
0899-LIIBW,1,0,1,0,34,25-48 meses,Month-to-month,Electronic check,Fiber optic,100.85,3527.3,No,0.6683,Alto,100.85
2568-OIADY,0,0,1,0,37,25-48 meses,Month-to-month,Electronic check,Fiber optic,99.5,3762.0,Yes,0.7178,Alto,99.5
1384-RCUXW,1,0,0,0,16,13-24 meses,Month-to-month,Mailed check,Fiber optic,80.55,1248.9,No,0.6455,Alto,80.55
5825-XJOCM,1,0,0,1,48,25-48 meses,One year,Bank transfer (automatic),DSL,64.4,3035.35,No,0.1806,Bajo,0.0
6848-YLDFR,1,0,1,1,58,49-72 meses,One year,Credit card (automatic),DSL,75.2,4300.8,No,0.2003,Bajo,0.0
8125-QPFJD,0,0,1,0,72,49-72 meses,Two year,Bank transfer (automatic),DSL,84.9,6065.3,No,0.0508,Bajo,0.0
2320-YKQBO,0,0,0,0,7,0-12 meses,Month-to-month,Mailed check,No,19.3,144.95,No,0.2028,Bajo,0.0
1193-RTSLK,0,0,0,0,38,25-48 meses,Month-to-month,Credit card (automatic),Fiber optic,83.9,3233.6,Yes,0.4827,Medio,0.0
2302-ANTDP,0,1,1,0,48,25-48 meses,Month-to-month,Electronic check,Fiber optic,117.45,5438.9,Yes,0.4895,Medio,0.0
5923-GXUOC,1,0,0,0,10,0-12 meses,Month-to-month,Electronic check,Fiber optic,104.4,1081.45,Yes,0.7854,Alto,104.4
4973-RLZVI,0,0,0,0,30,25-48 meses,One year,Credit card (automatic),DSL,74.65,2308.6,No,0.2478,Bajo,0.0
7869-ZYDST,1,0,1,0,31,25-48 meses,Month-to-month,Credit card (automatic),DSL,59.05,1882.8,No,0.3051,Medio,0.0
4501-UYKBC,0,1,0,0,46,25-48 meses,One year,Credit card (automatic),DSL,69.1,3255.35,No,0.2488,Bajo,0.0
1215-EXRMO,1,0,1,0,50,49-72 meses,Two year,Mailed check,No,20.55,1067.65,No,0.0338,Bajo,0.0
2305-MRGLV,1,0,1,0,28,25-48 meses,Month-to-month,Bank transfer (automatic),Fiber optic,76.55,2065.4,No,0.4317,Medio,0.0
8404-VIOMB,0,0,0,0,66,49-72 meses,Two year,Bank transfer (automatic),DSL,62.5,4136.4,No,0.044,Bajo,0.0
5233-GEEAX,1,1,0,0,8,0-12 meses,Month-to-month,Electronic check,DSL,29.4,221.9,Yes,0.7258,Alto,29.4
2359-KLTEK,0,0,1,1,41,25-48 meses,Month-to-month,Bank transfer (automatic),Fiber optic,94.9,3848.0,No,0.5473,Medio,0.0
5304-EFJLP,1,1,1,0,72,49-72 meses,Two year,Bank transfer (automatic),Fiber optic,111.65,8022.85,No,0.1808,Bajo,0.0
2673-ZALNP,0,0,0,0,7,0-12 meses,One year,Mailed check,No,19.9,173.15,No,0.1626,Bajo,0.0
9184-GALIL,0,0,1,1,38,25-48 meses,Month-to-month,Mailed check,No,20.45,781.25,No,0.0774,Bajo,0.0
4393-RYCRE,1,0,0,0,44,25-48 meses,One year,Electronic check,Fiber optic,106.05,4510.8,No,0.4928,Medio,0.0
9746-MDMBK,1,0,1,1,47,25-48 meses,One year,Bank transfer (automatic),Fiber optic,113.45,5317.8,No,0.3693,Medio,0.0
3162-ZJZFU,1,0,1,1,53,49-72 meses,Month-to-month,Electronic check,Fiber optic,92.55,4779.45,No,0.4373,Medio,0.0
8404-GFGCZ,1,0,1,0,4,0-12 meses,Month-to-month,Electronic check,DSL,65.6,250.1,No,0.622,Alto,65.6
8875-AKBYH,1,1,0,0,20,13-24 meses,Month-to-month,Electronic check,Fiber optic,84.35,1745.2,No,0.7736,Alto,84.35
4432-ADRLB,1,0,0,0,2,0-12 meses,Month-to-month,Mailed check,DSL,44.65,74.9,Yes,0.7041,Alto,44.65
0533-UCAAU,1,1,1,0,57,49-72 meses,One year,Credit card (automatic),DSL,71.1,4140.1,No,0.2269,Bajo,0.0
1394-SUIUH,0,1,1,0,44,25-48 meses,Month-to-month,Electronic check,Fiber optic,85.15,3670.5,No,0.4809,Medio,0.0
3521-MNKLV,1,0,0,0,24,13-24 meses,Month-to-month,Mailed check,DSL,49.7,1167.8,No,0.3896,Medio,0.0
2533-TIBIX,1,0,1,1,15,13-24 meses,Month-to-month,Bank transfer (automatic),DSL,30.2,469.65,No,0.4023,Medio,0.0
8993-PHFWD,0,0,0,0,3,0-12 meses,Month-to-month,Electronic check,DSL,25.25,58.9,Yes,0.7239,Alto,25.25
1565-RHDJD,0,0,0,1,4,0-12 meses,Month-to-month,Bank transfer (automatic),Fiber optic,84.05,333.55,Yes,0.7945,Alto,84.05
7137-RYLPP,1,1,1,0,37,25-48 meses,Month-to-month,Electronic check,Fiber optic,85.7,3171.15,Yes,0.7243,Alto,85.7
3765-JXVKY,0,0,0,0,1,0-12 meses,Month-to-month,Electronic check,Fiber optic,74.7,74.7,Yes,0.8899,Alto,74.7
5092-STPKP,0,0,0,0,24,13-24 meses,Month-to-month,Credit card (automatic),DSL,56.35,1381.2,No,0.2411,Bajo,0.0
7330-WZLNC,0,0,0,0,5,0-12 meses,Month-to-month,Electronic check,Fiber optic,90.8,455.5,Yes,0.8925,Alto,90.8
0114-PEGZZ,0,0,0,0,33,25-48 meses,Month-to-month,Electronic check,Fiber optic,107.55,3645.5,No,0.6054,Alto,107.55
3359-DSRKA,0,0,1,1,58,49-72 meses,Two year,Mailed check,No,19.85,1158.85,No,0.0459,Bajo,0.0
8639-NHQEI,0,0,1,1,72,49-72 meses,Two year,Bank transfer (automatic),Fiber optic,95.9,6954.15,No,0.1442,Bajo,0.0
7161-DFHUF,0,0,1,0,71,49-72 meses,Two year,Mailed check,No,23.85,1672.1,No,0.0294,Bajo,0.0
3957-LXOLK,0,1,0,0,28,25-48 meses,Month-to-month,Electronic check,Fiber optic,106.15,3152.5,Yes,0.7317,Alto,106.15
3720-DBRWL,1,0,1,0,51,49-72 meses,Two year,Credit card (automatic),DSL,83.85,4307.1,No,0.0531,Bajo,0.0
6635-MYYYZ,0,0,0,0,30,25-48 meses,One year,Bank transfer (automatic),DSL,85.35,2530.4,Yes,0.2855,Bajo,0.0
8565-WUXZU,1,1,1,0,72,49-72 meses,Two year,Credit card (automatic),Fiber optic,84.8,6141.65,No,0.1244,Bajo,0.0
5281-BUZGT,1,1,0,0,36,25-48 meses,Month-to-month,Electronic check,Fiber optic,90.85,3186.7,Yes,0.6599,Alto,90.85
4994-OBRSZ,1,0,0,1,14,13-24 meses,Two year,Bank transfer (automatic),DSL,76.1,1054.8,No,0.1867,Bajo,0.0
0562-FGDCR,0,0,1,1,72,49-72 meses,Two year,Mailed check,DSL,74.55,5430.65,No,0.0499,Bajo,0.0
2436-QBZFP,0,0,1,1,22,13-24 meses,Month-to-month,Electronic check,DSL,39.2,849.9,No,0.4741,Medio,0.0
3420-YJLQT,0,0,0,0,2,0-12 meses,Month-to-month,Electronic check,Fiber optic,79.55,151.75,No,0.8152,Alto,79.55
6040-CGACY,0,0,0,0,15,13-24 meses,Month-to-month,Mailed check,No,19.6,299.4,No,0.1789,Bajo,0.0
6582-PLFUU,1,0,1,1,51,49-72 meses,Two year,Credit card (automatic),No,19.55,1086.75,No,0.0249,Bajo,0.0
8242-PDSGJ,1,0,1,0,70,49-72 meses,Two year,Credit card (automatic),DSL,39.15,2692.75,No,0.082,Bajo,0.0
0264-CNITK,0,0,1,1,71,49-72 meses,Two year,Bank transfer (automatic),No,20.1,1389.6,No,0.0204,Bajo,0.0
0089-IIQKO,0,0,1,1,39,25-48 meses,Month-to-month,Credit card (automatic),Fiber optic,99.95,3767.4,No,0.5416,Medio,0.0
7839-NUIAA,0,0,1,1,61,49-72 meses,Month-to-month,Electronic check,DSL,59.8,3641.5,No,0.2507,Bajo,0.0
6075-QMNRR,0,0,0,0,52,49-72 meses,Month-to-month,Bank transfer (automatic),DSL,49.75,2535.55,No,0.2601,Bajo,0.0
5378-IKEEG,0,0,0,0,1,0-12 meses,Month-to-month,Electronic check,DSL,35.75,35.75,Yes,0.8118,Alto,35.75
5966-EMAZU,1,0,1,0,64,49-72 meses,One year,Mailed check,Fiber optic,108.5,6880.85,No,0.3727,Medio,0.0
0440-EKDCF,1,0,1,0,62,49-72 meses,Two year,Credit card (automatic),DSL,60.15,3753.2,No,0.0642,Bajo,0.0
4774-HHGGS,1,0,1,0,30,25-48 meses,Two year,Mailed check,No,19.05,637.55,No,0.0436,Bajo,0.0
2718-GAXQD,0,1,1,1,4,0-12 meses,Month-to-month,Electronic check,DSL,46.0,181.6,Yes,0.6945,Alto,46.0
2055-BFOCC,1,1,1,0,63,49-72 meses,One year,Bank transfer (automatic),DSL,84.0,5329.55,No,0.2166,Bajo,0.0
8180-AKMJV,0,0,0,0,1,0-12 meses,Month-to-month,Credit card (automatic),DSL,44.55,44.55,No,0.7289,Alto,44.55
4298-OYIFC,1,0,1,0,15,13-24 meses,Month-to-month,Electronic check,Fiber optic,103.45,1539.8,No,0.7773,Alto,103.45
5566-SOEZD,1,0,1,1,27,25-48 meses,One year,Credit card (automatic),Fiber optic,80.65,2209.75,No,0.3657,Medio,0.0
9842-EFSYY,0,0,0,1,4,0-12 meses,Month-to-month,Mailed check,DSL,57.2,223.75,No,0.5186,Medio,0.0
2272-WUSPA,0,0,1,0,72,49-72 meses,Two year,Electronic check,Fiber optic,110.75,7751.7,No,0.2263,Bajo,0.0
4584-LBNMK,1,1,1,0,45,25-48 meses,One year,Credit card (automatic),No,24.7,1174.35,No,0.0961,Bajo,0.0
3898-GUYTS,0,1,0,0,45,25-48 meses,Month-to-month,Electronic check,Fiber optic,97.05,4385.05,No,0.5521,Medio,0.0
0930-EHUZA,0,0,0,0,36,25-48 meses,One year,Mailed check,DSL,76.35,2606.35,No,0.234,Bajo,0.0
6413-XKKPU,1,0,1,1,17,13-24 meses,Month-to-month,Electronic check,Fiber optic,89.4,1539.45,Yes,0.6799,Alto,89.4
9975-SKRNR,1,0,0,0,1,0-12 meses,Month-to-month,Mailed check,No,18.9,18.9,No,0.5086,Medio,0.0
3703-KBKZP,1,1,0,0,16,13-24 meses,Month-to-month,Bank transfer (automatic),Fiber optic,74.45,1261.35,No,0.6609,Alto,74.45
1449-XQEMT,1,0,0,0,3,0-12 meses,Month-to-month,Mailed check,No,19.8,58.15,Yes,0.2693,Bajo,0.0
2626-URJFX,1,0,1,1,4,0-12 meses,Month-to-month,Electronic check,DSL,50.9,225.6,Yes,0.6995,Alto,50.9
4973-MGTON,0,0,1,0,71,49-72 meses,Two year,Credit card (automatic),DSL,84.4,5969.3,No,0.0364,Bajo,0.0
3682-YEUWS,1,0,1,1,10,0-12 meses,Month-to-month,Mailed check,No,24.4,253.9,No,0.1817,Bajo,0.0
1223-UNPKS,1,0,1,1,20,13-24 meses,Two year,Mailed check,No,20.05,400.0,No,0.0421,Bajo,0.0
2612-RRIDN,1,0,0,0,4,0-12 meses,Month-to-month,Electronic check,Fiber optic,81.0,340.85,Yes,0.8593,Alto,81.0
4735-ASGMA,1,0,0,0,26,25-48 meses,Month-to-month,Electronic check,Fiber optic,98.35,2515.3,Yes,0.7719,Alto,98.35
3446-QDSZF,0,0,0,0,4,0-12 meses,Month-to-month,Credit card (automatic),DSL,55.5,227.35,No,0.5658,Medio,0.0
3669-LVWZB,1,0,0,0,5,0-12 meses,Month-to-month,Mailed check,DSL,51.0,305.95,Yes,0.6216,Alto,51.0
6892-EZDTG,0,0,1,0,4,0-12 meses,Month-to-month,Electronic check,Fiber optic,91.65,365.4,Yes,0.8875,Alto,91.65
5117-IFGPS,1,1,1,0,29,25-48 meses,Month-to-month,Electronic check,Fiber optic,84.3,2357.75,No,0.7523,Alto,84.3
7379-FNIUJ,1,0,0,0,2,0-12 meses,Month-to-month,Electronic check,Fiber optic,100.2,198.5,No,0.7274,Alto,100.2
1627-AFWVJ,0,0,0,0,29,25-48 meses,Two year,Mailed check,No,19.4,554.25,No,0.0589,Bajo,0.0
9725-SCPZG,1,0,0,1,1,0-12 meses,Month-to-month,Electronic check,Fiber optic,90.85,90.85,Yes,0.8911,Alto,90.85
5884-GCYMI,1,0,0,0,1,0-12 meses,Month-to-month,Mailed check,Fiber optic,69.4,69.4,Yes,0.8438,Alto,69.4
3217-FZDMN,0,1,0,0,8,0-12 meses,Month-to-month,Credit card (automatic),Fiber optic,94.45,742.95,Yes,0.8256,Alto,94.45
4486-EFAEB,1,0,0,0,13,13-24 meses,Month-to-month,Electronic check,No,20.4,251.65,No,0.1945,Bajo,0.0
0060-FUALY,0,0,1,0,59,49-72 meses,Month-to-month,Electronic check,Fiber optic,94.75,5597.65,No,0.4715,Medio,0.0
7853-GVUDZ,0,0,1,1,1,0-12 meses,Month-to-month,Credit card (automatic),No,20.15,20.15,Yes,0.4928,Medio,0.0
7480-QNVZJ,1,1,0,0,50,49-72 meses,Month-to-month,Electronic check,Fiber optic,95.7,4816.7,Yes,0.7234,Alto,95.7
6954-OOYZZ,1,0,1,0,18,13-24 meses,Month-to-month,Bank transfer (automatic),DSL,44.35,768.05,No,0.4341,Medio,0.0
7088-FBAWU,0,0,1,1,17,13-24 meses,Month-to-month,Mailed check,DSL,74.55,1215.8,No,0.3548,Medio,0.0
8313-AFGBW,1,0,1,0,47,25-48 meses,Two year,Electronic check,DSL,73.6,3522.65,No,0.2234,Bajo,0.0
3943-KDREE,0,0,0,0,26,25-48 meses,Month-to-month,Bank transfer (automatic),Fiber optic,74.95,1834.95,Yes,0.5965,Medio,0.0
9239-ZBZZV,0,0,0,0,6,0-12 meses,Month-to-month,Electronic check,DSL,47.95,305.1,Yes,0.7291,Alto,47.95
3097-IDVPU,1,0,1,1,19,13-24 meses,Month-to-month,Credit card (automatic),DSL,50.1,910.45,No,0.3879,Medio,0.0
4398-HSCJH,0,0,0,0,3,0-12 meses,Month-to-month,Electronic check,DSL,63.6,155.65,Yes,0.6574,Alto,63.6
2197-OMWGI,0,1,1,1,68,49-72 meses,Two year,Electronic check,DSL,53.0,3656.25,No,0.2604,Bajo,0.0
2303-PJYHN,0,0,1,0,2,0-12 meses,Month-to-month,Bank transfer (automatic),No,19.85,52.0,No,0.3196,Medio,0.0
9795-VOWON,1,0,0,0,7,0-12 meses,One year,Credit card (automatic),DSL,24.35,150.85,No,0.5271,Medio,0.0
1237-WIYYZ,0,0,0,0,18,13-24 meses,Month-to-month,Mailed check,No,19.55,389.25,No,0.174,Bajo,0.0
1987-AUELQ,0,0,1,0,71,49-72 meses,Two year,Credit card (automatic),No,25.05,1873.7,No,0.0321,Bajo,0.0
7852-LECYP,1,1,1,0,13,13-24 meses,Month-to-month,Credit card (automatic),Fiber optic,93.8,1261.0,No,0.5846,Medio,0.0
4430-UZIPO,1,0,0,0,3,0-12 meses,Month-to-month,Mailed check,DSL,36.85,108.7,Yes,0.6494,Alto,36.85
4822-LPTYJ,1,0,1,0,72,49-72 meses,Two year,Bank transfer (automatic),Fiber optic,103.75,7346.2,No,0.2744,Bajo,0.0
8165-CBKXO,1,0,1,1,66,49-72 meses,Two year,Credit card (automatic),DSL,56.75,3708.4,No,0.0959,Bajo,0.0
6527-PZFPV,1,0,1,1,24,13-24 meses,One year,Credit card (automatic),No,20.8,469.65,No,0.0577,Bajo,0.0
4855-SNKMY,0,0,0,0,1,0-12 meses,Month-to-month,Electronic check,DSL,44.1,44.1,Yes,0.7803,Alto,44.1
9593-CVZKR,0,0,1,1,56,49-72 meses,Two year,Mailed check,No,24.45,1385.85,No,0.0496,Bajo,0.0
8595-SIZNC,0,1,1,0,22,13-24 meses,One year,Bank transfer (automatic),No,25.6,548.8,No,0.1267,Bajo,0.0
8008-HAWED,1,0,0,0,14,13-24 meses,Month-to-month,Electronic check,DSL,50.75,712.75,Yes,0.6105,Alto,50.75
7124-UGSUR,0,1,1,0,61,49-72 meses,One year,Credit card (automatic),Fiber optic,104.4,6405.0,Yes,0.4143,Medio,0.0
1862-SKORY,0,1,1,0,40,25-48 meses,Month-to-month,Electronic check,DSL,39.3,1637.4,Yes,0.4796,Medio,0.0
5236-XMZJY,0,0,0,0,42,25-48 meses,Month-to-month,Bank transfer (automatic),DSL,59.65,2536.55,No,0.2721,Bajo,0.0
4827-DPADN,0,0,1,1,72,49-72 meses,Two year,Bank transfer (automatic),DSL,83.3,6042.7,No,0.0422,Bajo,0.0
2694-CIUMO,0,0,0,0,12,0-12 meses,Month-to-month,Credit card (automatic),Fiber optic,79.55,958.25,No,0.7117,Alto,79.55
5846-ABOBJ,1,0,1,0,71,49-72 meses,Two year,Bank transfer (automatic),No,24.45,1730.65,No,0.019,Bajo,0.0
1439-LCGVL,0,0,1,0,26,25-48 meses,One year,Mailed check,No,19.2,459.6,No,0.0571,Bajo,0.0
0909-SDHNU,0,0,0,1,7,0-12 meses,Month-to-month,Mailed check,DSL,29.8,201.95,No,0.4877,Medio,0.0
4647-XXZAM,0,0,1,1,6,0-12 meses,Month-to-month,Mailed check,DSL,45.5,285.2,No,0.5285,Medio,0.0
1502-XFCVR,0,0,0,0,58,49-72 meses,One year,Electronic check,Fiber optic,106.45,6145.85,Yes,0.4613,Medio,0.0
7740-KKCXF,1,0,1,0,51,49-72 meses,Month-to-month,Credit card (automatic),DSL,30.05,1529.45,No,0.3656,Medio,0.0
5360-XGYAZ,1,0,1,1,72,49-72 meses,Two year,Bank transfer (automatic),DSL,65.65,4664.5,No,0.0299,Bajo,0.0
9692-TUSXH,0,0,0,0,18,13-24 meses,Month-to-month,Electronic check,Fiber optic,96.05,1740.7,Yes,0.7261,Alto,96.05
7912-SYRQT,0,0,0,0,7,0-12 meses,Month-to-month,Bank transfer (automatic),Fiber optic,75.1,552.95,Yes,0.8289,Alto,75.1
3557-HTYWR,0,0,0,0,47,25-48 meses,Two year,Mailed check,DSL,74.05,3496.3,No,0.0605,Bajo,0.0
4816-JBHOV,1,1,0,0,2,0-12 meses,Month-to-month,Electronic check,DSL,44.7,93.7,Yes,0.7882,Alto,44.7
8920-NAVAY,1,1,0,0,62,49-72 meses,One year,Bank transfer (automatic),Fiber optic,110.75,7053.35,No,0.4246,Medio,0.0
1699-TLDLZ,0,0,1,1,16,13-24 meses,Two year,Mailed check,No,19.7,301.55,No,0.0545,Bajo,0.0
5600-PDUJF,1,0,0,0,6,0-12 meses,Month-to-month,Credit card (automatic),DSL,49.5,312.7,No,0.5485,Medio,0.0
8292-TYSPY,1,0,0,0,19,13-24 meses,Month-to-month,Credit card (automatic),DSL,55.0,1046.5,Yes,0.433,Medio,0.0
0567-XRHCU,0,0,1,1,69,49-72 meses,Two year,Credit card (automatic),DSL,43.95,2960.1,No,0.0913,Bajo,0.0
1867-BDVFH,1,0,1,1,11,0-12 meses,Month-to-month,Electronic check,Fiber optic,74.35,834.2,Yes,0.7734,Alto,74.35
2067-QYTCF,0,0,1,0,64,49-72 meses,Month-to-month,Electronic check,Fiber optic,111.15,6953.4,No,0.5021,Medio,0.0
2359-QWQUL,0,0,1,0,39,25-48 meses,One year,Credit card (automatic),Fiber optic,104.7,4134.85,Yes,0.4511,Medio,0.0
9103-TCIHJ,0,0,0,0,15,13-24 meses,Month-to-month,Mailed check,DSL,55.7,899.8,Yes,0.4215,Medio,0.0
7407-SUJIZ,1,0,0,0,25,25-48 meses,Month-to-month,Mailed check,No,20.6,541.5,No,0.1185,Bajo,0.0
9150-KPBJQ,0,0,0,0,6,0-12 meses,Two year,Credit card (automatic),No,19.65,116.85,No,0.1296,Bajo,0.0
0052-DCKON,1,0,1,0,66,49-72 meses,One year,Bank transfer (automatic),Fiber optic,115.8,7942.15,No,0.2928,Bajo,0.0
3654-ARMGP,0,0,0,0,61,49-72 meses,Two year,Credit card (automatic),DSL,88.65,5321.25,No,0.0825,Bajo,0.0
9699-UBQFS,0,1,1,0,43,25-48 meses,Month-to-month,Electronic check,Fiber optic,94.5,4156.8,No,0.6061,Alto,94.5
9367-TCUYN,0,0,0,0,12,0-12 meses,Month-to-month,Mailed check,No,20.1,223.6,No,0.2294,Bajo,0.0
1261-FWTTE,1,1,0,0,23,13-24 meses,Month-to-month,Bank transfer (automatic),DSL,34.65,768.45,No,0.505,Medio,0.0
3528-HFRIQ,1,1,1,0,71,49-72 meses,Month-to-month,Bank transfer (automatic),DSL,52.3,3765.05,No,0.3677,Medio,0.0
0708-SJDIS,0,0,0,0,34,25-48 meses,Month-to-month,Mailed check,DSL,65.0,2157.5,No,0.2495,Bajo,0.0
4140-WJAWW,0,0,0,0,5,0-12 meses,Month-to-month,Credit card (automatic),No,19.85,108.05,Yes,0.2861,Bajo,0.0
2073-QBVBI,0,0,1,0,41,25-48 meses,One year,Mailed check,DSL,35.45,1391.65,No,0.2747,Bajo,0.0
6928-ONTRW,0,0,1,1,72,49-72 meses,Two year,Credit card (automatic),No,19.7,1379.8,No,0.0189,Bajo,0.0
3320-VEOYC,1,1,0,0,14,13-24 meses,Month-to-month,Electronic check,Fiber optic,95.6,1273.3,No,0.842,Alto,95.6
5231-FIQPA,0,0,0,0,41,25-48 meses,Two year,Mailed check,No,19.85,810.45,No,0.057,Bajo,0.0
6617-WLBQC,0,0,1,1,23,13-24 meses,One year,Credit card (automatic),Fiber optic,81.85,1810.85,No,0.3334,Medio,0.0
2599-CIPQE,1,0,1,1,71,49-72 meses,Two year,Credit card (automatic),Fiber optic,109.3,7782.85,No,0.1337,Bajo,0.0
6653-CBBOM,0,0,0,0,1,0-12 meses,Month-to-month,Electronic check,Fiber optic,70.3,70.3,Yes,0.89,Alto,70.3
8774-GSBUN,1,0,1,0,72,49-72 meses,Two year,Mailed check,No,25.4,1797.1,No,0.0311,Bajo,0.0
7326-RIGQZ,1,0,1,1,6,0-12 meses,Month-to-month,Electronic check,Fiber optic,69.8,377.85,No,0.808,Alto,69.8
1401-FTHFQ,1,0,1,1,23,13-24 meses,One year,Credit card (automatic),No,20.0,445.3,No,0.0583,Bajo,0.0
3247-ZVOUO,1,1,1,0,10,0-12 meses,Month-to-month,Electronic check,Fiber optic,85.55,851.75,Yes,0.7976,Alto,85.55
0254-FNMCI,0,0,0,0,72,49-72 meses,Two year,Electronic check,Fiber optic,109.9,7624.2,No,0.1939,Bajo,0.0
1848-LBZHY,0,0,1,0,7,0-12 meses,Month-to-month,Bank transfer (automatic),DSL,50.3,355.1,No,0.4739,Medio,0.0
6101-IMRMM,1,0,0,1,6,0-12 meses,Month-to-month,Mailed check,Fiber optic,94.5,575.45,Yes,0.7935,Alto,94.5
8118-TJAFG,1,0,1,1,9,0-12 meses,Month-to-month,Electronic check,Fiber optic,101.5,906.85,No,0.7681,Alto,101.5
5429-LWCMV,0,0,0,0,12,0-12 meses,Month-to-month,Electronic check,Fiber optic,89.15,1057.55,No,0.8294,Alto,89.15
7298-IZWLY,0,0,0,0,1,0-12 meses,Month-to-month,Mailed check,No,19.4,19.4,No,0.5614,Medio,0.0
9758-MFWGD,0,1,1,1,48,25-48 meses,One year,Bank transfer (automatic),DSL,29.9,1388.75,No,0.3199,Medio,0.0
3955-JBZZM,1,0,0,0,20,13-24 meses,Month-to-month,Electronic check,Fiber optic,78.8,1641.3,No,0.6447,Alto,78.8
1268-ASBGA,0,1,1,0,16,13-24 meses,Month-to-month,Credit card (automatic),Fiber optic,85.35,1375.15,Yes,0.7171,Alto,85.35
8943-URTMR,0,0,0,0,2,0-12 meses,Month-to-month,Mailed check,Fiber optic,79.65,152.7,Yes,0.8512,Alto,79.65
4815-TUMEQ,0,0,0,0,10,0-12 meses,One year,Mailed check,No,19.3,185.2,No,0.1173,Bajo,0.0
4713-LZDRV,0,1,0,0,2,0-12 meses,Month-to-month,Electronic check,Fiber optic,79.6,195.05,Yes,0.8664,Alto,79.6
9909-IDLEK,1,0,1,1,20,13-24 meses,Month-to-month,Mailed check,Fiber optic,96.8,1826.7,No,0.5193,Medio,0.0
4092-OFQZS,1,0,1,0,20,13-24 meses,One year,Mailed check,No,20.65,417.5,No,0.0674,Bajo,0.0
1561-BWHIN,1,0,1,1,19,13-24 meses,One year,Mailed check,No,19.8,344.5,No,0.082,Bajo,0.0
4325-NFSKC,1,1,0,0,19,13-24 meses,Month-to-month,Electronic check,Fiber optic,90.6,1660.0,Yes,0.7369,Alto,90.6
9927-DSWDF,1,0,1,0,22,13-24 meses,Month-to-month,Electronic check,Fiber optic,104.6,2180.55,No,0.6424,Alto,104.6
9500-LTVBP,0,0,0,0,35,25-48 meses,Month-to-month,Credit card (automatic),Fiber optic,80.05,2835.9,No,0.4793,Medio,0.0
7252-NTGSS,0,0,0,0,1,0-12 meses,Month-to-month,Mailed check,DSL,45.15,45.15,No,0.7201,Alto,45.15
8149-AIQCG,1,0,0,0,39,25-48 meses,Month-to-month,Credit card (automatic),Fiber optic,73.15,2730.85,No,0.5509,Medio,0.0
1360-JYXKQ,0,1,1,0,54,49-72 meses,One year,Electronic check,Fiber optic,99.1,5437.1,No,0.4781,Medio,0.0
2955-PSXOE,0,0,0,0,1,0-12 meses,Month-to-month,Bank transfer (automatic),No,20.2,20.2,Yes,0.5605,Medio,0.0
7762-URZQH,1,0,1,0,66,49-72 meses,Two year,Credit card (automatic),Fiber optic,106.05,6981.35,Yes,0.3138,Medio,0.0
0899-WZRSD,1,0,0,0,56,49-72 meses,Month-to-month,Mailed check,Fiber optic,105.35,5794.45,No,0.4577,Medio,0.0
3255-GRXMG,1,0,0,1,18,13-24 meses,Month-to-month,Credit card (automatic),DSL,45.65,747.2,No,0.45,Medio,0.0
4828-FAZPK,0,0,1,1,16,13-24 meses,Month-to-month,Credit card (automatic),Fiber optic,79.95,1267.95,No,0.645,Alto,79.95
6094-ZIVKX,0,0,0,0,68,49-72 meses,One year,Credit card (automatic),DSL,54.45,3674.95,No,0.1732,Bajo,0.0
6925-BAYGL,0,1,1,0,53,49-72 meses,Two year,Credit card (automatic),No,25.1,1275.6,No,0.0777,Bajo,0.0
3262-EIDHV,0,0,1,1,72,49-72 meses,Two year,Credit card (automatic),DSL,84.7,5893.9,No,0.0389,Bajo,0.0
7354-OIJLX,1,0,0,0,9,0-12 meses,Month-to-month,Electronic check,Fiber optic,75.85,724.65,No,0.8254,Alto,75.85
1376-HHBDV,0,0,0,0,30,25-48 meses,Month-to-month,Mailed check,DSL,48.8,1536.75,No,0.2628,Bajo,0.0
6907-NZZIJ,0,0,0,0,36,25-48 meses,Month-to-month,Electronic check,Fiber optic,99.15,3615.6,Yes,0.7011,Alto,99.15
6133-OZILE,0,0,0,0,18,13-24 meses,Month-to-month,Electronic check,DSL,35.2,607.3,No,0.5246,Medio,0.0
4135-FRWKJ,0,1,1,1,55,49-72 meses,One year,Electronic check,DSL,76.25,4154.55,No,0.2244,Bajo,0.0
2911-UREFD,0,0,1,0,39,25-48 meses,Month-to-month,Electronic check,DSL,55.9,2184.35,Yes,0.4085,Medio,0.0
3744-ZRRDZ,1,0,0,0,21,13-24 meses,Month-to-month,Electronic check,Fiber optic,82.35,1852.85,Yes,0.7557,Alto,82.35
5673-TIYIB,1,0,0,0,2,0-12 meses,Month-to-month,Credit card (automatic),DSL,40.4,77.15,Yes,0.643,Alto,40.4
6551-ZCOTS,1,1,0,0,33,25-48 meses,One year,Bank transfer (automatic),No,24.9,847.8,No,0.1088,Bajo,0.0
7191-ADRGF,1,0,1,0,44,25-48 meses,Two year,Bank transfer (automatic),DSL,54.3,2390.45,No,0.1991,Bajo,0.0
5018-LXQQG,0,0,1,1,30,25-48 meses,Month-to-month,Bank transfer (automatic),DSL,66.3,1923.5,No,0.2195,Bajo,0.0
6892-BOGQE,0,0,1,0,71,49-72 meses,Two year,Bank transfer (automatic),No,20.9,1493.2,No,0.0258,Bajo,0.0
1602-IJQQE,0,0,0,0,4,0-12 meses,Month-to-month,Electronic check,Fiber optic,75.35,338.1,Yes,0.8213,Alto,75.35
4628-WQCQQ,1,0,0,1,35,25-48 meses,One year,Electronic check,Fiber optic,85.15,3030.6,Yes,0.53,Medio,0.0
1746-TGTWV,1,0,1,0,1,0-12 meses,Month-to-month,Credit card (automatic),Fiber optic,75.35,75.35,No,0.7883,Alto,75.35
5995-SNNEW,1,1,1,0,23,13-24 meses,Month-to-month,Electronic check,Fiber optic,104.45,2184.85,No,0.7787,Alto,104.45
8050-WYBND,0,0,0,1,22,13-24 meses,One year,Credit card (automatic),DSL,49.45,1031.4,No,0.4178,Medio,0.0
2821-WARNZ,0,0,0,1,49,49-72 meses,One year,Credit card (automatic),No,19.45,921.3,No,0.0588,Bajo,0.0
4879-GZLFH,0,0,1,1,42,25-48 meses,Month-to-month,Electronic check,Fiber optic,92.15,3875.4,No,0.598,Medio,0.0
1644-IRKSF,0,0,1,1,33,25-48 meses,One year,Electronic check,Fiber optic,93.8,3124.5,Yes,0.5567,Medio,0.0
8314-HTWVE,0,0,1,1,7,0-12 meses,Two year,Mailed check,No,19.85,144.15,No,0.1112,Bajo,0.0
9402-ROUMJ,0,0,1,1,67,49-72 meses,One year,Bank transfer (automatic),Fiber optic,100.25,6689.0,No,0.3174,Medio,0.0
2507-QZPQS,1,0,0,0,15,13-24 meses,Month-to-month,Electronic check,Fiber optic,95.7,1451.1,No,0.6632,Alto,95.7
7159-NOKYQ,1,0,1,0,67,49-72 meses,Two year,Electronic check,Fiber optic,93.15,6368.2,No,0.3362,Medio,0.0
5707-ZMDJP,1,0,1,1,53,49-72 meses,Two year,Mailed check,DSL,69.7,3729.6,No,0.0475,Bajo,0.0
8779-YIQQA,1,0,1,1,21,13-24 meses,One year,Mailed check,No,19.8,350.1,No,0.0768,Bajo,0.0
7136-IHZJA,0,0,1,1,40,25-48 meses,Month-to-month,Mailed check,DSL,71.35,2847.2,No,0.2348,Bajo,0.0
8966-OIQHG,0,0,1,1,22,13-24 meses,One year,Bank transfer (automatic),No,20.75,452.35,No,0.0785,Bajo,0.0
7074-STDCN,1,0,0,0,39,25-48 meses,Month-to-month,Electronic check,DSL,40.6,1494.5,No,0.3482,Medio,0.0
3705-PSNGL,1,0,0,0,45,25-48 meses,One year,Electronic check,No,20.4,930.45,Yes,0.0853,Bajo,0.0
8739-QOTTN,0,0,1,0,2,0-12 meses,Month-to-month,Mailed check,No,20.35,41.85,No,0.2721,Bajo,0.0
1399-OUPJN,0,0,1,1,57,49-72 meses,Two year,Bank transfer (automatic),No,19.75,1272.05,No,0.0371,Bajo,0.0
0277-BKSQP,1,0,1,1,8,0-12 meses,Month-to-month,Electronic check,DSL,54.4,475.1,No,0.5909,Medio,0.0
6502-HCJTI,1,1,1,0,7,0-12 meses,Month-to-month,Credit card (automatic),Fiber optic,94.7,673.1,Yes,0.7454,Alto,94.7
2606-RMDHZ,1,0,0,0,6,0-12 meses,Month-to-month,Credit card (automatic),DSL,30.5,208.7,Yes,0.5934,Medio,0.0
5774-XZTQC,0,0,1,1,7,0-12 meses,Month-to-month,Mailed check,No,20.45,150.75,No,0.1965,Bajo,0.0
2676-SSLTO,1,0,0,0,49,49-72 meses,Two year,Bank transfer (automatic),DSL,66.15,3199.0,No,0.1023,Bajo,0.0
6266-QHOJZ,0,0,0,0,65,49-72 meses,One year,Electronic check,Fiber optic,89.85,5844.65,No,0.3017,Medio,0.0
7269-JISCY,0,0,0,0,55,49-72 meses,One year,Bank transfer (automatic),DSL,45.05,2462.6,No,0.227,Bajo,0.0
0363-SVHYR,1,0,1,1,71,49-72 meses,Two year,Bank transfer (automatic),DSL,86.85,6263.8,No,0.0309,Bajo,0.0
8547-NSBBO,1,0,0,0,35,25-48 meses,Month-to-month,Mailed check,Fiber optic,96.75,3403.4,No,0.3972,Medio,0.0
8258-GSTJK,1,1,0,0,3,0-12 meses,Month-to-month,Electronic check,Fiber optic,77.0,237.75,Yes,0.8662,Alto,77.0
6861-OKBCE,0,0,0,1,11,0-12 meses,Month-to-month,Credit card (automatic),No,20.1,221.35,Yes,0.2329,Bajo,0.0
9940-RHLFB,0,0,0,0,1,0-12 meses,Month-to-month,Electronic check,Fiber optic,75.3,75.3,Yes,0.8565,Alto,75.3
6591-QGOYB,1,0,0,0,17,13-24 meses,Month-to-month,Bank transfer (automatic),Fiber optic,106.65,1672.1,No,0.5696,Medio,0.0
9070-BCKQP,0,0,1,0,72,49-72 meses,Two year,Credit card (automatic),Fiber optic,110.15,7881.2,No,0.1378,Bajo,0.0
6421-SZVEM,0,0,1,1,28,25-48 meses,One year,Bank transfer (automatic),Fiber optic,82.85,2320.8,No,0.4467,Medio,0.0
1328-EUZHC,0,0,1,0,18,13-24 meses,Two year,Mailed check,No,20.1,370.5,No,0.0681,Bajo,0.0
2995-UPRYS,0,1,1,0,40,25-48 meses,One year,Credit card (automatic),Fiber optic,99.2,4062.2,Yes,0.4505,Medio,0.0
8878-RYUKI,0,0,0,0,52,49-72 meses,Month-to-month,Electronic check,DSL,59.45,3043.7,No,0.3706,Medio,0.0
9633-DENPU,0,0,1,0,47,25-48 meses,Month-to-month,Bank transfer (automatic),DSL,58.6,2723.4,No,0.3426,Medio,0.0
7811-JIVPF,0,0,0,0,23,13-24 meses,Month-to-month,Credit card (automatic),DSL,49.7,1081.25,No,0.3891,Medio,0.0
7113-HIPFI,1,0,1,1,66,49-72 meses,Two year,Mailed check,DSL,65.85,4097.05,No,0.0363,Bajo,0.0
8541-QVFKM,0,0,0,0,8,0-12 meses,Month-to-month,Electronic check,Fiber optic,73.5,632.2,No,0.8386,Alto,73.5
6686-YPGHK,1,1,0,0,47,25-48 meses,Month-to-month,Mailed check,Fiber optic,85.5,4042.3,Yes,0.503,Medio,0.0
1383-EZRWL,0,0,0,0,7,0-12 meses,Month-to-month,Mailed check,No,20.05,164.85,Yes,0.2585,Bajo,0.0
9258-CNWAC,0,0,1,1,71,49-72 meses,Two year,Credit card (automatic),Fiber optic,113.65,8166.8,No,0.091,Bajo,0.0
5371-VYLSX,0,1,0,0,50,49-72 meses,Month-to-month,Electronic check,Fiber optic,83.4,4113.7,No,0.5672,Medio,0.0
6374-AFWOX,1,0,1,0,46,25-48 meses,Two year,Mailed check,DSL,65.65,3047.15,No,0.0588,Bajo,0.0
4759-TRPLW,1,0,0,0,1,0-12 meses,Month-to-month,Electronic check,Fiber optic,70.4,70.4,Yes,0.8547,Alto,70.4
5317-FLPJF,0,0,0,0,66,49-72 meses,Two year,Bank transfer (automatic),DSL,61.35,4193.4,No,0.0493,Bajo,0.0
7621-VPNET,0,0,1,0,42,25-48 meses,Month-to-month,Credit card (automatic),Fiber optic,85.9,3729.75,No,0.457,Medio,0.0
6034-YMTOB,0,0,0,0,5,0-12 meses,Month-to-month,Mailed check,Fiber optic,75.65,399.45,No,0.7875,Alto,75.65
8563-IIOXK,1,0,1,1,7,0-12 meses,One year,Electronic check,DSL,49.75,331.3,Yes,0.5134,Medio,0.0
4903-CNOZC,1,0,0,0,29,25-48 meses,One year,Credit card (automatic),DSL,70.9,1964.6,No,0.2663,Bajo,0.0
4353-HYOJD,0,0,1,1,27,25-48 meses,Month-to-month,Mailed check,DSL,49.85,1336.15,No,0.2853,Bajo,0.0
8020-BWHYL,0,1,0,0,15,13-24 meses,Month-to-month,Credit card (automatic),Fiber optic,75.3,1147.45,Yes,0.6826,Alto,75.3
7267-FRMJW,0,0,1,1,25,25-48 meses,Two year,Mailed check,No,20.1,486.05,No,0.0327,Bajo,0.0
2982-VPSGI,0,0,1,0,11,0-12 meses,Month-to-month,Electronic check,Fiber optic,94.0,1078.9,Yes,0.866,Alto,94.0
4188-FRABG,1,0,1,0,57,49-72 meses,Month-to-month,Electronic check,Fiber optic,103.05,5925.75,No,0.4578,Medio,0.0
8199-ZLLSA,1,0,0,0,67,49-72 meses,One year,Bank transfer (automatic),Fiber optic,118.35,7804.15,Yes,0.3624,Medio,0.0
4128-ETESU,0,1,1,0,47,25-48 meses,Month-to-month,Electronic check,Fiber optic,99.7,4747.2,No,0.6263,Alto,99.7
0620-DLSLK,0,0,0,0,13,13-24 meses,Month-to-month,Mailed check,Fiber optic,81.9,1028.9,No,0.7231,Alto,81.9
4625-EWPTF,1,0,0,0,8,0-12 meses,Month-to-month,Electronic check,DSL,30.45,226.45,Yes,0.6537,Alto,30.45
5980-NOPLP,0,0,1,0,44,25-48 meses,Month-to-month,Electronic check,Fiber optic,96.1,4364.1,Yes,0.7013,Alto,96.1
3850-OKINF,1,0,1,1,71,49-72 meses,One year,Electronic check,DSL,66.2,4692.55,No,0.2111,Bajo,0.0
6892-XPFPU,1,1,1,0,24,13-24 meses,Month-to-month,Electronic check,Fiber optic,104.25,2433.9,Yes,0.7787,Alto,104.25
8010-EZLOU,1,1,0,0,15,13-24 meses,Month-to-month,Electronic check,Fiber optic,80.2,1217.25,Yes,0.7938,Alto,80.2
1156-ZFYDO,0,0,0,0,1,0-12 meses,Month-to-month,Electronic check,No,19.75,19.75,No,0.4723,Medio,0.0
3295-YVUSR,1,1,0,0,2,0-12 meses,Month-to-month,Mailed check,Fiber optic,72.6,154.3,No,0.8403,Alto,72.6
8016-NCFVO,1,1,0,0,55,49-72 meses,Month-to-month,Electronic check,Fiber optic,116.5,6382.55,No,0.4644,Medio,0.0
4119-ZYPZY,1,1,0,0,71,49-72 meses,Two year,Electronic check,Fiber optic,106.8,7623.2,No,0.3261,Medio,0.0
5549-ZGHFB,1,0,1,1,50,49-72 meses,Two year,Mailed check,No,24.95,1261.45,No,0.0329,Bajo,0.0
7577-SWIFR,1,0,0,0,1,0-12 meses,Month-to-month,Electronic check,Fiber optic,89.25,89.25,No,0.9104,Alto,89.25
0303-WMMRN,1,0,0,0,5,0-12 meses,Month-to-month,Mailed check,No,19.25,86.05,No,0.1974,Bajo,0.0
6408-OTUBZ,0,0,0,0,66,49-72 meses,One year,Bank transfer (automatic),Fiber optic,104.55,6779.05,No,0.2996,Bajo,0.0
5204-HMGYF,0,0,1,1,49,49-72 meses,One year,Mailed check,DSL,87.2,4345.0,No,0.1819,Bajo,0.0
1078-TDCRN,0,1,1,0,3,0-12 meses,Month-to-month,Electronic check,DSL,30.75,82.85,No,0.7349,Alto,30.75
3727-OVPRY,1,0,1,1,66,49-72 meses,One year,Credit card (automatic),No,25.7,1714.55,No,0.0582,Bajo,0.0
3797-FKOGQ,1,0,0,1,11,0-12 meses,Month-to-month,Electronic check,Fiber optic,86.2,893.2,No,0.7368,Alto,86.2
7622-NXQZR,1,0,0,0,28,25-48 meses,Month-to-month,Credit card (automatic),DSL,30.1,810.85,No,0.3714,Medio,0.0
6196-HBOBZ,1,0,1,0,65,49-72 meses,Two year,Electronic check,Fiber optic,99.35,6347.55,No,0.2788,Bajo,0.0
3970-XGJDU,0,0,0,0,62,49-72 meses,Two year,Credit card (automatic),No,19.2,1123.65,No,0.0493,Bajo,0.0
7017-VFULY,0,0,1,0,2,0-12 meses,Month-to-month,Bank transfer (automatic),No,20.1,43.15,No,0.3201,Medio,0.0
5562-YJQGT,0,0,0,0,2,0-12 meses,Month-to-month,Credit card (automatic),No,20.35,35.1,No,0.2723,Bajo,0.0
8807-OPMBM,0,0,1,1,55,49-72 meses,Two year,Credit card (automatic),No,25.65,1388.0,No,0.0541,Bajo,0.0
5439-WIKXB,1,1,1,0,41,25-48 meses,Month-to-month,Electronic check,Fiber optic,94.55,3851.45,No,0.663,Alto,94.55
9874-QLCLH,0,0,1,1,17,13-24 meses,Month-to-month,Electronic check,Fiber optic,104.2,1743.5,Yes,0.752,Alto,104.2
8294-UIMBA,0,0,0,0,30,25-48 meses,One year,Bank transfer (automatic),Fiber optic,94.4,2638.1,No,0.4685,Medio,0.0
8109-YUOHE,1,0,0,0,17,13-24 meses,One year,Mailed check,DSL,56.1,946.95,No,0.2748,Bajo,0.0
5840-NVDCG,0,0,1,1,16,13-24 meses,Two year,Bank transfer (automatic),DSL,68.25,1114.85,No,0.164,Bajo,0.0
8092-NLTGF,1,0,0,0,72,49-72 meses,Two year,Bank transfer (automatic),No,24.75,1777.6,No,0.0467,Bajo,0.0
5928-QLDHB,1,0,0,0,9,0-12 meses,Month-to-month,Electronic check,Fiber optic,76.25,684.85,No,0.8254,Alto,76.25
9840-EFJQB,0,0,0,0,1,0-12 meses,Month-to-month,Electronic check,Fiber optic,74.35,74.35,No,0.8376,Alto,74.35
0696-UKTOX,1,0,0,1,23,13-24 meses,Month-to-month,Electronic check,DSL,54.15,1312.45,No,0.2862,Bajo,0.0
4801-KFYKL,1,0,0,1,8,0-12 meses,Month-to-month,Bank transfer (automatic),No,19.45,159.2,No,0.1869,Bajo,0.0
3472-OAOOR,1,0,1,1,19,13-24 meses,Month-to-month,Mailed check,DSL,34.95,610.2,No,0.379,Medio,0.0
6135-OZQVA,0,0,0,0,7,0-12 meses,Month-to-month,Electronic check,DSL,53.65,404.35,No,0.6024,Alto,53.65
8062-YBDOE,1,1,0,0,1,0-12 meses,Month-to-month,Electronic check,Fiber optic,69.65,69.65,Yes,0.8883,Alto,69.65
2252-JHJGE,1,0,0,0,61,49-72 meses,One year,Electronic check,Fiber optic,104.0,6363.45,No,0.4279,Medio,0.0
4188-PCPIG,0,0,1,0,57,49-72 meses,Two year,Credit card (automatic),DSL,70.35,4124.65,No,0.0717,Bajo,0.0
6000-APYLU,1,0,0,0,9,0-12 meses,Month-to-month,Electronic check,Fiber optic,80.8,713.1,Yes,0.8354,Alto,80.8
7105-BENQF,1,0,0,1,15,13-24 meses,One year,Mailed check,DSL,64.85,950.75,No,0.2913,Bajo,0.0
7721-DVEKZ,0,0,0,0,1,0-12 meses,Month-to-month,Mailed check,No,19.65,19.65,No,0.5368,Medio,0.0
3566-VVORZ,0,0,1,0,12,0-12 meses,Month-to-month,Bank transfer (automatic),DSL,45.9,505.95,No,0.4178,Medio,0.0
9507-HSMMZ,1,0,0,0,54,49-72 meses,Two year,Mailed check,No,20.0,1149.65,No,0.065,Bajo,0.0
2480-SQIOB,1,0,1,1,4,0-12 meses,Month-to-month,Electronic check,DSL,44.8,169.65,No,0.6869,Alto,44.8
0947-IDHRQ,0,0,0,0,7,0-12 meses,Month-to-month,Mailed check,Fiber optic,80.3,526.7,Yes,0.8295,Alto,80.3
7813-TKCVO,0,0,1,0,20,13-24 meses,One year,Mailed check,No,20.35,393.15,No,0.0776,Bajo,0.0
0128-MKWSG,0,0,0,1,26,25-48 meses,Month-to-month,Mailed check,DSL,45.8,1147.0,No,0.2811,Bajo,0.0
3672-YITQD,1,1,1,0,36,25-48 meses,Month-to-month,Electronic check,Fiber optic,84.1,3021.6,Yes,0.7411,Alto,84.1
4350-ZTLPI,0,0,1,0,53,49-72 meses,One year,Bank transfer (automatic),Fiber optic,108.95,5718.2,No,0.4126,Medio,0.0
9048-JVYVF,1,0,0,0,3,0-12 meses,Month-to-month,Electronic check,DSL,69.35,191.35,Yes,0.6835,Alto,69.35
0361-HJRDX,0,0,0,0,68,49-72 meses,Two year,Credit card (automatic),DSL,64.35,4539.6,No,0.0491,Bajo,0.0
5727-MYATE,1,0,1,1,72,49-72 meses,Two year,Credit card (automatic),DSL,90.8,6397.6,No,0.0256,Bajo,0.0
3823-KYNQY,1,0,0,0,12,0-12 meses,One year,Credit card (automatic),No,24.95,280.4,No,0.1594,Bajo,0.0
8988-ECPJR,0,1,1,1,34,25-48 meses,Month-to-month,Mailed check,Fiber optic,79.6,2718.3,Yes,0.5632,Medio,0.0
7570-WELNY,0,0,1,0,68,49-72 meses,Two year,Bank transfer (automatic),Fiber optic,84.7,5711.05,No,0.1677,Bajo,0.0
3021-VLNRJ,0,0,0,1,50,49-72 meses,One year,Credit card (automatic),DSL,70.8,3478.15,No,0.1453,Bajo,0.0
3776-EKTKM,0,1,0,0,1,0-12 meses,Month-to-month,Electronic check,DSL,36.45,36.45,Yes,0.8201,Alto,36.45
2080-CAZNM,0,1,0,0,41,25-48 meses,Month-to-month,Electronic check,Fiber optic,104.4,4133.95,No,0.7099,Alto,104.4
1028-FFNJK,1,1,1,0,30,25-48 meses,Month-to-month,Electronic check,Fiber optic,101.5,2917.65,No,0.7083,Alto,101.5
6907-FLBER,1,0,0,0,1,0-12 meses,Month-to-month,Electronic check,DSL,54.3,54.3,No,0.6961,Alto,54.3
3001-UNBTL,1,1,1,1,29,25-48 meses,Month-to-month,Electronic check,Fiber optic,103.95,2964.8,No,0.7486,Alto,103.95
5982-PSMKW,0,0,1,1,23,13-24 meses,Two year,Credit card (automatic),DSL,91.1,2198.3,No,0.1264,Bajo,0.0
3507-GASNP,1,0,0,1,60,49-72 meses,Two year,Mailed check,No,19.95,1189.9,No,0.0556,Bajo,0.0
7096-ZNBZI,0,0,1,0,72,49-72 meses,Two year,Credit card (automatic),No,26.45,1914.5,No,0.0345,Bajo,0.0
1902-XBTFB,1,0,0,1,22,13-24 meses,Month-to-month,Electronic check,Fiber optic,89.4,2001.5,Yes,0.6971,Alto,89.4
1676-MQAOA,1,0,0,0,72,49-72 meses,Two year,Bank transfer (automatic),DSL,75.1,5336.35,No,0.0523,Bajo,0.0
0786-IVLAW,0,1,0,0,66,49-72 meses,One year,Bank transfer (automatic),Fiber optic,108.1,7238.6,No,0.3633,Medio,0.0
7566-DSRLQ,0,0,1,0,72,49-72 meses,Two year,Electronic check,Fiber optic,110.15,7998.8,No,0.2176,Bajo,0.0
0643-OKLRP,0,1,1,0,47,25-48 meses,Month-to-month,Electronic check,Fiber optic,80.35,3825.85,Yes,0.5659,Medio,0.0
7245-JMTTQ,0,0,0,0,51,49-72 meses,One year,Electronic check,Fiber optic,111.5,5703.25,No,0.5058,Medio,0.0
6050-IJRHS,0,0,1,1,70,49-72 meses,One year,Electronic check,Fiber optic,106.5,7397.0,No,0.4352,Medio,0.0
6202-JVYEU,1,0,0,0,9,0-12 meses,One year,Electronic check,No,19.9,164.6,No,0.1668,Bajo,0.0
8591-TKMZH,1,0,1,1,59,49-72 meses,Two year,Mailed check,Fiber optic,111.1,6555.2,No,0.2393,Bajo,0.0
0734-OXWBT,1,0,0,1,3,0-12 meses,Month-to-month,Mailed check,DSL,70.7,225.65,No,0.5761,Medio,0.0
4282-ACRXS,1,1,1,0,38,25-48 meses,Month-to-month,Electronic check,DSL,24.85,955.75,No,0.5028,Medio,0.0
0365-TRTPY,0,0,0,0,37,25-48 meses,Month-to-month,Bank transfer (automatic),Fiber optic,91.2,3382.3,No,0.4196,Medio,0.0
7349-ALMUX,1,0,0,0,37,25-48 meses,Two year,Bank transfer (automatic),DSL,65.6,2313.8,No,0.0776,Bajo,0.0
9381-NDKME,0,1,1,0,24,13-24 meses,Month-to-month,Credit card (automatic),DSL,40.65,933.3,Yes,0.4836,Medio,0.0
6502-KUGLL,0,0,1,1,14,13-24 meses,Month-to-month,Bank transfer (automatic),DSL,59.45,780.85,No,0.3026,Medio,0.0
1841-YSJGV,1,0,1,0,72,49-72 meses,Two year,Credit card (automatic),Fiber optic,109.95,7852.4,No,0.1276,Bajo,0.0
2794-XIMMO,1,0,1,0,53,49-72 meses,One year,Electronic check,DSL,60.45,3184.25,Yes,0.2474,Bajo,0.0
8382-SHQEH,0,0,1,0,8,0-12 meses,Month-to-month,Electronic check,Fiber optic,84.9,764.95,Yes,0.8811,Alto,84.9
3511-BFTJW,1,0,1,1,72,49-72 meses,Two year,Credit card (automatic),DSL,38.5,2763.0,No,0.0838,Bajo,0.0
7668-XCFYV,0,1,1,0,17,13-24 meses,Month-to-month,Electronic check,Fiber optic,92.55,1614.7,No,0.7862,Alto,92.55
2983-ZANRP,0,0,1,1,2,0-12 meses,Month-to-month,Bank transfer (automatic),Fiber optic,73.55,145.4,Yes,0.8129,Alto,73.55
7845-URHJN,0,0,1,0,8,0-12 meses,Month-to-month,Bank transfer (automatic),No,20.15,156.25,Yes,0.2977,Bajo,0.0
3034-ZBEQN,0,0,1,0,48,25-48 meses,One year,Mailed check,DSL,34.7,1604.5,Yes,0.3149,Medio,0.0
5018-HEKFO,0,0,0,0,10,0-12 meses,Month-to-month,Mailed check,No,24.5,270.15,No,0.1932,Bajo,0.0
2923-ARZLG,1,0,1,1,0,,One year,Mailed check,No,19.7,19.7,No,0.4267,Medio,0.0
3976-NLDEZ,1,0,0,0,1,0-12 meses,Month-to-month,Mailed check,No,20.6,20.6,No,0.5331,Medio,0.0
2282-YGNOR,0,0,0,0,29,25-48 meses,One year,Credit card (automatic),DSL,58.0,1734.5,No,0.1674,Bajo,0.0
5336-UFNZP,0,1,1,1,65,49-72 meses,One year,Electronic check,Fiber optic,107.45,7047.5,No,0.4502,Medio,0.0
6854-EXGSF,0,0,0,0,8,0-12 meses,Month-to-month,Bank transfer (automatic),DSL,65.5,573.15,No,0.433,Medio,0.0
1241-EZFMJ,1,0,1,0,61,49-72 meses,Two year,Bank transfer (automatic),No,25.45,1538.6,No,0.0313,Bajo,0.0
9233-PSYHO,0,1,0,0,45,25-48 meses,One year,Bank transfer (automatic),Fiber optic,100.15,4459.8,No,0.4791,Medio,0.0
5376-PCKNB,1,0,1,1,72,49-72 meses,One year,Credit card (automatic),Fiber optic,104.45,7459.0,No,0.3463,Medio,0.0
8044-BGWPI,1,0,1,1,12,0-12 meses,Month-to-month,Electronic check,No,21.15,306.05,No,0.1983,Bajo,0.0
4060-LDNLU,1,0,0,0,7,0-12 meses,Month-to-month,Electronic check,Fiber optic,96.2,639.7,No,0.8473,Alto,96.2
3589-PPVKW,1,0,0,0,9,0-12 meses,Month-to-month,Mailed check,DSL,44.4,348.15,No,0.546,Medio,0.0
8327-LZKAS,0,1,1,0,43,25-48 meses,One year,Electronic check,Fiber optic,107.55,4533.9,Yes,0.5744,Medio,0.0
5887-IKKYO,1,0,1,1,58,49-72 meses,Two year,Bank transfer (automatic),Fiber optic,94.35,5563.65,No,0.2083,Bajo,0.0
1075-BGWOH,1,1,1,0,16,13-24 meses,Month-to-month,Electronic check,Fiber optic,98.75,1587.55,Yes,0.8096,Alto,98.75
1755-RMCXH,1,0,1,1,2,0-12 meses,Month-to-month,Mailed check,No,20.3,40.25,No,0.2266,Bajo,0.0
0302-JOIVN,0,0,1,0,8,0-12 meses,Month-to-month,Electronic check,Fiber optic,101.15,842.9,Yes,0.8094,Alto,101.15
3858-XHYJO,0,0,1,0,40,25-48 meses,One year,Bank transfer (automatic),Fiber optic,105.75,4228.55,No,0.4184,Medio,0.0
4299-SIMNS,1,0,0,0,9,0-12 meses,Month-to-month,Electronic check,Fiber optic,81.15,784.45,No,0.757,Alto,81.15
7025-IWFHT,1,0,0,0,41,25-48 meses,One year,Electronic check,Fiber optic,89.55,3729.75,No,0.4282,Medio,0.0
6261-LHRTG,0,0,0,0,26,25-48 meses,Month-to-month,Credit card (automatic),DSL,54.75,1406.9,No,0.3661,Medio,0.0
7841-FCRQD,0,0,1,0,33,25-48 meses,One year,Credit card (automatic),DSL,53.75,1857.3,No,0.2531,Bajo,0.0
2056-EVGZL,1,0,1,1,68,49-72 meses,One year,Credit card (automatic),Fiber optic,105.75,7322.5,No,0.2957,Bajo,0.0
8777-MBMTS,0,1,1,0,65,49-72 meses,Two year,Credit card (automatic),Fiber optic,105.85,6725.5,No,0.2318,Bajo,0.0
7753-USQYQ,1,0,0,0,55,49-72 meses,One year,Electronic check,DSL,64.2,3627.3,No,0.244,Bajo,0.0
5366-IJEQJ,1,0,0,0,20,13-24 meses,Month-to-month,Electronic check,Fiber optic,88.7,1761.45,Yes,0.748,Alto,88.7
7661-CPURM,1,0,0,0,19,13-24 meses,One year,Credit card (automatic),Fiber optic,87.7,1725.95,No,0.4515,Medio,0.0
6233-HXJMX,0,0,0,0,45,25-48 meses,Month-to-month,Credit card (automatic),Fiber optic,89.3,4192.15,No,0.5268,Medio,0.0
5902-WBLSE,0,0,1,1,70,49-72 meses,Two year,Credit card (automatic),No,20.15,1411.2,No,0.0253,Bajo,0.0
1981-INRFU,0,0,0,0,2,0-12 meses,Month-to-month,Electronic check,Fiber optic,79.75,164.5,Yes,0.8667,Alto,79.75
4971-PUYQO,0,0,0,0,27,25-48 meses,Month-to-month,Mailed check,Fiber optic,94.55,2724.6,Yes,0.6536,Alto,94.55
3239-TPHPZ,0,0,1,0,12,0-12 meses,Two year,Electronic check,No,20.05,264.55,No,0.1364,Bajo,0.0
5115-GZDEL,1,0,0,1,72,49-72 meses,Two year,Credit card (automatic),DSL,67.2,4671.7,No,0.0351,Bajo,0.0
3338-CVVEH,1,0,0,0,12,0-12 meses,Month-to-month,Electronic check,Fiber optic,94.55,1173.55,No,0.7841,Alto,94.55
8485-GJCDN,0,1,0,0,5,0-12 meses,Month-to-month,Mailed check,Fiber optic,69.05,318.5,Yes,0.7893,Alto,69.05
2615-YVMYX,1,1,1,0,71,49-72 meses,Month-to-month,Electronic check,Fiber optic,107.5,7713.55,No,0.43,Medio,0.0
2851-STERV,1,1,0,0,35,25-48 meses,One year,Electronic check,DSL,73.0,2471.25,No,0.3392,Medio,0.0
4393-GEADV,1,0,1,1,70,49-72 meses,Two year,Credit card (automatic),Fiber optic,114.75,7842.3,No,0.1406,Bajo,0.0
8486-AYEQH,0,0,0,0,31,25-48 meses,Month-to-month,Electronic check,Fiber optic,76.05,2227.8,No,0.6859,Alto,76.05
1527-SXDPN,1,0,1,1,52,49-72 meses,Two year,Bank transfer (automatic),Fiber optic,96.25,4990.25,Yes,0.2854,Bajo,0.0
6029-WTIPC,1,1,0,0,37,25-48 meses,Month-to-month,Electronic check,Fiber optic,101.1,3744.05,Yes,0.7533,Alto,101.1
8634-CILSZ,1,0,0,0,69,49-72 meses,One year,Bank transfer (automatic),Fiber optic,104.7,7220.35,Yes,0.4483,Medio,0.0
5419-JKZNQ,1,1,1,0,30,25-48 meses,Month-to-month,Mailed check,Fiber optic,77.9,2351.45,No,0.5486,Medio,0.0
2495-KZNFB,0,0,0,0,33,25-48 meses,Month-to-month,Electronic check,Fiber optic,90.65,2989.6,No,0.632,Alto,90.65
1409-PHXTF,1,1,1,0,54,49-72 meses,Two year,Electronic check,Fiber optic,110.45,6077.75,No,0.3665,Medio,0.0
4560-WQAQW,0,0,0,0,59,49-72 meses,One year,Bank transfer (automatic),DSL,68.7,4070.95,No,0.1492,Bajo,0.0
9591-YVTEB,1,1,0,0,55,49-72 meses,Month-to-month,Electronic check,DSL,44.85,2479.05,No,0.4401,Medio,0.0
9309-BZGNT,1,1,1,0,69,49-72 meses,One year,Credit card (automatic),DSL,29.8,2134.3,No,0.2862,Bajo,0.0
4274-DRSQT,0,0,0,0,66,49-72 meses,One year,Bank transfer (automatic),Fiber optic,88.9,6000.1,No,0.3581,Medio,0.0
2027-DNKIV,1,0,1,1,37,25-48 meses,One year,Mailed check,DSL,58.75,2203.1,No,0.1756,Bajo,0.0
8075-GXIUB,1,1,1,0,9,0-12 meses,One year,Credit card (automatic),No,19.85,183.15,No,0.1646,Bajo,0.0
2885-HIJDH,1,0,1,1,69,49-72 meses,Two year,Bank transfer (automatic),DSL,86.9,6194.1,No,0.0567,Bajo,0.0
5424-RLQLC,1,0,0,0,10,0-12 meses,Month-to-month,Mailed check,DSL,59.65,638.95,No,0.4702,Medio,0.0
6682-QJDGB,1,0,0,1,40,25-48 meses,Month-to-month,Mailed check,DSL,55.25,2139.2,Yes,0.2574,Bajo,0.0
6507-DTJZV,1,0,0,1,13,13-24 meses,Month-to-month,Credit card (automatic),DSL,66.4,831.75,No,0.4215,Medio,0.0
8780-IXSTS,0,0,0,0,6,0-12 meses,Month-to-month,Electronic check,Fiber optic,90.1,521.3,Yes,0.8874,Alto,90.1
7673-BQGKU,0,0,1,1,69,49-72 meses,Two year,Bank transfer (automatic),No,20.15,1337.5,No,0.0204,Bajo,0.0
6723-WSNTY,0,1,1,0,66,49-72 meses,One year,Credit card (automatic),Fiber optic,108.1,7181.95,No,0.3734,Medio,0.0
9530-EHPOH,1,0,0,0,11,0-12 meses,Month-to-month,Electronic check,DSL,53.75,608.0,Yes,0.5598,Medio,0.0
2725-IWWBA,1,0,1,1,46,25-48 meses,One year,Mailed check,DSL,56.9,2560.1,No,0.136,Bajo,0.0
0345-HKJVM,0,0,0,0,6,0-12 meses,Month-to-month,Electronic check,Fiber optic,89.3,577.6,Yes,0.8384,Alto,89.3
1061-PNTHC,0,0,1,1,56,49-72 meses,Month-to-month,Mailed check,Fiber optic,109.6,5953.0,No,0.4022,Medio,0.0
0394-YONDK,1,0,1,1,70,49-72 meses,Two year,Credit card (automatic),No,25.15,1790.15,No,0.0212,Bajo,0.0
6574-MCOEH,0,0,1,1,33,25-48 meses,One year,Electronic check,DSL,79.15,2531.4,No,0.3283,Medio,0.0
7399-QHBJS,0,0,1,1,72,49-72 meses,Two year,Credit card (automatic),DSL,66.75,4760.3,No,0.0564,Bajo,0.0
3049-SOLAY,0,0,1,0,3,0-12 meses,Month-to-month,Electronic check,Fiber optic,95.2,292.85,Yes,0.9027,Alto,95.2
0997-YTLNY,0,0,0,1,19,13-24 meses,Month-to-month,Mailed check,DSL,48.8,953.65,No,0.3598,Medio,0.0
3317-HRTNN,0,1,0,0,5,0-12 meses,Month-to-month,Electronic check,DSL,45.7,198.0,Yes,0.732,Alto,45.7
9479-HYNYL,0,0,1,0,71,49-72 meses,Two year,Credit card (automatic),DSL,80.7,5705.05,No,0.0634,Bajo,0.0
3235-ETOOB,1,0,1,0,8,0-12 meses,Month-to-month,Electronic check,Fiber optic,74.5,609.9,Yes,0.7374,Alto,74.5
9708-KFDBY,1,0,0,0,1,0-12 meses,Month-to-month,Credit card (automatic),No,20.55,20.55,No,0.4661,Medio,0.0
8058-INTPH,0,0,0,0,1,0-12 meses,Month-to-month,Electronic check,Fiber optic,79.65,79.65,Yes,0.9108,Alto,79.65
3642-GKTCT,0,0,0,0,61,49-72 meses,One year,Mailed check,Fiber optic,115.1,6993.65,No,0.3386,Medio,0.0
0774-RMNUW,0,0,1,1,71,49-72 meses,Two year,Bank transfer (automatic),DSL,59.7,4122.65,No,0.0421,Bajo,0.0
1334-PDUKM,0,0,1,0,68,49-72 meses,One year,Credit card (automatic),Fiber optic,86.45,5762.95,No,0.2666,Bajo,0.0
0756-MPZRL,1,0,0,0,46,25-48 meses,One year,Credit card (automatic),DSL,33.7,1537.85,No,0.209,Bajo,0.0
2242-MFOTG,1,0,0,0,33,25-48 meses,One year,Bank transfer (automatic),Fiber optic,80.1,2603.3,No,0.3216,Medio,0.0
2927-CVULT,0,0,1,1,53,49-72 meses,Two year,Bank transfer (automatic),Fiber optic,104.05,5566.4,No,0.2252,Bajo,0.0
2144-BFDSO,0,1,1,0,50,49-72 meses,Month-to-month,Bank transfer (automatic),Fiber optic,108.75,5431.9,No,0.44,Medio,0.0
8745-PVESG,0,0,0,0,57,49-72 meses,One year,Credit card (automatic),DSL,41.1,2258.25,No,0.1454,Bajo,0.0
7647-GYYKX,0,0,1,1,54,49-72 meses,Two year,Bank transfer (automatic),No,20.35,1092.35,No,0.0416,Bajo,0.0
5647-FXOTP,0,1,1,0,60,49-72 meses,Month-to-month,Electronic check,Fiber optic,105.9,6401.25,No,0.6038,Alto,105.9
5569-OUICF,0,1,1,0,28,25-48 meses,Month-to-month,Credit card (automatic),Fiber optic,101.3,2812.2,Yes,0.6355,Alto,101.3
8821-XNHVZ,0,0,1,1,1,0-12 meses,Month-to-month,Mailed check,Fiber optic,80.05,80.05,Yes,0.8764,Alto,80.05
2082-OJVTK,1,0,1,1,29,25-48 meses,Month-to-month,Electronic check,Fiber optic,89.2,2698.35,Yes,0.7023,Alto,89.2
9700-ISPUP,0,0,1,1,10,0-12 meses,Month-to-month,Electronic check,DSL,65.5,616.9,No,0.5,Medio,0.0
9839-ETQOE,1,0,0,1,43,25-48 meses,Month-to-month,Electronic check,DSL,40.45,1912.85,No,0.3428,Medio,0.0
6078-VESFR,1,1,1,0,13,13-24 meses,Month-to-month,Bank transfer (automatic),Fiber optic,70.45,849.1,No,0.6309,Alto,70.45
9027-TMATR,0,0,1,0,43,25-48 meses,Two year,Electronic check,DSL,78.8,3460.3,No,0.1708,Bajo,0.0
5940-NFXKV,1,0,1,1,19,13-24 meses,Month-to-month,Electronic check,Fiber optic,83.65,1465.75,Yes,0.7722,Alto,83.65
1941-HOSAM,1,0,1,1,1,0-12 meses,Month-to-month,Electronic check,Fiber optic,90.1,90.1,No,0.8793,Alto,90.1
9110-HSGTV,0,0,0,0,69,49-72 meses,Two year,Credit card (automatic),DSL,82.45,5555.3,No,0.0717,Bajo,0.0
0704-VCUMB,0,0,1,0,61,49-72 meses,Two year,Credit card (automatic),No,20.25,1278.8,No,0.029,Bajo,0.0
6171-ZTVYB,1,0,1,0,43,25-48 meses,Month-to-month,Bank transfer (automatic),DSL,66.25,2907.35,No,0.1757,Bajo,0.0
8053-WWDRO,0,0,1,0,6,0-12 meses,Month-to-month,Bank transfer (automatic),No,19.5,146.3,Yes,0.2523,Bajo,0.0
9564-KCLHR,1,0,0,0,1,0-12 meses,Month-to-month,Mailed check,DSL,51.25,51.25,Yes,0.6519,Alto,51.25
1935-IMVBB,1,0,1,0,56,49-72 meses,Month-to-month,Mailed check,Fiber optic,89.7,4952.95,No,0.4698,Medio,0.0
2535-PBCGC,0,0,1,0,70,49-72 meses,Two year,Bank transfer (automatic),DSL,64.55,4504.9,No,0.046,Bajo,0.0
2082-CEFLT,1,0,0,0,1,0-12 meses,Month-to-month,Electronic check,DSL,45.6,45.6,Yes,0.801,Alto,45.6
1470-PSXNM,1,0,1,1,49,49-72 meses,One year,Electronic check,Fiber optic,93.65,4520.15,No,0.4713,Medio,0.0
1213-NGCUN,0,0,0,0,6,0-12 meses,Month-to-month,Bank transfer (automatic),DSL,49.65,267.35,Yes,0.5838,Medio,0.0
2498-XLDZR,0,0,1,1,32,25-48 meses,Two year,Mailed check,DSL,73.6,2316.85,No,0.0888,Bajo,0.0
9866-OCCKE,0,1,1,0,72,49-72 meses,Two year,Mailed check,Fiber optic,109.75,8075.35,No,0.1548,Bajo,0.0
5338-YHWYT,1,0,0,1,37,25-48 meses,Two year,Credit card (automatic),DSL,61.45,2302.35,No,0.0935,Bajo,0.0
7718-UPSKJ,0,0,1,0,69,49-72 meses,One year,Credit card (automatic),Fiber optic,106.4,7251.9,No,0.3385,Medio,0.0
8731-WBBMB,0,0,1,0,26,25-48 meses,Month-to-month,Bank transfer (automatic),DSL,81.9,2078.55,No,0.2943,Bajo,0.0
1448-CYWKC,0,0,1,1,58,49-72 meses,One year,Credit card (automatic),Fiber optic,105.2,6225.4,No,0.4146,Medio,0.0
7901-IIDQV,1,0,0,0,24,13-24 meses,One year,Bank transfer (automatic),DSL,54.6,1242.25,No,0.2172,Bajo,0.0
2690-DVRVK,1,0,1,1,5,0-12 meses,One year,Electronic check,No,20.55,99.45,No,0.1728,Bajo,0.0
5688-KZTSN,1,0,1,1,15,13-24 meses,Month-to-month,Electronic check,No,20.0,288.05,Yes,0.2269,Bajo,0.0
1270-XKUCC,0,0,1,1,30,25-48 meses,Two year,Mailed check,No,19.7,599.25,No,0.0362,Bajo,0.0
0334-ZFJSR,0,0,1,0,55,49-72 meses,One year,Credit card (automatic),DSL,66.05,3462.1,No,0.1176,Bajo,0.0
2894-QOJRX,0,0,1,0,25,25-48 meses,Month-to-month,Bank transfer (automatic),DSL,34.0,853.0,Yes,0.4666,Medio,0.0
5747-PMBSQ,1,1,1,0,10,0-12 meses,Month-to-month,Mailed check,Fiber optic,92.5,934.1,Yes,0.7654,Alto,92.5
5583-EJXRD,1,0,1,1,44,25-48 meses,Two year,Credit card (automatic),DSL,54.05,2375.2,No,0.0822,Bajo,0.0
4565-EVZMJ,0,0,0,0,47,25-48 meses,One year,Mailed check,DSL,58.9,2813.05,No,0.1522,Bajo,0.0
3143-JQEGI,0,0,1,1,13,13-24 meses,Month-to-month,Electronic check,Fiber optic,88.35,1222.8,Yes,0.7122,Alto,88.35
6386-SZZKH,0,0,1,1,49,49-72 meses,Two year,Bank transfer (automatic),Fiber optic,107.95,5293.2,Yes,0.3364,Medio,0.0
3327-YBAKM,0,0,1,0,64,49-72 meses,One year,Mailed check,Fiber optic,96.9,6314.35,No,0.3581,Medio,0.0
9441-QHEVC,1,0,0,0,1,0-12 meses,Month-to-month,Mailed check,No,19.1,19.1,No,0.5086,Medio,0.0
6705-LNMDD,1,0,0,0,20,13-24 meses,Month-to-month,Mailed check,DSL,50.0,1003.05,No,0.3592,Medio,0.0
2580-ASVVY,0,0,1,0,37,25-48 meses,Two year,Electronic check,DSL,45.4,1593.1,No,0.2017,Bajo,0.0
3370-GQEAL,1,0,1,1,30,25-48 meses,Month-to-month,Electronic check,Fiber optic,85.45,2509.95,No,0.6437,Alto,85.45
5032-USPKF,0,0,0,0,38,25-48 meses,One year,Bank transfer (automatic),DSL,84.1,3187.65,No,0.2619,Bajo,0.0
2982-IHMFT,0,1,0,0,1,0-12 meses,Month-to-month,Mailed check,Fiber optic,74.45,74.45,Yes,0.8934,Alto,74.45
3521-SYVOR,0,0,0,0,37,25-48 meses,Month-to-month,Electronic check,DSL,64.75,2345.2,Yes,0.4541,Medio,0.0
4254-QPEDE,0,0,1,0,52,49-72 meses,Two year,Credit card (automatic),DSL,66.25,3330.1,No,0.0559,Bajo,0.0
6283-GITPX,1,0,0,1,71,49-72 meses,Two year,Credit card (automatic),DSL,76.9,5522.7,No,0.0644,Bajo,0.0
9526-JAWYF,1,0,0,0,26,25-48 meses,Month-to-month,Electronic check,Fiber optic,89.8,2335.3,Yes,0.63,Alto,89.8
0771-CHWSK,1,0,0,0,66,49-72 meses,Two year,Credit card (automatic),DSL,74.6,4798.4,No,0.1223,Bajo,0.0
9788-HNGUT,1,0,1,0,72,49-72 meses,Two year,Credit card (automatic),Fiber optic,116.95,8594.4,No,0.0987,Bajo,0.0
9495-REDIY,1,0,0,1,25,25-48 meses,One year,Credit card (automatic),DSL,40.65,970.55,No,0.2876,Bajo,0.0
5375-XLDOF,1,0,1,1,69,49-72 meses,Two year,Bank transfer (automatic),Fiber optic,114.35,7665.8,No,0.2305,Bajo,0.0
1172-VIYBP,1,0,1,1,53,49-72 meses,Two year,Bank transfer (automatic),DSL,69.7,3686.05,No,0.0659,Bajo,0.0
5649-VUKMC,0,0,0,0,12,0-12 meses,One year,Mailed check,Fiber optic,95.5,1115.15,Yes,0.6415,Alto,95.5
6559-PDZLR,1,0,0,0,26,25-48 meses,Month-to-month,Electronic check,Fiber optic,98.65,2537.0,No,0.6382,Alto,98.65
8992-OBVDG,1,0,0,0,21,13-24 meses,Month-to-month,Mailed check,DSL,61.65,1393.6,No,0.3695,Medio,0.0
4273-MBHYA,0,0,0,1,1,0-12 meses,Month-to-month,Electronic check,Fiber optic,89.35,89.35,No,0.8916,Alto,89.35
4724-WXVWF,1,0,0,0,48,25-48 meses,Month-to-month,Electronic check,Fiber optic,95.4,4445.3,No,0.5617,Medio,0.0
5701-GUXDC,0,0,1,0,26,25-48 meses,One year,Credit card (automatic),DSL,35.4,978.6,No,0.2739,Bajo,0.0
1460-UZPRJ,1,0,1,0,60,49-72 meses,Two year,Mailed check,No,19.95,1258.15,No,0.0397,Bajo,0.0
6082-GLJIX,1,0,0,0,18,13-24 meses,Month-to-month,Mailed check,No,19.25,331.35,No,0.1411,Bajo,0.0
5143-EGQFK,0,1,0,0,10,0-12 meses,Month-to-month,Electronic check,DSL,29.65,291.4,Yes,0.6442,Alto,29.65
4919-IKATY,1,0,1,1,5,0-12 meses,Month-to-month,Electronic check,Fiber optic,84.5,453.75,Yes,0.7677,Alto,84.5
2495-TTHBQ,0,0,0,1,4,0-12 meses,One year,Mailed check,No,20.4,84.75,No,0.1562,Bajo,0.0
0485-ZBSLN,1,0,1,1,65,49-72 meses,Two year,Credit card (automatic),No,24.75,1715.1,No,0.0187,Bajo,0.0
3810-PJUHR,1,0,1,1,70,49-72 meses,Two year,Mailed check,No,25.35,1715.15,No,0.0194,Bajo,0.0
9050-QLROH,1,0,0,0,18,13-24 meses,Month-to-month,Credit card (automatic),Fiber optic,90.7,1597.25,Yes,0.6295,Alto,90.7
0847-HGRML,1,0,0,1,62,49-72 meses,Two year,Bank transfer (automatic),No,20.0,1250.1,No,0.0488,Bajo,0.0
8232-CTLKO,0,0,1,1,66,49-72 meses,Two year,Electronic check,DSL,59.75,3996.8,No,0.1816,Bajo,0.0
9227-YBAXE,0,0,1,1,65,49-72 meses,Two year,Bank transfer (automatic),DSL,82.5,5215.1,No,0.064,Bajo,0.0
6168-WFVVF,0,1,0,0,3,0-12 meses,Month-to-month,Electronic check,Fiber optic,70.3,235.5,Yes,0.8325,Alto,70.3
9860-LISIZ,0,0,0,0,34,25-48 meses,Month-to-month,Mailed check,No,20.35,673.2,No,0.1075,Bajo,0.0
0112-QAWRZ,1,0,1,1,16,13-24 meses,Month-to-month,Bank transfer (automatic),Fiber optic,90.8,1442.2,No,0.6657,Alto,90.8
0877-SDMBN,0,0,0,0,54,49-72 meses,One year,Bank transfer (automatic),Fiber optic,103.95,5639.05,Yes,0.4684,Medio,0.0
2786-GCDPI,0,1,0,0,50,49-72 meses,Month-to-month,Electronic check,Fiber optic,104.95,5222.35,No,0.6144,Alto,104.95
4043-MKDTV,1,0,1,0,71,49-72 meses,Two year,Electronic check,Fiber optic,105.25,7291.75,No,0.2718,Bajo,0.0
8065-YKXKD,0,0,0,0,10,0-12 meses,Month-to-month,Electronic check,Fiber optic,74.75,799.65,Yes,0.8302,Alto,74.75
9637-EIHEQ,0,0,0,0,1,0-12 meses,Month-to-month,Electronic check,DSL,50.8,50.8,Yes,0.7185,Alto,50.8
9229-RQABD,1,0,0,0,18,13-24 meses,One year,Mailed check,No,23.75,424.5,No,0.1051,Bajo,0.0
8313-KTIHG,1,0,0,0,4,0-12 meses,Month-to-month,Electronic check,DSL,61.3,249.4,No,0.6044,Alto,61.3
5320-BRKGK,0,0,1,1,58,49-72 meses,Two year,Mailed check,DSL,75.8,4415.75,No,0.0549,Bajo,0.0
6284-KMNUF,0,0,1,0,56,49-72 meses,One year,Electronic check,Fiber optic,98.0,5270.6,No,0.4667,Medio,0.0
9689-PTNPG,1,0,0,0,2,0-12 meses,Month-to-month,Electronic check,Fiber optic,80.25,144.55,Yes,0.8653,Alto,80.25
9465-RWMXL,1,0,1,0,32,25-48 meses,Month-to-month,Electronic check,Fiber optic,78.9,2447.95,Yes,0.6856,Alto,78.9
6229-UOLQL,1,0,1,1,56,49-72 meses,One year,Mailed check,DSL,52.0,2884.9,No,0.1216,Bajo,0.0
2362-IBOOY,1,0,0,0,36,25-48 meses,Month-to-month,Electronic check,Fiber optic,84.75,3050.15,Yes,0.7141,Alto,84.75
3137-LUPIX,0,0,0,0,4,0-12 meses,Month-to-month,Mailed check,DSL,64.4,253.0,No,0.5558,Medio,0.0
0843-WTBXE,1,0,0,0,53,49-72 meses,Month-to-month,Bank transfer (automatic),Fiber optic,85.45,4517.25,Yes,0.5001,Medio,0.0
6143-JQKEA,1,0,0,0,10,0-12 meses,Month-to-month,Credit card (automatic),DSL,45.8,436.2,No,0.5403,Medio,0.0
8676-OOQEJ,1,0,0,0,4,0-12 meses,Month-to-month,Electronic check,DSL,30.5,118.4,No,0.6393,Alto,30.5
5515-IDEJJ,1,0,1,1,1,0-12 meses,Month-to-month,Mailed check,No,19.9,19.9,Yes,0.4991,Medio,0.0
9701-CDXHR,0,0,1,0,51,49-72 meses,Month-to-month,Mailed check,Fiber optic,69.15,3649.6,No,0.4219,Medio,0.0
7450-NWRTR,1,1,0,0,12,0-12 meses,Month-to-month,Electronic check,Fiber optic,99.45,1200.15,Yes,0.8557,Alto,99.45
8124-NZVGJ,0,0,0,0,6,0-12 meses,One year,Mailed check,DSL,49.25,255.6,No,0.5077,Medio,0.0
2162-FRZAA,1,0,1,1,63,49-72 meses,Two year,Bank transfer (automatic),DSL,39.35,2395.05,No,0.0989,Bajo,0.0
5376-DEQCP,0,0,0,0,1,0-12 meses,Month-to-month,Electronic check,Fiber optic,70.6,70.6,Yes,0.8906,Alto,70.6
5118-MUEYH,0,0,1,0,48,25-48 meses,Month-to-month,Credit card (automatic),Fiber optic,105.1,5083.55,No,0.5034,Medio,0.0
9095-HFAFX,0,0,0,0,5,0-12 meses,Month-to-month,Credit card (automatic),Fiber optic,81.0,389.6,Yes,0.823,Alto,81.0
5627-TVBPP,0,0,0,1,35,25-48 meses,One year,Credit card (automatic),No,20.1,644.5,No,0.0577,Bajo,0.0
2379-ENZGV,1,0,0,0,6,0-12 meses,Month-to-month,Electronic check,Fiber optic,84.85,523.5,Yes,0.8575,Alto,84.85
3936-QQFLL,1,0,0,0,2,0-12 meses,Month-to-month,Mailed check,No,19.75,39.3,No,0.2399,Bajo,0.0
2589-AYCRP,0,0,0,0,50,49-72 meses,One year,Bank transfer (automatic),No,19.75,989.05,No,0.0789,Bajo,0.0
4067-HLYQI,0,0,0,0,33,25-48 meses,Month-to-month,Bank transfer (automatic),Fiber optic,70.4,2406.1,No,0.5713,Medio,0.0
5124-EOGYE,1,0,0,0,31,25-48 meses,Two year,Mailed check,No,20.45,638.55,No,0.0411,Bajo,0.0
5057-RKGLH,0,0,1,1,9,0-12 meses,Two year,Mailed check,No,20.35,191.1,No,0.0916,Bajo,0.0
0292-WEGCH,0,0,1,1,54,49-72 meses,Month-to-month,Electronic check,DSL,86.2,4524.05,No,0.3027,Medio,0.0
8910-ICHIU,0,0,0,0,46,25-48 meses,One year,Credit card (automatic),Fiber optic,95.65,4664.2,No,0.337,Medio,0.0
4097-YODCF,1,0,0,1,34,25-48 meses,One year,Electronic check,Fiber optic,103.8,3470.8,No,0.511,Medio,0.0
9715-WZCLW,1,0,1,1,71,49-72 meses,Two year,Electronic check,Fiber optic,97.2,6910.3,No,0.312,Medio,0.0
9786-YWNHU,0,0,1,1,63,49-72 meses,Two year,Mailed check,DSL,63.55,4014.2,No,0.0306,Bajo,0.0
6407-GSJNL,0,0,0,0,51,49-72 meses,Two year,Bank transfer (automatic),No,24.95,1288.0,No,0.0623,Bajo,0.0
6005-OBZPH,0,1,0,0,26,25-48 meses,Month-to-month,Electronic check,Fiber optic,89.15,2277.65,Yes,0.7449,Alto,89.15
4049-ZPALD,0,0,1,0,64,49-72 meses,Two year,Bank transfer (automatic),Fiber optic,99.0,6375.8,No,0.2343,Bajo,0.0
7932-WPTDS,0,1,1,0,1,0-12 meses,Month-to-month,Electronic check,DSL,24.8,24.8,Yes,0.8026,Alto,24.8
3733-UOCWF,1,1,1,0,61,49-72 meses,One year,Bank transfer (automatic),Fiber optic,85.55,5251.75,No,0.3059,Medio,0.0
6833-JMZYP,0,0,0,0,15,13-24 meses,Month-to-month,Credit card (automatic),Fiber optic,94.0,1505.45,No,0.6905,Alto,94.0
2722-VOJQL,1,0,0,0,64,49-72 meses,One year,Credit card (automatic),Fiber optic,105.65,6903.1,Yes,0.4555,Medio,0.0
1310-QRITU,0,0,0,0,18,13-24 meses,Month-to-month,Electronic check,DSL,50.3,913.3,No,0.5564,Medio,0.0
8961-QDZZJ,0,0,1,1,57,49-72 meses,One year,Electronic check,Fiber optic,95.0,5535.8,No,0.4353,Medio,0.0
9715-SBVSU,1,0,1,1,14,13-24 meses,Two year,Bank transfer (automatic),DSL,61.4,815.55,No,0.2043,Bajo,0.0
8490-BXHEO,1,1,0,0,18,13-24 meses,Month-to-month,Credit card (automatic),Fiber optic,80.55,1411.65,No,0.6418,Alto,80.55
7173-TETGO,0,1,1,0,72,49-72 meses,Two year,Bank transfer (automatic),Fiber optic,78.5,5602.25,No,0.1761,Bajo,0.0
7929-SKFGK,1,0,1,0,70,49-72 meses,Two year,Credit card (automatic),Fiber optic,114.3,8244.3,No,0.1519,Bajo,0.0
2300-RQGOI,0,0,0,0,38,25-48 meses,Two year,Mailed check,No,20.05,741.5,No,0.04,Bajo,0.0
3563-SVYLG,1,0,1,1,68,49-72 meses,Two year,Credit card (automatic),DSL,62.65,4375.8,No,0.0481,Bajo,0.0
5228-EXCET,1,0,0,0,13,13-24 meses,Month-to-month,Electronic check,Fiber optic,80.85,1008.7,Yes,0.784,Alto,80.85
6435-VWCCY,1,1,1,0,65,49-72 meses,Two year,Credit card (automatic),Fiber optic,92.7,5968.4,No,0.1925,Bajo,0.0
4998-IKFSE,0,0,0,0,30,25-48 meses,Month-to-month,Electronic check,Fiber optic,100.45,3096.9,No,0.6612,Alto,100.45
8630-QSGXK,1,0,1,0,51,49-72 meses,Two year,Bank transfer (automatic),DSL,75.2,3901.25,No,0.1005,Bajo,0.0
2455-USLMV,0,0,0,0,31,25-48 meses,Month-to-month,Credit card (automatic),Fiber optic,84.75,2613.4,No,0.5056,Medio,0.0
7394-FKDNK,0,0,1,0,9,0-12 meses,Month-to-month,Electronic check,Fiber optic,89.45,853.1,Yes,0.814,Alto,89.45
9488-FVZCC,0,0,1,1,72,49-72 meses,Two year,Bank transfer (automatic),DSL,79.5,5661.7,No,0.0415,Bajo,0.0
6331-LWDTQ,1,0,0,0,10,0-12 meses,Month-to-month,Credit card (automatic),DSL,72.15,794.25,Yes,0.5942,Medio,0.0
5995-WWKKG,0,0,0,0,37,25-48 meses,One year,Electronic check,No,19.8,695.05,No,0.0962,Bajo,0.0
1597-FZREH,0,0,0,0,2,0-12 meses,Month-to-month,Electronic check,DSL,76.4,160.8,Yes,0.6747,Alto,76.4
7879-CGSFV,1,0,0,0,55,49-72 meses,One year,Mailed check,Fiber optic,100.9,5552.05,No,0.4308,Medio,0.0
9921-EZKBY,1,0,0,1,33,25-48 meses,Month-to-month,Bank transfer (automatic),Fiber optic,95.3,3275.15,No,0.5343,Medio,0.0
7432-FFVAR,0,0,1,1,46,25-48 meses,One year,Bank transfer (automatic),Fiber optic,90.95,4236.6,No,0.2937,Bajo,0.0
7246-ZGQDF,0,0,0,1,1,0-12 meses,Month-to-month,Electronic check,DSL,54.5,54.5,No,0.6107,Alto,54.5
7000-WCEVQ,0,1,0,0,20,13-24 meses,Month-to-month,Mailed check,DSL,61.6,1174.35,Yes,0.5049,Medio,0.0
0727-IWKVK,1,0,1,0,9,0-12 meses,Month-to-month,Electronic check,Fiber optic,79.9,741.7,Yes,0.8248,Alto,79.9
5959-BELXA,1,1,0,0,32,25-48 meses,Month-to-month,Credit card (automatic),Fiber optic,96.15,3019.25,Yes,0.6828,Alto,96.15
4456-RHSNB,0,0,1,1,19,13-24 meses,Month-to-month,Bank transfer (automatic),DSL,49.6,962.9,No,0.4092,Medio,0.0
3512-IZIKN,0,0,1,0,70,49-72 meses,Two year,Credit card (automatic),DSL,65.3,4759.75,Yes,0.1093,Bajo,0.0
2481-SBOYW,0,0,0,1,61,49-72 meses,Two year,Credit card (automatic),No,25.0,1498.35,No,0.0495,Bajo,0.0
7109-MFBYV,1,0,0,0,26,25-48 meses,Month-to-month,Electronic check,DSL,45.45,1233.15,No,0.3897,Medio,0.0
1833-TCXKK,1,0,1,0,45,25-48 meses,Month-to-month,Bank transfer (automatic),Fiber optic,107.75,4882.8,No,0.5885,Medio,0.0
1832-PEUTS,1,0,1,1,62,49-72 meses,Two year,Credit card (automatic),Fiber optic,89.1,5411.65,No,0.2309,Bajo,0.0
6141-OOXUQ,1,0,0,0,1,0-12 meses,Month-to-month,Mailed check,No,19.65,19.65,Yes,0.5254,Medio,0.0
8660-BUETV,0,0,0,0,3,0-12 meses,Month-to-month,Mailed check,DSL,44.75,148.05,No,0.6417,Alto,44.75
0580-PIQHM,0,0,1,1,41,25-48 meses,One year,Bank transfer (automatic),Fiber optic,101.6,3930.55,No,0.4207,Medio,0.0
5696-CEIQJ,1,0,1,1,67,49-72 meses,Two year,Bank transfer (automatic),Fiber optic,103.15,6895.5,No,0.1942,Bajo,0.0
7503-ZGUZJ,1,0,0,0,1,0-12 meses,Month-to-month,Mailed check,Fiber optic,84.65,84.65,Yes,0.9042,Alto,84.65
1696-HXOWK,0,0,1,0,71,49-72 meses,One year,Mailed check,Fiber optic,95.65,6856.95,No,0.2486,Bajo,0.0
3026-ATZYV,0,0,1,1,37,25-48 meses,One year,Bank transfer (automatic),DSL,75.1,2658.8,No,0.2298,Bajo,0.0
4012-YCFAI,1,0,1,0,60,49-72 meses,Two year,Mailed check,DSL,61.35,3766.2,No,0.0367,Bajo,0.0
2506-TNFCO,0,1,1,0,1,0-12 meses,Month-to-month,Electronic check,Fiber optic,69.55,69.55,Yes,0.88,Alto,69.55
9970-QBCDA,0,0,0,0,6,0-12 meses,Month-to-month,Credit card (automatic),No,19.7,129.55,No,0.2509,Bajo,0.0
8718-PTMEZ,0,0,0,0,13,13-24 meses,Month-to-month,Electronic check,DSL,31.05,347.25,Yes,0.5612,Medio,0.0
9496-IVVRP,0,0,1,1,11,0-12 meses,Month-to-month,Bank transfer (automatic),DSL,51.0,581.7,No,0.3461,Medio,0.0
2207-OBZNX,1,0,0,0,7,0-12 meses,Month-to-month,Mailed check,DSL,51.0,354.05,Yes,0.4788,Medio,0.0
2657-VPXTA,0,0,1,1,10,0-12 meses,Month-to-month,Electronic check,Fiber optic,88.85,929.45,No,0.8239,Alto,88.85
6551-VLJMV,1,0,1,0,34,25-48 meses,Two year,Credit card (automatic),No,20.05,679.0,No,0.0318,Bajo,0.0
1221-GHZEP,0,0,0,0,62,49-72 meses,Two year,Mailed check,DSL,65.1,3846.75,No,0.0586,Bajo,0.0
9289-LBQVU,1,0,1,0,64,49-72 meses,One year,Mailed check,DSL,70.15,4480.7,No,0.2327,Bajo,0.0
6142-VSJQO,0,0,1,1,1,0-12 meses,Month-to-month,Bank transfer (automatic),DSL,44.35,44.35,Yes,0.7243,Alto,44.35
3458-IDMFK,1,0,0,0,25,25-48 meses,Two year,Mailed check,No,20.75,499.4,No,0.054,Bajo,0.0
6933-FHBZC,0,0,0,0,26,25-48 meses,One year,Mailed check,DSL,56.05,1553.2,No,0.2829,Bajo,0.0
0221-NAUXK,1,0,0,1,10,0-12 meses,One year,Bank transfer (automatic),No,19.95,219.5,No,0.155,Bajo,0.0
9770-KXGQU,0,0,0,0,53,49-72 meses,One year,Mailed check,Fiber optic,98.6,5311.85,No,0.2998,Bajo,0.0
6437-UKHMV,0,0,0,0,7,0-12 meses,Month-to-month,Electronic check,Fiber optic,79.7,586.05,Yes,0.854,Alto,79.7
6538-POCHL,1,0,0,0,33,25-48 meses,Month-to-month,Credit card (automatic),Fiber optic,79.0,2576.8,No,0.5345,Medio,0.0
6726-NNFWD,0,1,1,0,71,49-72 meses,Two year,Credit card (automatic),Fiber optic,89.45,6435.25,No,0.1941,Bajo,0.0
3002-WQZWT,0,0,0,0,29,25-48 meses,Month-to-month,Electronic check,Fiber optic,74.2,1993.25,No,0.6836,Alto,74.2
4277-UDIEF,1,0,1,1,24,13-24 meses,Month-to-month,Bank transfer (automatic),DSL,81.0,1923.85,No,0.2486,Bajo,0.0
1208-NBVFH,1,0,1,1,20,13-24 meses,Month-to-month,Electronic check,DSL,49.6,939.8,No,0.501,Medio,0.0
4912-PIGUY,0,0,0,0,1,0-12 meses,Month-to-month,Electronic check,Fiber optic,84.6,84.6,No,0.9187,Alto,84.6
1114-CENIM,1,0,0,1,54,49-72 meses,Month-to-month,Credit card (automatic),DSL,55.0,3092.65,Yes,0.343,Medio,0.0
6060-DRTNL,0,1,0,0,5,0-12 meses,Month-to-month,Mailed check,Fiber optic,84.85,415.55,Yes,0.8486,Alto,84.85
2725-TTRIQ,0,0,1,1,72,49-72 meses,Two year,Bank transfer (automatic),DSL,84.2,5986.55,No,0.0422,Bajo,0.0
3374-TTZTK,1,0,1,0,52,49-72 meses,Two year,Electronic check,Fiber optic,106.3,5487.0,No,0.3325,Medio,0.0
8990-ZXLSU,0,0,0,0,9,0-12 meses,Month-to-month,Electronic check,Fiber optic,69.05,651.5,No,0.7291,Alto,69.05
2275-RBYQS,0,0,0,0,1,0-12 meses,Month-to-month,Mailed check,DSL,45.4,45.4,No,0.7563,Alto,45.4
8473-VUVJN,1,1,0,0,1,0-12 meses,Month-to-month,Electronic check,Fiber optic,73.65,73.65,Yes,0.9026,Alto,73.65
6289-CPNLD,1,0,1,1,33,25-48 meses,One year,Mailed check,DSL,73.9,2405.05,Yes,0.3067,Medio,0.0
5536-SLHPM,0,0,1,0,55,49-72 meses,Month-to-month,Electronic check,Fiber optic,77.75,4458.15,Yes,0.587,Medio,0.0
4419-UJMUS,1,0,1,1,69,49-72 meses,Two year,Electronic check,Fiber optic,99.35,6856.45,No,0.3168,Medio,0.0
7794-JASDG,1,0,0,0,1,0-12 meses,Month-to-month,Mailed check,DSL,50.75,50.75,No,0.6321,Alto,50.75
7609-YBPXG,1,0,0,0,54,49-72 meses,Two year,Bank transfer (automatic),DSL,87.1,4735.2,No,0.0766,Bajo,0.0
5519-TEEUH,1,0,0,1,33,25-48 meses,One year,Mailed check,No,20.15,682.15,No,0.0632,Bajo,0.0
7856-GANIL,1,1,1,0,45,25-48 meses,One year,Bank transfer (automatic),Fiber optic,98.7,4525.8,No,0.3681,Medio,0.0
0804-XBFBV,0,0,0,1,11,0-12 meses,Month-to-month,Electronic check,DSL,25.2,321.05,No,0.5485,Medio,0.0
2676-OXPPQ,1,0,0,0,6,0-12 meses,Month-to-month,Bank transfer (automatic),DSL,55.7,335.65,No,0.4608,Medio,0.0
3703-TTEPD,1,0,0,0,21,13-24 meses,Month-to-month,Bank transfer (automatic),DSL,65.35,1424.4,No,0.3325,Medio,0.0
2799-TSLAG,0,0,1,1,65,49-72 meses,Two year,Bank transfer (automatic),No,25.3,1748.55,No,0.0278,Bajo,0.0
0196-VULGZ,0,1,1,0,6,0-12 meses,Month-to-month,Electronic check,Fiber optic,84.35,474.9,Yes,0.8957,Alto,84.35
8837-VVWLQ,0,0,0,0,8,0-12 meses,Month-to-month,Electronic check,Fiber optic,84.95,668.4,Yes,0.7255,Alto,84.95
2696-NARTR,1,0,0,0,11,0-12 meses,Month-to-month,Electronic check,Fiber optic,73.85,926.25,Yes,0.7154,Alto,73.85
2208-NKVVH,1,0,1,1,43,25-48 meses,Two year,Mailed check,No,24.25,1077.95,No,0.0273,Bajo,0.0
7614-QVWQL,1,0,1,1,49,49-72 meses,One year,Bank transfer (automatic),DSL,51.8,2541.25,Yes,0.3407,Medio,0.0
1976-CFOCS,0,1,1,0,1,0-12 meses,Month-to-month,Electronic check,DSL,46.0,46.0,Yes,0.7509,Alto,46.0
4631-OACRM,1,1,0,0,15,13-24 meses,Month-to-month,Electronic check,Fiber optic,79.4,1156.1,Yes,0.7797,Alto,79.4
7139-JZFVG,1,0,1,1,60,49-72 meses,Two year,Bank transfer (automatic),DSL,60.5,3694.45,No,0.0524,Bajo,0.0
4987-GQWPO,1,0,0,0,17,13-24 meses,Month-to-month,Credit card (automatic),DSL,25.1,382.8,No,0.4398,Medio,0.0
3755-JBMNH,1,1,1,0,16,13-24 meses,Month-to-month,Bank transfer (automatic),Fiber optic,71.8,1167.8,Yes,0.677,Alto,71.8
1757-TCATG,1,0,1,1,35,25-48 meses,One year,Bank transfer (automatic),No,20.05,746.75,No,0.0443,Bajo,0.0
6345-ULYRW,1,1,1,0,44,25-48 meses,One year,Mailed check,Fiber optic,88.4,3912.9,Yes,0.4409,Medio,0.0
4776-XSKYQ,0,0,1,1,12,0-12 meses,One year,Credit card (automatic),DSL,30.25,368.85,No,0.3528,Medio,0.0
8048-DSDFQ,1,0,0,0,1,0-12 meses,Month-to-month,Mailed check,No,20.2,20.2,No,0.5594,Medio,0.0
5753-QQWPW,0,0,0,0,28,25-48 meses,One year,Electronic check,DSL,59.9,1654.7,No,0.2113,Bajo,0.0
6010-DDPPW,1,0,1,0,70,49-72 meses,Two year,Bank transfer (automatic),No,25.15,1940.85,No,0.029,Bajo,0.0
1809-DMJHQ,0,0,0,1,5,0-12 meses,Month-to-month,Mailed check,DSL,46.0,221.7,Yes,0.5916,Medio,0.0
6693-FRIRW,1,0,0,0,18,13-24 meses,Month-to-month,Credit card (automatic),Fiber optic,101.3,1794.65,No,0.5953,Medio,0.0
6586-MYGKD,1,0,1,0,70,49-72 meses,Two year,Credit card (automatic),DSL,76.95,5289.8,No,0.094,Bajo,0.0
3173-NVMPX,0,0,1,1,9,0-12 meses,Month-to-month,Mailed check,DSL,55.3,501.2,No,0.4705,Medio,0.0
0248-PGHBZ,0,1,0,0,67,49-72 meses,Two year,Bank transfer (automatic),Fiber optic,92.45,6140.85,No,0.1621,Bajo,0.0
0623-GDISB,0,0,0,0,1,0-12 meses,Month-to-month,Bank transfer (automatic),DSL,48.45,48.45,No,0.6545,Alto,48.45
2892-GESUL,0,0,1,1,18,13-24 meses,Two year,Mailed check,No,19.35,309.25,No,0.0527,Bajo,0.0
6923-EFPNL,1,0,0,0,4,0-12 meses,Month-to-month,Credit card (automatic),DSL,51.75,201.1,Yes,0.6343,Alto,51.75
7472-EQOAV,1,1,1,1,71,49-72 meses,One year,Bank transfer (automatic),Fiber optic,86.7,6179.35,No,0.2416,Bajo,0.0
9574-RKJIF,1,0,1,1,30,25-48 meses,Month-to-month,Electronic check,Fiber optic,94.4,2838.7,Yes,0.6128,Alto,94.4
2043-WVTQJ,1,0,1,0,1,0-12 meses,Month-to-month,Mailed check,DSL,55.7,55.7,No,0.5622,Medio,0.0
8034-RYTVV,0,0,0,0,55,49-72 meses,One year,Credit card (automatic),Fiber optic,84.25,4589.85,No,0.3138,Medio,0.0
3863-QSTYI,1,0,0,0,59,49-72 meses,Month-to-month,Electronic check,DSL,64.65,3735.45,No,0.261,Bajo,0.0
2619-WFQWU,0,0,0,0,1,0-12 meses,Month-to-month,Mailed check,Fiber optic,70.15,70.15,Yes,0.8828,Alto,70.15
5044-LRQAQ,0,0,1,0,7,0-12 meses,Month-to-month,Bank transfer (automatic),Fiber optic,69.2,477.55,No,0.7716,Alto,69.2
1716-LSAMB,1,0,1,1,45,25-48 meses,Two year,Bank transfer (automatic),DSL,54.65,2553.7,No,0.0765,Bajo,0.0
1333-PBMXB,0,0,1,1,54,49-72 meses,One year,Bank transfer (automatic),No,24.75,1342.15,No,0.076,Bajo,0.0
6546-OPBBH,1,0,1,1,51,49-72 meses,One year,Mailed check,No,23.95,1216.35,No,0.0634,Bajo,0.0
5985-BEHZK,0,1,1,0,72,49-72 meses,One year,Credit card (automatic),Fiber optic,105.0,7578.05,No,0.3164,Medio,0.0
9127-QRZMH,1,0,1,0,44,25-48 meses,One year,Bank transfer (automatic),DSL,59.85,2603.95,No,0.1583,Bajo,0.0
5919-VCZYM,1,0,0,0,2,0-12 meses,Month-to-month,Mailed check,No,20.05,42.7,No,0.2562,Bajo,0.0
9644-KVCNC,0,0,0,0,66,49-72 meses,One year,Bank transfer (automatic),Fiber optic,92.15,6056.9,No,0.3788,Medio,0.0
2137-DQMEV,1,0,1,1,68,49-72 meses,One year,Mailed check,DSL,44.8,2983.65,No,0.1716,Bajo,0.0
8174-LNWMW,0,0,0,0,31,25-48 meses,Two year,Credit card (automatic),No,20.9,689.35,No,0.0569,Bajo,0.0
9279-CJEOJ,0,1,0,0,21,13-24 meses,Month-to-month,Bank transfer (automatic),Fiber optic,95.4,2025.1,No,0.7266,Alto,95.4
7964-VEXDG,1,0,0,1,21,13-24 meses,Month-to-month,Electronic check,Fiber optic,80.35,1747.2,No,0.5928,Medio,0.0
2404-JIBFC,0,0,1,1,55,49-72 meses,Two year,Bank transfer (automatic),DSL,85.1,4657.95,No,0.0663,Bajo,0.0
0778-NELLA,1,0,0,0,9,0-12 meses,Month-to-month,Credit card (automatic),DSL,34.7,296.1,Yes,0.5597,Medio,0.0
8029-XYPWT,1,1,1,0,71,49-72 meses,Two year,Bank transfer (automatic),Fiber optic,115.05,8016.6,No,0.1465,Bajo,0.0
4614-NUVZD,0,0,0,0,1,0-12 meses,Month-to-month,Electronic check,Fiber optic,81.1,81.1,Yes,0.9078,Alto,81.1
4632-PAOYU,1,0,1,1,22,13-24 meses,One year,Mailed check,No,19.95,433.5,No,0.0534,Bajo,0.0
3803-KMQFW,0,0,1,1,1,0-12 meses,Month-to-month,Mailed check,No,20.55,20.55,Yes,0.4879,Medio,0.0
6804-GDMOI,0,0,0,0,61,49-72 meses,Two year,Electronic check,Fiber optic,106.6,6428.4,Yes,0.3933,Medio,0.0
2990-OGYTD,0,0,1,0,67,49-72 meses,Two year,Bank transfer (automatic),DSL,86.15,5883.85,No,0.0666,Bajo,0.0
6646-JPPHA,0,1,0,0,14,13-24 meses,Month-to-month,Electronic check,Fiber optic,78.85,1043.8,No,0.6099,Alto,78.85
9572-MTILT,1,0,1,0,59,49-72 meses,Month-to-month,Electronic check,Fiber optic,106.75,6252.9,Yes,0.4527,Medio,0.0
7658-UYUQS,1,1,1,0,21,13-24 meses,Month-to-month,Bank transfer (automatic),Fiber optic,86.55,1857.25,No,0.5684,Medio,0.0
7880-XSOJX,1,0,0,0,4,0-12 meses,Month-to-month,Mailed check,DSL,42.4,146.4,No,0.503,Medio,0.0
9611-CTWIH,0,0,0,0,3,0-12 meses,Month-to-month,Electronic check,Fiber optic,89.45,240.45,Yes,0.8757,Alto,89.45
4589-IUAJB,1,0,1,0,70,49-72 meses,Two year,Bank transfer (automatic),No,24.25,1724.15,No,0.0185,Bajo,0.0
0329-GTIAJ,0,0,0,0,3,0-12 meses,Month-to-month,Electronic check,Fiber optic,97.9,315.3,Yes,0.8262,Alto,97.9
8746-BFOAJ,1,1,0,0,21,13-24 meses,One year,Bank transfer (automatic),No,20.5,429.55,No,0.0966,Bajo,0.0
8457-XIGKN,1,0,0,0,20,13-24 meses,Month-to-month,Credit card (automatic),No,19.6,356.15,No,0.1501,Bajo,0.0
6072-NUQCB,1,0,1,1,22,13-24 meses,One year,Bank transfer (automatic),No,20.25,488.25,No,0.0603,Bajo,0.0
6629-CZTTH,1,0,0,0,1,0-12 meses,Month-to-month,Mailed check,DSL,55.7,55.7,Yes,0.7128,Alto,55.7
8838-GPHZP,0,0,0,0,63,49-72 meses,Two year,Mailed check,No,20.6,1298.7,No,0.044,Bajo,0.0
8750-QWZAJ,0,0,1,1,70,49-72 meses,Two year,Bank transfer (automatic),No,19.8,1378.75,No,0.02,Bajo,0.0
5364-EVNIB,1,0,0,0,13,13-24 meses,Month-to-month,Electronic check,Fiber optic,79.8,973.45,Yes,0.7765,Alto,79.8
6918-UMQCG,0,0,0,0,5,0-12 meses,Month-to-month,Electronic check,Fiber optic,80.2,384.25,No,0.8179,Alto,80.2
0675-NCDYU,0,0,1,1,72,49-72 meses,Two year,Credit card (automatic),Fiber optic,116.4,8543.25,No,0.077,Bajo,0.0
6339-DKLMK,0,0,0,0,13,13-24 meses,Month-to-month,Electronic check,DSL,31.65,389.95,No,0.5574,Medio,0.0
1346-PJWTK,1,0,1,0,61,49-72 meses,Month-to-month,Credit card (automatic),Fiber optic,94.15,5731.85,No,0.3267,Medio,0.0
5088-QZLRL,1,0,0,0,1,0-12 meses,Month-to-month,Electronic check,No,20.65,20.65,No,0.445,Medio,0.0
8023-QHAIO,0,1,1,0,56,49-72 meses,Month-to-month,Bank transfer (automatic),Fiber optic,76.85,4275.75,No,0.4234,Medio,0.0
4397-FRLTA,0,0,0,0,4,0-12 meses,Month-to-month,Mailed check,No,20.15,84.5,No,0.27,Bajo,0.0
3057-VJJQE,1,0,0,0,35,25-48 meses,Two year,Mailed check,DSL,55.25,1924.1,No,0.097,Bajo,0.0
5087-SUURX,0,0,1,0,18,13-24 meses,Month-to-month,Electronic check,DSL,39.05,669.85,Yes,0.5972,Medio,0.0
2302-OUZXB,1,0,1,0,72,49-72 meses,Two year,Bank transfer (automatic),DSL,82.15,5784.3,No,0.1137,Bajo,0.0
8133-ANHHJ,0,1,0,0,49,49-72 meses,One year,Bank transfer (automatic),Fiber optic,103.0,5166.2,No,0.3268,Medio,0.0
2270-CHBFN,0,0,1,0,44,25-48 meses,Month-to-month,Credit card (automatic),Fiber optic,95.1,4060.55,No,0.3555,Medio,0.0
0013-EXCHZ,0,1,1,0,3,0-12 meses,Month-to-month,Mailed check,Fiber optic,83.9,267.4,Yes,0.8084,Alto,83.9
5982-FPVQN,0,0,1,1,37,25-48 meses,Month-to-month,Electronic check,Fiber optic,95.15,3532.85,No,0.6376,Alto,95.15
9107-UKCKY,1,0,1,0,61,49-72 meses,One year,Electronic check,DSL,79.8,4914.8,No,0.3122,Medio,0.0
4654-ULTTN,1,0,1,0,70,49-72 meses,Two year,Credit card (automatic),DSL,74.8,5315.8,No,0.0951,Bajo,0.0
5550-VFRLC,0,1,0,0,1,0-12 meses,Month-to-month,Electronic check,Fiber optic,69.85,69.85,Yes,0.89,Alto,69.85
5546-BYZSM,0,0,0,0,41,25-48 meses,Month-to-month,Electronic check,No,20.45,775.6,No,0.1317,Bajo,0.0
1492-KGETH,1,0,1,1,70,49-72 meses,One year,Bank transfer (automatic),DSL,78.35,5445.95,No,0.1922,Bajo,0.0
4929-BSTRX,0,0,0,0,1,0-12 meses,Month-to-month,Mailed check,DSL,53.55,53.55,Yes,0.7345,Alto,53.55
4163-HFTUK,1,0,0,0,51,49-72 meses,One year,Electronic check,No,19.1,1007.8,No,0.0869,Bajo,0.0
8215-NGSPE,0,0,1,1,42,25-48 meses,Two year,Mailed check,No,20.0,833.55,No,0.0226,Bajo,0.0
2225-ZRGSG,0,0,1,1,70,49-72 meses,Two year,Bank transfer (automatic),Fiber optic,93.9,6579.05,Yes,0.1542,Bajo,0.0
8859-YSTWS,1,0,0,0,48,25-48 meses,One year,Bank transfer (automatic),No,19.95,1004.5,No,0.0684,Bajo,0.0
5271-YNWVR,1,0,1,1,68,49-72 meses,Two year,Electronic check,Fiber optic,113.15,7856.0,Yes,0.1964,Bajo,0.0
7601-DHFWZ,0,0,0,0,48,25-48 meses,Two year,Credit card (automatic),No,24.0,1183.05,No,0.0595,Bajo,0.0
2657-ALMWY,0,1,1,0,26,25-48 meses,Month-to-month,Electronic check,Fiber optic,84.95,2169.75,Yes,0.6339,Alto,84.95
6330-JKLPC,1,0,1,0,11,0-12 meses,Month-to-month,Bank transfer (automatic),Fiber optic,80.5,896.9,Yes,0.7654,Alto,80.5
4667-OHGKG,1,0,0,0,1,0-12 meses,Month-to-month,Mailed check,No,19.3,19.3,Yes,0.5452,Medio,0.0
1998-VHJHK,0,0,0,0,27,25-48 meses,One year,Mailed check,No,19.15,501.35,No,0.0529,Bajo,0.0
1707-HABPF,0,1,0,0,46,25-48 meses,One year,Bank transfer (automatic),Fiber optic,91.3,4126.35,No,0.3885,Medio,0.0
1660-HSOOQ,1,0,0,0,1,0-12 meses,Month-to-month,Mailed check,DSL,49.65,49.65,Yes,0.741,Alto,49.65
7253-UVNDW,0,0,0,0,46,25-48 meses,Two year,Credit card (automatic),DSL,54.35,2460.15,Yes,0.1666,Bajo,0.0
0487-VVUVK,1,0,1,1,25,25-48 meses,Month-to-month,Mailed check,No,19.15,477.6,No,0.1134,Bajo,0.0
7228-OMTPN,1,0,0,0,4,0-12 meses,Month-to-month,Electronic check,Fiber optic,88.45,370.65,Yes,0.8746,Alto,88.45
5063-IUOKK,1,0,0,0,13,13-24 meses,Two year,Mailed check,No,19.75,265.75,No,0.0984,Bajo,0.0
4508-OEBEY,1,0,1,0,31,25-48 meses,One year,Credit card (automatic),DSL,75.5,2424.45,No,0.2653,Bajo,0.0
0027-KWYKW,0,0,1,1,23,13-24 meses,Month-to-month,Electronic check,Fiber optic,83.75,1849.95,No,0.7229,Alto,83.75
2308-STERM,0,0,0,0,2,0-12 meses,Month-to-month,Mailed check,No,19.4,61.05,No,0.2362,Bajo,0.0
5982-XMDEX,0,0,0,0,65,49-72 meses,Two year,Bank transfer (automatic),No,26.5,1698.55,No,0.0361,Bajo,0.0
6284-AHOOQ,1,1,0,0,22,13-24 meses,Month-to-month,Bank transfer (automatic),Fiber optic,90.5,1910.6,Yes,0.6069,Alto,90.5
6051-PTVNS,0,0,1,1,55,49-72 meses,One year,Credit card (automatic),No,19.15,998.1,No,0.072,Bajo,0.0
2344-JMOGN,1,0,1,0,9,0-12 meses,Month-to-month,Mailed check,Fiber optic,94.85,890.6,Yes,0.7708,Alto,94.85
3799-ISUZQ,1,0,1,1,7,0-12 meses,Month-to-month,Bank transfer (automatic),Fiber optic,69.95,529.5,Yes,0.7776,Alto,69.95
2877-VDUER,0,0,1,1,35,25-48 meses,One year,Mailed check,DSL,40.9,1383.6,No,0.2463,Bajo,0.0
9152-AMKAK,1,0,0,0,6,0-12 meses,Two year,Mailed check,DSL,80.25,493.4,No,0.3047,Medio,0.0
1794-HBQTJ,0,0,0,0,1,0-12 meses,Month-to-month,Credit card (automatic),DSL,48.6,48.6,Yes,0.6448,Alto,48.6
9432-VOFYX,1,0,0,0,17,13-24 meses,Month-to-month,Electronic check,Fiber optic,70.8,1207.0,No,0.699,Alto,70.8
8049-WJCLQ,1,0,1,1,10,0-12 meses,Month-to-month,Mailed check,DSL,60.2,563.5,No,0.4121,Medio,0.0
6586-PSJOX,1,0,0,1,15,13-24 meses,One year,Credit card (automatic),DSL,55.2,864.55,No,0.3267,Medio,0.0
2460-FPSYH,0,1,0,0,40,25-48 meses,Month-to-month,Electronic check,DSL,55.8,2109.35,Yes,0.4568,Medio,0.0
9705-ZJBCG,0,0,1,1,13,13-24 meses,One year,Bank transfer (automatic),DSL,54.15,701.05,No,0.2479,Bajo,0.0
4818-DRBQT,1,0,1,0,29,25-48 meses,Month-to-month,Bank transfer (automatic),Fiber optic,80.15,2265.25,Yes,0.5827,Medio,0.0
1320-HTRDR,0,0,0,0,3,0-12 meses,Month-to-month,Electronic check,Fiber optic,75.5,220.6,Yes,0.8659,Alto,75.5
6847-KJLTS,0,1,1,0,58,49-72 meses,Month-to-month,Bank transfer (automatic),Fiber optic,100.4,5749.8,No,0.5198,Medio,0.0
9670-BPNXF,0,0,0,0,45,25-48 meses,One year,Credit card (automatic),DSL,62.55,2796.45,No,0.1847,Bajo,0.0
3913-FCUUW,0,0,1,1,72,49-72 meses,Two year,Bank transfer (automatic),DSL,70.45,5165.7,No,0.0587,Bajo,0.0
3301-VKTGC,1,0,1,1,68,49-72 meses,One year,Bank transfer (automatic),Fiber optic,85.5,5696.6,No,0.2664,Bajo,0.0
1493-AMTIE,1,0,0,0,1,0-12 meses,Month-to-month,Bank transfer (automatic),No,20.2,20.2,Yes,0.5392,Medio,0.0
9555-SAHUZ,0,0,1,1,38,25-48 meses,Month-to-month,Electronic check,DSL,54.5,2076.05,No,0.3034,Medio,0.0
0816-TSPHQ,1,0,0,0,2,0-12 meses,Month-to-month,Mailed check,No,20.75,44.2,No,0.2521,Bajo,0.0
9932-WBWIK,1,0,0,0,11,0-12 meses,Month-to-month,Mailed check,No,20.35,215.25,No,0.215,Bajo,0.0
4619-EVPHY,0,1,1,0,20,13-24 meses,One year,Bank transfer (automatic),Fiber optic,91.0,1859.5,No,0.5433,Medio,0.0
5286-YHCVC,1,0,1,0,72,49-72 meses,Two year,Bank transfer (automatic),Fiber optic,104.8,7470.1,No,0.2865,Bajo,0.0
6424-ELEYH,0,0,1,0,3,0-12 meses,Month-to-month,Credit card (automatic),Fiber optic,74.75,229.5,Yes,0.8343,Alto,74.75
4391-RESHN,1,0,0,0,23,13-24 meses,Month-to-month,Mailed check,Fiber optic,104.05,2470.1,Yes,0.6344,Alto,104.05
9115-YQHGA,1,0,0,0,40,25-48 meses,Month-to-month,Electronic check,DSL,51.1,2092.9,No,0.3232,Medio,0.0
4462-CYWMH,1,1,1,0,62,49-72 meses,Month-to-month,Bank transfer (automatic),Fiber optic,89.8,5629.55,No,0.4786,Medio,0.0
8963-MQVYN,0,0,0,1,22,13-24 meses,Month-to-month,Electronic check,No,20.55,469.85,No,0.1395,Bajo,0.0
2458-EOMRE,0,0,0,0,11,0-12 meses,Month-to-month,Bank transfer (automatic),DSL,64.05,733.95,No,0.3849,Medio,0.0
9334-GWGOW,1,1,1,0,7,0-12 meses,Month-to-month,Electronic check,Fiber optic,74.85,485.25,No,0.8607,Alto,74.85
6821-BUXUX,0,0,0,0,13,13-24 meses,Month-to-month,Electronic check,Fiber optic,96.65,1244.5,Yes,0.7753,Alto,96.65
5028-HTLJB,1,1,0,0,1,0-12 meses,Month-to-month,Mailed check,No,20.05,20.05,Yes,0.5589,Medio,0.0
9801-GDWGV,0,0,0,0,39,25-48 meses,Month-to-month,Electronic check,Fiber optic,103.45,3994.45,Yes,0.697,Alto,103.45
6542-LWGXJ,1,0,1,0,3,0-12 meses,Month-to-month,Mailed check,DSL,25.0,78.25,No,0.672,Alto,25.0
5567-GZKQY,1,0,0,0,58,49-72 meses,Two year,Credit card (automatic),No,20.3,1131.5,No,0.044,Bajo,0.0
1222-LRYKO,1,0,0,1,6,0-12 meses,Month-to-month,Mailed check,No,26.35,184.05,No,0.1772,Bajo,0.0
2320-JRSDE,0,0,1,1,1,0-12 meses,Month-to-month,Electronic check,No,19.9,19.9,Yes,0.492,Medio,0.0
2087-QAREY,0,0,1,0,22,13-24 meses,Month-to-month,Mailed check,DSL,54.7,1178.75,No,0.4083,Medio,0.0
0601-WZHJF,1,0,1,0,14,13-24 meses,Month-to-month,Electronic check,DSL,46.35,667.7,Yes,0.5828,Medio,0.0
4423-JWZJN,1,0,1,1,64,49-72 meses,One year,Credit card (automatic),Fiber optic,90.25,5629.15,No,0.2943,Bajo,0.0
5143-WMWOG,1,0,0,0,1,0-12 meses,Month-to-month,Electronic check,No,19.95,19.95,Yes,0.487,Medio,0.0
6490-FGZAT,1,0,0,0,6,0-12 meses,Month-to-month,Mailed check,No,20.65,109.3,No,0.2291,Bajo,0.0
5393-RXQSZ,1,0,0,0,1,0-12 meses,Month-to-month,Electronic check,Fiber optic,79.6,79.6,Yes,0.8763,Alto,79.6
7452-FOLON,1,0,0,1,39,25-48 meses,One year,Bank transfer (automatic),No,25.45,958.45,No,0.0888,Bajo,0.0
2320-TZRRH,0,0,0,0,20,13-24 meses,One year,Mailed check,No,19.5,403.15,No,0.0677,Bajo,0.0
0231-LXVAP,1,0,0,0,1,0-12 meses,Month-to-month,Electronic check,Fiber optic,75.9,75.9,Yes,0.8583,Alto,75.9
9444-JTXHZ,1,0,1,0,1,0-12 meses,Month-to-month,Electronic check,Fiber optic,76.2,76.2,Yes,0.8447,Alto,76.2
4942-VZZOM,1,0,1,0,64,49-72 meses,One year,Credit card (automatic),DSL,66.15,4392.5,No,0.1465,Bajo,0.0
5510-BOIUJ,1,0,0,1,1,0-12 meses,Month-to-month,Mailed check,No,19.25,19.25,Yes,0.4817,Medio,0.0
7502-BNYGS,0,0,1,0,46,25-48 meses,Month-to-month,Credit card (automatic),DSL,69.1,3168.0,No,0.3364,Medio,0.0
4291-HYEBC,0,1,1,1,28,25-48 meses,One year,Electronic check,DSL,39.1,1096.6,No,0.4046,Medio,0.0
6147-CBCRA,0,0,1,0,33,25-48 meses,Month-to-month,Mailed check,No,20.05,669.45,No,0.1086,Bajo,0.0
6047-SUHPR,1,0,1,1,39,25-48 meses,One year,Electronic check,DSL,59.8,2343.85,No,0.238,Bajo,0.0
4471-KXAUH,0,0,1,0,42,25-48 meses,Month-to-month,Electronic check,Fiber optic,84.3,3588.4,Yes,0.6217,Alto,84.3
9752-ZNQUT,0,0,0,0,1,0-12 meses,Month-to-month,Electronic check,DSL,48.6,48.6,No,0.7432,Alto,48.6
7638-QVMVY,0,0,0,0,7,0-12 meses,Month-to-month,Electronic check,Fiber optic,79.0,522.95,Yes,0.8559,Alto,79.0
1576-PFZIW,1,1,1,0,70,49-72 meses,Two year,Credit card (automatic),Fiber optic,105.35,7511.9,No,0.2092,Bajo,0.0
5666-MBJPT,1,0,0,0,65,49-72 meses,Two year,Bank transfer (automatic),No,25.1,1725.0,No,0.0511,Bajo,0.0
7312-XSBAT,1,0,0,0,1,0-12 meses,Month-to-month,Electronic check,DSL,49.75,49.75,No,0.6773,Alto,49.75
3096-GKWEB,1,0,1,0,18,13-24 meses,Month-to-month,Electronic check,Fiber optic,94.75,1691.9,No,0.7737,Alto,94.75
2371-JQHZZ,1,0,1,0,24,13-24 meses,Month-to-month,Electronic check,Fiber optic,93.0,2248.05,No,0.7627,Alto,93.0
0674-GCDXG,1,0,0,0,63,49-72 meses,Two year,Bank transfer (automatic),DSL,71.9,4479.2,No,0.0692,Bajo,0.0
1121-QSIVB,0,0,0,1,44,25-48 meses,One year,Mailed check,DSL,77.55,3471.1,No,0.2792,Bajo,0.0
4396-KLSEH,1,0,0,0,4,0-12 meses,Month-to-month,Electronic check,No,19.85,63.0,No,0.2674,Bajo,0.0
3244-DCJWY,0,0,0,0,1,0-12 meses,Month-to-month,Electronic check,Fiber optic,70.25,70.25,Yes,0.8899,Alto,70.25
2824-MYYBN,0,0,1,1,37,25-48 meses,Month-to-month,Electronic check,Fiber optic,95.25,3314.15,No,0.6839,Alto,95.25
0875-CABNR,0,1,0,0,10,0-12 meses,Month-to-month,Credit card (automatic),Fiber optic,84.6,865.55,Yes,0.7841,Alto,84.6
6345-HOVES,1,0,0,0,34,25-48 meses,Month-to-month,Bank transfer (automatic),DSL,25.05,852.7,No,0.426,Medio,0.0
8318-LCNBW,1,0,1,0,35,25-48 meses,One year,Credit card (automatic),DSL,53.15,1930.9,No,0.2509,Bajo,0.0
6469-QJKZW,0,0,1,0,4,0-12 meses,Month-to-month,Electronic check,No,20.15,91.4,No,0.293,Bajo,0.0
0147-ESWWR,0,1,1,0,39,25-48 meses,Month-to-month,Electronic check,Fiber optic,101.25,3949.15,No,0.691,Alto,101.25
1217-VASWC,1,1,1,0,43,25-48 meses,One year,Bank transfer (automatic),Fiber optic,100.55,4304.0,No,0.4737,Medio,0.0
7812-FZHPE,0,0,1,1,17,13-24 meses,Month-to-month,Mailed check,No,24.1,409.9,Yes,0.1709,Bajo,0.0
6370-ZVHDV,0,0,1,0,61,49-72 meses,Two year,Bank transfer (automatic),No,25.3,1554.9,No,0.0321,Bajo,0.0
5915-DGNVC,0,0,1,0,49,49-72 meses,One year,Electronic check,DSL,71.8,3472.05,No,0.2258,Bajo,0.0
6260-XLACS,1,0,0,0,4,0-12 meses,One year,Mailed check,No,19.7,117.8,No,0.1309,Bajo,0.0
3566-CAAYU,0,0,1,1,64,49-72 meses,Two year,Electronic check,DSL,49.85,3210.35,No,0.1736,Bajo,0.0
4983-CCWMC,1,0,0,0,3,0-12 meses,Month-to-month,Mailed check,Fiber optic,69.6,207.4,No,0.8111,Alto,69.6
9103-CXVOK,1,0,1,1,1,0-12 meses,Month-to-month,Electronic check,No,19.75,19.75,No,0.4334,Medio,0.0
2896-TBNBE,1,0,1,0,40,25-48 meses,One year,Electronic check,Fiber optic,80.8,3132.75,No,0.4083,Medio,0.0
4797-AXPXK,0,0,0,1,1,0-12 meses,Month-to-month,Electronic check,DSL,60.0,60.0,Yes,0.6099,Alto,60.0
5229-PRWKT,1,0,0,0,8,0-12 meses,Month-to-month,Electronic check,Fiber optic,86.55,649.65,Yes,0.8768,Alto,86.55
6982-UQZLY,0,1,1,0,1,0-12 meses,Month-to-month,Mailed check,No,20.85,20.85,Yes,0.5157,Medio,0.0
2522-WLNSF,0,1,1,0,34,25-48 meses,One year,Bank transfer (automatic),DSL,64.2,2106.3,No,0.2545,Bajo,0.0
3841-CONLJ,0,0,1,0,1,0-12 meses,Month-to-month,Electronic check,DSL,35.0,35.0,No,0.7573,Alto,35.0
5057-LCOUI,0,0,0,0,39,25-48 meses,Month-to-month,Electronic check,DSL,50.75,2011.4,Yes,0.4846,Medio,0.0
0193-ESZXP,0,1,1,0,58,49-72 meses,One year,Credit card (automatic),Fiber optic,105.5,6205.5,Yes,0.4134,Medio,0.0
4475-NVTLU,1,0,1,1,45,25-48 meses,Two year,Electronic check,No,19.2,903.7,No,0.062,Bajo,0.0
4369-HTUIF,1,1,0,0,6,0-12 meses,Month-to-month,Bank transfer (automatic),Fiber optic,85.15,503.6,Yes,0.7592,Alto,85.15
9386-LDCZR,1,0,0,0,43,25-48 meses,One year,Credit card (automatic),Fiber optic,90.65,3882.3,No,0.2627,Bajo,0.0
9585-KKMFD,1,0,1,1,41,25-48 meses,Two year,Mailed check,No,20.0,879.8,No,0.0355,Bajo,0.0
5399-ZIMKF,1,0,0,0,5,0-12 meses,Month-to-month,Electronic check,Fiber optic,74.65,383.65,No,0.8284,Alto,74.65
0336-KXKFK,1,0,0,0,72,49-72 meses,Two year,Credit card (automatic),DSL,61.2,4390.25,No,0.0498,Bajo,0.0
5619-XZZKR,1,0,0,0,4,0-12 meses,One year,Mailed check,No,19.95,68.2,No,0.1571,Bajo,0.0
3948-FVVRP,1,0,1,1,9,0-12 meses,Month-to-month,Mailed check,DSL,54.8,452.8,No,0.4326,Medio,0.0
5327-XOKKY,1,1,1,0,72,49-72 meses,Two year,Credit card (automatic),DSL,73.45,5329.0,No,0.1631,Bajo,0.0
0983-TATYJ,0,0,1,0,33,25-48 meses,One year,Mailed check,DSL,51.45,1758.9,No,0.239,Bajo,0.0
1813-JYWTO,0,0,1,0,72,49-72 meses,Two year,Bank transfer (automatic),Fiber optic,80.45,5737.6,No,0.1559,Bajo,0.0
0156-FVPTA,1,0,1,0,22,13-24 meses,Month-to-month,Electronic check,DSL,54.2,1152.7,Yes,0.4533,Medio,0.0
1984-FCOWB,0,0,1,0,70,49-72 meses,One year,Electronic check,Fiber optic,109.5,7674.55,Yes,0.451,Medio,0.0
0654-HMSHN,1,0,1,1,21,13-24 meses,Month-to-month,Electronic check,Fiber optic,104.4,2157.95,Yes,0.6902,Alto,104.4
6719-OXYBR,1,0,0,0,15,13-24 meses,Month-to-month,Electronic check,Fiber optic,85.3,1219.85,No,0.6903,Alto,85.3
3312-ZWLGF,1,1,1,0,29,25-48 meses,Month-to-month,Electronic check,Fiber optic,79.3,2414.55,No,0.6639,Alto,79.3
6476-YHMGA,0,0,1,1,15,13-24 meses,Month-to-month,Bank transfer (automatic),DSL,76.5,1155.6,No,0.3909,Medio,0.0
5287-QWLKY,1,1,1,1,71,49-72 meses,Month-to-month,Credit card (automatic),Fiber optic,105.1,7548.1,Yes,0.4031,Medio,0.0
0795-XCCTE,1,1,0,0,72,49-72 meses,Two year,Bank transfer (automatic),No,25.4,1809.35,No,0.0527,Bajo,0.0
0168-XZKBB,0,0,1,0,19,13-24 meses,Month-to-month,Electronic check,Fiber optic,86.85,1564.4,No,0.7513,Alto,86.85
3785-NRHYR,1,0,0,0,1,0-12 meses,Month-to-month,Mailed check,No,19.65,19.65,No,0.5254,Medio,0.0
5196-SGOAK,0,0,0,0,1,0-12 meses,Month-to-month,Electronic check,Fiber optic,75.7,75.7,Yes,0.8906,Alto,75.7
4537-DKTAL,0,0,0,0,2,0-12 meses,Month-to-month,Electronic check,DSL,45.55,84.4,No,0.7404,Alto,45.55
7072-MBHEV,0,1,1,1,11,0-12 meses,Month-to-month,Credit card (automatic),Fiber optic,78.1,864.85,No,0.6981,Alto,78.1
5602-BVFMK,0,0,0,0,12,0-12 meses,One year,Mailed check,No,19.3,228.75,No,0.1066,Bajo,0.0
6297-NOOPG,0,0,1,0,70,49-72 meses,Two year,Electronic check,Fiber optic,110.5,7752.05,No,0.2702,Bajo,0.0
1891-UAWWU,0,1,1,0,20,13-24 meses,Month-to-month,Electronic check,Fiber optic,90.8,1951.0,Yes,0.6902,Alto,90.8
8204-TIFGJ,0,0,0,0,23,13-24 meses,Month-to-month,Bank transfer (automatic),No,20.3,470.6,No,0.1331,Bajo,0.0
8050-DVOJX,1,1,0,0,49,49-72 meses,Two year,Credit card (automatic),DSL,81.35,4060.9,No,0.114,Bajo,0.0
6108-OQZDQ,0,0,1,1,4,0-12 meses,Month-to-month,Electronic check,Fiber optic,97.95,384.5,Yes,0.88,Alto,97.95
0363-QJVFX,1,0,0,0,32,25-48 meses,Month-to-month,Credit card (automatic),Fiber optic,108.15,3432.9,Yes,0.491,Medio,0.0
8903-XEBGX,1,0,0,1,2,0-12 meses,Month-to-month,Electronic check,DSL,55.3,108.65,No,0.7424,Alto,55.3
8169-SAEJD,1,1,1,0,69,49-72 meses,Two year,Credit card (automatic),DSL,56.55,3952.65,No,0.1331,Bajo,0.0
9840-DVNDC,1,0,0,0,6,0-12 meses,Month-to-month,Credit card (automatic),Fiber optic,80.5,463.05,Yes,0.8109,Alto,80.5
1089-XZWHH,0,0,1,1,24,13-24 meses,Two year,Mailed check,No,19.7,494.05,No,0.0516,Bajo,0.0
2325-WINES,0,0,0,0,32,25-48 meses,One year,Credit card (automatic),Fiber optic,104.05,3416.85,No,0.4925,Medio,0.0
6064-ZATLR,0,0,0,0,27,25-48 meses,Two year,Bank transfer (automatic),DSL,52.85,1498.65,No,0.1168,Bajo,0.0
3096-JRDSO,0,1,1,0,27,25-48 meses,Month-to-month,Bank transfer (automatic),Fiber optic,104.3,2867.75,Yes,0.6172,Alto,104.3
7824-PANSQ,1,0,0,0,58,49-72 meses,Month-to-month,Bank transfer (automatic),Fiber optic,80.65,4807.35,No,0.3721,Medio,0.0
8042-JVNFH,1,0,0,0,1,0-12 meses,Month-to-month,Mailed check,Fiber optic,71.35,71.35,Yes,0.8732,Alto,71.35
9648-BCHKM,0,0,1,1,18,13-24 meses,Two year,Credit card (automatic),No,24.65,471.35,No,0.0988,Bajo,0.0
2888-ADFAO,0,0,1,1,47,25-48 meses,Two year,Bank transfer (automatic),No,21.3,1041.8,No,0.0335,Bajo,0.0
8707-HOEDG,0,0,1,1,70,49-72 meses,Two year,Electronic check,Fiber optic,110.2,7689.8,No,0.3027,Medio,0.0
3374-LXDEV,0,0,0,0,13,13-24 meses,Month-to-month,Electronic check,Fiber optic,89.4,1132.35,Yes,0.6948,Alto,89.4
4072-IPYLT,0,0,1,1,36,25-48 meses,Month-to-month,Credit card (automatic),DSL,51.05,1815.0,No,0.2463,Bajo,0.0
7167-PCEYD,1,0,0,0,67,49-72 meses,Two year,Mailed check,No,19.8,1311.3,No,0.0706,Bajo,0.0
4936-YPJNK,0,0,0,0,10,0-12 meses,Month-to-month,Mailed check,No,19.9,199.45,No,0.2207,Bajo,0.0
1580-BMCMR,1,1,0,0,19,13-24 meses,Month-to-month,Electronic check,Fiber optic,87.3,1637.3,No,0.685,Alto,87.3
4817-KEQSP,0,0,1,1,71,49-72 meses,Two year,Bank transfer (automatic),No,19.85,1326.35,No,0.0198,Bajo,0.0
6408-WHTEF,1,0,1,1,72,49-72 meses,Two year,Mailed check,DSL,89.4,6376.55,No,0.026,Bajo,0.0
9251-AWQGT,0,0,1,1,48,25-48 meses,Two year,Mailed check,No,20.0,935.9,No,0.0241,Bajo,0.0
8749-CLJXC,1,0,0,0,1,0-12 meses,Month-to-month,Mailed check,No,20.05,20.05,No,0.5668,Medio,0.0
7989-VCQOH,1,0,1,1,18,13-24 meses,Month-to-month,Electronic check,DSL,83.25,1611.15,No,0.392,Medio,0.0
5049-GLYVG,1,0,0,0,1,0-12 meses,Month-to-month,Mailed check,No,20.6,20.6,Yes,0.5331,Medio,0.0
4199-QHJNM,1,1,1,0,67,49-72 meses,Two year,Bank transfer (automatic),Fiber optic,102.9,6989.7,No,0.2306,Bajo,0.0
8882-TLVRW,1,0,1,1,69,49-72 meses,Two year,Mailed check,DSL,39.1,2779.5,No,0.0542,Bajo,0.0
5883-GTGVD,1,0,0,0,19,13-24 meses,Month-to-month,Electronic check,Fiber optic,99.95,1931.75,Yes,0.7955,Alto,99.95
5135-GRQJV,1,1,1,0,72,49-72 meses,Two year,Mailed check,Fiber optic,114.5,8331.95,No,0.1002,Bajo,0.0
2384-OVPSA,0,1,0,0,38,25-48 meses,Two year,Mailed check,No,20.2,735.9,No,0.0461,Bajo,0.0
1371-WEPDS,1,1,1,0,40,25-48 meses,One year,Electronic check,DSL,55.8,2283.3,No,0.3228,Medio,0.0
3580-GICBM,0,0,1,1,61,49-72 meses,Two year,Mailed check,No,24.2,1445.2,No,0.0427,Bajo,0.0
4817-QRJSX,0,0,0,0,10,0-12 meses,Month-to-month,Credit card (automatic),Fiber optic,81.0,818.05,Yes,0.792,Alto,81.0
9730-DRTMJ,1,0,1,0,32,25-48 meses,One year,Credit card (automatic),DSL,72.8,2333.05,No,0.1652,Bajo,0.0
4686-UXDML,0,0,0,0,21,13-24 meses,Month-to-month,Credit card (automatic),Fiber optic,99.85,1992.55,No,0.6993,Alto,99.85
3349-ANQNH,0,1,0,0,59,49-72 meses,One year,Electronic check,Fiber optic,99.5,5890.0,No,0.5302,Medio,0.0
2398-YPMUR,0,1,1,0,13,13-24 meses,Month-to-month,Electronic check,Fiber optic,70.15,916.75,Yes,0.7526,Alto,70.15
0932-YIXYU,0,0,0,0,47,25-48 meses,Two year,Credit card (automatic),No,20.25,1029.8,No,0.0333,Bajo,0.0
7480-SPLEF,1,0,1,1,69,49-72 meses,Two year,Bank transfer (automatic),No,26.0,1796.55,No,0.0285,Bajo,0.0
7636-XUHWW,1,0,0,0,2,0-12 meses,Month-to-month,Credit card (automatic),No,19.9,33.7,No,0.2446,Bajo,0.0
1431-CYWMH,0,0,1,1,22,13-24 meses,Month-to-month,Bank transfer (automatic),No,19.05,454.05,No,0.1281,Bajo,0.0
5937-EORGB,1,1,1,0,15,13-24 meses,Month-to-month,Electronic check,Fiber optic,96.5,1392.25,No,0.7643,Alto,96.5
6349-JDHQP,0,0,0,0,53,49-72 meses,Two year,Credit card (automatic),No,19.85,1049.6,No,0.0524,Bajo,0.0
5539-HIVAK,0,1,1,0,28,25-48 meses,Month-to-month,Mailed check,No,25.7,734.6,No,0.1303,Bajo,0.0
5847-MXBEO,1,0,0,0,22,13-24 meses,One year,Mailed check,No,20.3,475.1,No,0.0592,Bajo,0.0
9985-MWVIX,0,0,0,0,1,0-12 meses,Month-to-month,Mailed check,Fiber optic,70.15,70.15,Yes,0.8828,Alto,70.15
4583-PARNH,1,1,1,0,16,13-24 meses,Month-to-month,Electronic check,Fiber optic,91.55,1540.05,No,0.6993,Alto,91.55
1116-FRYVH,0,0,1,1,48,25-48 meses,Two year,Mailed check,DSL,39.4,1978.65,No,0.0645,Bajo,0.0
1421-HCERK,1,1,1,0,30,25-48 meses,Month-to-month,Bank transfer (automatic),Fiber optic,105.7,3181.8,No,0.4872,Medio,0.0
9633-XQABV,0,0,0,0,3,0-12 meses,Month-to-month,Electronic check,Fiber optic,70.25,229.7,No,0.8323,Alto,70.25
0716-BQNDX,1,1,0,0,57,49-72 meses,Two year,Electronic check,Fiber optic,93.75,5625.55,No,0.2656,Bajo,0.0
1265-XTECC,0,1,1,0,68,49-72 meses,One year,Credit card (automatic),Fiber optic,96.55,6581.9,Yes,0.3811,Medio,0.0
1183-CANVH,0,0,1,0,23,13-24 meses,One year,Bank transfer (automatic),DSL,60.0,1347.15,No,0.2275,Bajo,0.0
1972-XMUWV,0,0,1,0,65,49-72 meses,Two year,Credit card (automatic),DSL,59.8,3808.2,No,0.0982,Bajo,0.0
8679-LZBMD,1,0,1,0,44,25-48 meses,One year,Bank transfer (automatic),Fiber optic,90.65,3974.15,No,0.46,Medio,0.0
3407-JMJQQ,0,0,1,1,71,49-72 meses,Two year,Bank transfer (automatic),Fiber optic,109.0,7661.8,No,0.2213,Bajo,0.0
6252-DFGTK,0,0,1,0,37,25-48 meses,One year,Credit card (automatic),DSL,68.1,2479.25,No,0.1736,Bajo,0.0
1539-LNKHM,0,0,0,0,12,0-12 meses,Month-to-month,Mailed check,No,20.4,266.6,No,0.191,Bajo,0.0
8645-KOMJQ,1,0,1,1,69,49-72 meses,Two year,Bank transfer (automatic),DSL,81.95,5601.4,No,0.0792,Bajo,0.0
0289-IVARM,0,0,0,0,35,25-48 meses,Month-to-month,Electronic check,DSL,60.55,1982.6,No,0.3082,Medio,0.0
9761-XUJWD,1,0,0,0,5,0-12 meses,Month-to-month,Bank transfer (automatic),DSL,65.6,339.9,No,0.5023,Medio,0.0
4057-FKCZK,1,0,1,1,58,49-72 meses,Two year,Bank transfer (automatic),Fiber optic,82.5,4828.05,No,0.2534,Bajo,0.0
4291-TPNFG,1,0,1,0,72,49-72 meses,Two year,Bank transfer (automatic),DSL,82.3,5980.55,No,0.0372,Bajo,0.0
6087-YPWHO,1,0,1,0,72,49-72 meses,Two year,Mailed check,DSL,68.15,4808.7,No,0.0504,Bajo,0.0
3090-QFUVD,0,0,0,0,1,0-12 meses,Month-to-month,Credit card (automatic),No,20.3,20.3,No,0.4838,Medio,0.0
2237-ZFSMY,0,0,0,0,39,25-48 meses,One year,Electronic check,Fiber optic,95.55,3692.85,Yes,0.4888,Medio,0.0
1722-LDZJS,1,0,1,1,53,49-72 meses,One year,Credit card (automatic),No,20.2,1068.15,No,0.0516,Bajo,0.0
1818-ESQMW,0,0,0,0,27,25-48 meses,Month-to-month,Electronic check,Fiber optic,89.2,2383.6,No,0.5974,Medio,0.0
4871-JTKJF,0,1,0,0,1,0-12 meses,Month-to-month,Electronic check,Fiber optic,69.65,69.65,Yes,0.89,Alto,69.65
1415-YFWLT,0,1,0,0,1,0-12 meses,Month-to-month,Electronic check,Fiber optic,89.3,89.3,Yes,0.9113,Alto,89.3
7401-RUBNK,0,0,1,0,18,13-24 meses,Month-to-month,Electronic check,Fiber optic,74.8,1438.05,No,0.5743,Medio,0.0
0506-YLVKJ,1,0,1,1,46,25-48 meses,Two year,Mailed check,No,20.2,917.45,No,0.0336,Bajo,0.0
8661-BOYNW,0,0,1,0,72,49-72 meses,Two year,Credit card (automatic),DSL,84.4,6096.45,No,0.0521,Bajo,0.0
6711-VTNRE,0,0,0,0,36,25-48 meses,Month-to-month,Electronic check,Fiber optic,87.55,3078.1,Yes,0.575,Medio,0.0
4815-GBTCD,0,0,1,0,4,0-12 meses,Month-to-month,Electronic check,DSL,25.15,99.95,No,0.7502,Alto,25.15
2805-AUFQN,0,0,0,0,25,25-48 meses,Two year,Credit card (automatic),No,19.8,475.2,No,0.0677,Bajo,0.0
0980-PVMRC,0,0,1,1,40,25-48 meses,Month-to-month,Electronic check,DSL,50.85,2036.55,No,0.4425,Medio,0.0
7233-DRTRF,1,0,1,0,63,49-72 meses,Month-to-month,Electronic check,Fiber optic,102.4,6444.05,No,0.6217,Alto,102.4
3500-RMZLT,0,1,0,0,15,13-24 meses,Month-to-month,Mailed check,Fiber optic,96.3,1426.75,Yes,0.6625,Alto,96.3
3873-NFTGI,1,0,0,0,14,13-24 meses,Month-to-month,Credit card (automatic),DSL,55.5,767.55,No,0.4806,Medio,0.0
1162-ECVII,1,1,1,0,72,49-72 meses,Two year,Bank transfer (automatic),Fiber optic,109.75,7932.5,No,0.1915,Bajo,0.0
7048-GXDAY,1,0,0,0,39,25-48 meses,Month-to-month,Electronic check,Fiber optic,106.4,4040.65,No,0.6183,Alto,106.4
8571-ZCMCX,0,0,1,1,47,25-48 meses,Two year,Credit card (automatic),DSL,60.0,2768.65,No,0.0848,Bajo,0.0
1169-WCVAK,1,0,1,0,19,13-24 meses,Month-to-month,Credit card (automatic),Fiber optic,88.8,1672.35,No,0.5047,Medio,0.0
4548-SDBKE,0,0,0,0,5,0-12 meses,Month-to-month,Electronic check,Fiber optic,85.2,474.8,Yes,0.8901,Alto,85.2
8066-POXGX,0,0,0,0,13,13-24 meses,Month-to-month,Electronic check,DSL,35.1,446.1,Yes,0.6358,Alto,35.1
7129-CAKJW,0,0,0,0,17,13-24 meses,Month-to-month,Bank transfer (automatic),Fiber optic,80.05,1345.65,No,0.562,Medio,0.0
8695-ARGXZ,1,1,1,0,34,25-48 meses,Month-to-month,Electronic check,Fiber optic,75.55,2425.4,No,0.7149,Alto,75.55
3570-YUEKJ,0,0,0,0,42,25-48 meses,Month-to-month,Electronic check,DSL,49.55,2077.95,No,0.3952,Medio,0.0
4143-OOBWZ,1,0,1,0,5,0-12 meses,Month-to-month,Electronic check,Fiber optic,81.3,416.3,Yes,0.87,Alto,81.3
1555-HAPSU,0,0,1,1,71,49-72 meses,Two year,Credit card (automatic),No,23.9,1663.5,No,0.0162,Bajo,0.0
1697-NVVGY,1,1,1,0,19,13-24 meses,Month-to-month,Bank transfer (automatic),DSL,66.4,1286.05,No,0.3672,Medio,0.0
7854-EKTJL,0,0,0,1,2,0-12 meses,Month-to-month,Electronic check,No,19.6,35.85,Yes,0.2623,Bajo,0.0
8464-EETCQ,1,0,0,0,57,49-72 meses,Two year,Credit card (automatic),No,18.8,1094.35,No,0.0641,Bajo,0.0
2419-FSORS,1,0,1,0,72,49-72 meses,Two year,Electronic check,Fiber optic,108.4,7719.5,No,0.2967,Bajo,0.0
8132-YPVBX,0,0,0,0,6,0-12 meses,Month-to-month,Mailed check,Fiber optic,85.95,514.6,No,0.8258,Alto,85.95
9102-IAYHT,0,0,1,1,17,13-24 meses,Month-to-month,Electronic check,Fiber optic,85.45,1451.6,Yes,0.7751,Alto,85.45
6754-LZUKA,1,0,1,0,61,49-72 meses,Two year,Bank transfer (automatic),DSL,80.9,4932.5,No,0.1285,Bajo,0.0
3422-LYEPQ,1,0,1,1,1,0-12 meses,Month-to-month,Electronic check,Fiber optic,71.0,71.0,Yes,0.872,Alto,71.0
8099-MZPUJ,1,0,1,1,48,25-48 meses,Two year,Credit card (automatic),Fiber optic,111.8,5443.65,No,0.24,Bajo,0.0
0787-LHDYT,1,0,0,0,16,13-24 meses,Month-to-month,Credit card (automatic),No,20.6,330.25,No,0.1864,Bajo,0.0
2642-DTVCO,1,1,0,0,9,0-12 meses,Month-to-month,Electronic check,Fiber optic,85.05,746.5,Yes,0.8738,Alto,85.05
0374-IOEGQ,0,0,0,0,3,0-12 meses,Month-to-month,Electronic check,DSL,44.6,122.7,No,0.7073,Alto,44.6
4361-JEIVL,1,0,0,1,1,0-12 meses,Month-to-month,Electronic check,DSL,44.4,44.4,Yes,0.7701,Alto,44.4
3197-NNYNB,1,0,0,0,65,49-72 meses,Two year,Credit card (automatic),Fiber optic,105.1,6631.85,No,0.2767,Bajo,0.0
3396-DKDEL,0,0,1,1,70,49-72 meses,Two year,Credit card (automatic),Fiber optic,115.15,8250.0,No,0.1287,Bajo,0.0
1752-OZXFY,1,0,1,0,60,49-72 meses,One year,Mailed check,DSL,59.8,3561.15,No,0.1505,Bajo,0.0
9066-QRSDU,0,0,1,0,69,49-72 meses,One year,Electronic check,No,26.3,1763.55,No,0.113,Bajo,0.0
9112-WSNPU,0,1,0,0,35,25-48 meses,Month-to-month,Electronic check,Fiber optic,70.55,2419.0,No,0.6138,Alto,70.55
9867-NNXLC,0,0,0,0,22,13-24 meses,Month-to-month,Mailed check,No,20.05,470.2,No,0.1417,Bajo,0.0
5321-NTRKC,1,0,1,1,66,49-72 meses,Two year,Bank transfer (automatic),DSL,79.85,5234.95,No,0.1379,Bajo,0.0
1363-TXLSL,1,1,1,0,1,0-12 meses,Month-to-month,Electronic check,Fiber optic,70.3,70.3,Yes,0.8793,Alto,70.3
9507-EXLTT,0,0,1,0,1,0-12 meses,Month-to-month,Bank transfer (automatic),Fiber optic,79.35,79.35,Yes,0.8905,Alto,79.35
3161-GETRM,1,0,1,1,34,25-48 meses,Month-to-month,Credit card (automatic),Fiber optic,90.05,3097.0,No,0.5471,Medio,0.0
0402-OAMEN,0,0,1,1,72,49-72 meses,Two year,Bank transfer (automatic),No,24.45,1709.1,No,0.0124,Bajo,0.0
6933-VLYFX,1,0,1,1,31,25-48 meses,One year,Electronic check,DSL,59.95,1848.8,No,0.2197,Bajo,0.0
6754-WKSHP,1,0,0,1,30,25-48 meses,One year,Bank transfer (automatic),No,25.35,723.3,No,0.1088,Bajo,0.0
9846-GKXAS,0,0,0,0,9,0-12 meses,Month-to-month,Bank transfer (automatic),Fiber optic,90.8,809.75,Yes,0.8365,Alto,90.8
6017-PPLPX,1,0,1,1,20,13-24 meses,Month-to-month,Electronic check,Fiber optic,70.45,1470.95,Yes,0.6986,Alto,70.45
4976-LNFVV,1,1,1,0,19,13-24 meses,Month-to-month,Credit card (automatic),DSL,34.3,577.15,No,0.4745,Medio,0.0
5055-MGMGF,0,0,1,0,65,49-72 meses,Month-to-month,Electronic check,Fiber optic,105.05,6914.95,No,0.494,Medio,0.0
4641-FROLU,0,0,1,1,30,25-48 meses,Two year,Mailed check,No,19.3,602.9,No,0.044,Bajo,0.0
2862-JVEOY,1,0,0,0,6,0-12 meses,One year,Mailed check,No,19.15,124.4,No,0.1049,Bajo,0.0
2969-QWUBZ,0,0,0,0,2,0-12 meses,Month-to-month,Electronic check,DSL,51.4,96.8,No,0.6972,Alto,51.4
9822-BIIGN,1,0,1,1,53,49-72 meses,Month-to-month,Electronic check,DSL,71.85,3827.9,No,0.2617,Bajo,0.0
2077-MPJQO,1,1,1,0,7,0-12 meses,Month-to-month,Electronic check,Fiber optic,75.4,533.05,No,0.8592,Alto,75.4
1534-OULXE,0,0,1,1,61,49-72 meses,One year,Bank transfer (automatic),DSL,49.7,2961.4,No,0.1478,Bajo,0.0
7136-RVDTZ,1,1,0,0,70,49-72 meses,One year,Electronic check,DSL,45.25,3264.45,Yes,0.4061,Medio,0.0
2971-SGAFL,0,0,0,0,13,13-24 meses,Month-to-month,Electronic check,DSL,78.75,995.35,No,0.5587,Medio,0.0
1480-IVEVR,1,1,1,0,35,25-48 meses,One year,Bank transfer (automatic),Fiber optic,81.6,2815.25,No,0.4033,Medio,0.0
2905-KFQUV,0,0,1,0,2,0-12 meses,Month-to-month,Credit card (automatic),Fiber optic,70.4,154.8,No,0.8029,Alto,70.4
4581-SSPWD,0,0,0,0,3,0-12 meses,Month-to-month,Electronic check,Fiber optic,75.8,246.3,Yes,0.8666,Alto,75.8
3370-HXOPH,0,0,0,0,3,0-12 meses,Month-to-month,Electronic check,Fiber optic,76.1,257.6,No,0.8217,Alto,76.1
9391-YZEJW,0,0,0,0,62,49-72 meses,One year,Bank transfer (automatic),Fiber optic,94.0,5757.2,No,0.4332,Medio,0.0
9958-MEKUC,1,0,1,1,72,49-72 meses,Two year,Credit card (automatic),Fiber optic,103.95,7517.7,No,0.1239,Bajo,0.0
0281-CNTZX,1,0,1,0,63,49-72 meses,Two year,Bank transfer (automatic),No,19.95,1234.8,No,0.04,Bajo,0.0
6927-WTFIV,1,1,0,0,20,13-24 meses,Month-to-month,Credit card (automatic),Fiber optic,71.3,1389.2,Yes,0.5559,Medio,0.0
4118-CEVPF,0,1,0,0,35,25-48 meses,One year,Bank transfer (automatic),Fiber optic,110.8,3836.3,No,0.434,Medio,0.0
3398-ZOUAA,1,1,1,0,21,13-24 meses,Month-to-month,Electronic check,Fiber optic,69.1,1474.75,Yes,0.7077,Alto,69.1
9114-VEPUF,1,0,1,0,62,49-72 meses,One year,Electronic check,Fiber optic,96.1,6001.45,No,0.3465,Medio,0.0
7876-BEUTG,0,0,0,0,15,13-24 meses,Month-to-month,Mailed check,DSL,48.8,720.1,No,0.4744,Medio,0.0
2338-BQEZT,0,0,0,0,55,49-72 meses,Month-to-month,Credit card (automatic),DSL,50.55,2832.75,No,0.2605,Bajo,0.0
9873-MNDKV,0,0,0,0,11,0-12 meses,Month-to-month,Mailed check,DSL,44.65,472.25,No,0.4754,Medio,0.0
0378-NHQXU,0,0,1,1,17,13-24 meses,Month-to-month,Electronic check,Fiber optic,88.25,1460.65,Yes,0.6884,Alto,88.25
8241-JUIQO,0,0,0,0,61,49-72 meses,One year,Bank transfer (automatic),No,19.45,1336.35,No,0.0807,Bajo,0.0
2194-IIQOF,0,0,1,0,71,49-72 meses,Two year,Credit card (automatic),DSL,89.3,6388.65,No,0.0346,Bajo,0.0
4512-ZUIYL,0,0,0,0,2,0-12 meses,Month-to-month,Bank transfer (automatic),Fiber optic,70.0,153.05,Yes,0.7956,Alto,70.0
9631-RXVJM,1,0,0,0,35,25-48 meses,Two year,Mailed check,No,19.25,677.9,No,0.0603,Bajo,0.0
9584-EXCDZ,0,0,0,0,17,13-24 meses,Month-to-month,Bank transfer (automatic),Fiber optic,70.5,1165.6,No,0.5758,Medio,0.0
7969-AULMZ,0,0,0,0,21,13-24 meses,Month-to-month,Electronic check,Fiber optic,97.35,2119.5,Yes,0.7989,Alto,97.35
5093-FEGLU,0,0,1,0,47,25-48 meses,Two year,Bank transfer (automatic),No,19.65,921.55,No,0.0398,Bajo,0.0
2621-UDNLU,0,0,1,0,3,0-12 meses,Month-to-month,Mailed check,No,20.85,72.0,No,0.272,Bajo,0.0
7526-IVLYU,1,0,0,0,3,0-12 meses,Month-to-month,Mailed check,No,19.65,68.35,No,0.2359,Bajo,0.0
2428-HYUNX,1,1,1,0,44,25-48 meses,Two year,Credit card (automatic),No,19.35,847.25,No,0.0497,Bajo,0.0
9214-EKVXR,0,0,0,0,1,0-12 meses,Month-to-month,Mailed check,DSL,44.0,44.0,No,0.7475,Alto,44.0
3410-MHHUM,0,0,1,1,44,25-48 meses,One year,Electronic check,Fiber optic,94.4,4295.35,No,0.422,Medio,0.0
0568-ONFPC,1,0,1,1,5,0-12 meses,Month-to-month,Bank transfer (automatic),No,25.9,135.0,Yes,0.2326,Bajo,0.0
0733-VUNUW,1,0,0,0,24,13-24 meses,Month-to-month,Bank transfer (automatic),DSL,55.65,1400.55,Yes,0.294,Bajo,0.0
4550-EVXNY,0,0,0,1,1,0-12 meses,Month-to-month,Electronic check,Fiber optic,69.65,69.65,Yes,0.8792,Alto,69.65
2122-YWVYA,0,0,0,0,18,13-24 meses,Month-to-month,Electronic check,Fiber optic,75.4,1380.4,No,0.644,Alto,75.4
2968-SSGAA,0,0,0,0,10,0-12 meses,Month-to-month,Electronic check,Fiber optic,100.6,1060.2,Yes,0.8901,Alto,100.6
2296-DKZFP,0,0,1,0,65,49-72 meses,Two year,Bank transfer (automatic),DSL,71.0,4386.2,No,0.0743,Bajo,0.0
4844-JJWUY,0,1,0,0,1,0-12 meses,Month-to-month,Electronic check,Fiber optic,86.0,86.0,Yes,0.8994,Alto,86.0
6777-TGHTM,0,0,0,0,53,49-72 meses,One year,Credit card (automatic),Fiber optic,106.95,5785.5,Yes,0.4279,Medio,0.0
8909-BOLNL,1,0,0,0,3,0-12 meses,One year,Mailed check,No,21.2,52.05,No,0.1876,Bajo,0.0
6603-YRDCJ,1,0,1,0,33,25-48 meses,Two year,Mailed check,DSL,61.05,2018.4,No,0.0741,Bajo,0.0
3538-WZPHD,1,0,0,0,3,0-12 meses,Month-to-month,Electronic check,DSL,29.6,79.45,Yes,0.7499,Alto,29.6
3229-USWAR,0,0,0,0,34,25-48 meses,One year,Bank transfer (automatic),DSL,79.95,2727.3,No,0.2554,Bajo,0.0
2138-VFAPZ,0,0,1,1,14,13-24 meses,Two year,Mailed check,No,19.7,263.65,No,0.0769,Bajo,0.0
6131-JLWZM,0,0,0,0,13,13-24 meses,Month-to-month,Mailed check,No,20.3,275.4,No,0.1812,Bajo,0.0
4785-QRJHC,1,1,1,0,46,25-48 meses,One year,Bank transfer (automatic),DSL,59.9,2816.65,Yes,0.2824,Bajo,0.0
0269-XFESX,1,0,1,1,23,13-24 meses,One year,Mailed check,No,24.35,538.5,No,0.0638,Bajo,0.0
1709-EJDOX,0,0,1,1,47,25-48 meses,Two year,Mailed check,No,19.75,948.9,No,0.0257,Bajo,0.0
4316-XCSLJ,1,0,0,1,17,13-24 meses,Month-to-month,Mailed check,DSL,50.3,846.8,No,0.3714,Medio,0.0
8610-WFCJF,0,0,1,1,49,49-72 meses,Month-to-month,Electronic check,Fiber optic,95.6,4783.5,Yes,0.6535,Alto,95.6
9693-XMUOB,1,1,1,0,59,49-72 meses,Month-to-month,Electronic check,DSL,50.25,2997.45,No,0.4896,Medio,0.0
0383-CLDDA,0,0,0,0,69,49-72 meses,Two year,Credit card (automatic),DSL,85.35,5897.4,No,0.0727,Bajo,0.0
4905-JEFDW,1,0,0,0,11,0-12 meses,One year,Electronic check,DSL,41.6,470.6,Yes,0.5462,Medio,0.0
2709-UQGNP,1,0,0,0,10,0-12 meses,Month-to-month,Mailed check,DSL,51.65,524.5,No,0.4257,Medio,0.0
3549-ZTMNH,1,0,1,1,12,0-12 meses,Two year,Bank transfer (automatic),No,24.0,269.65,No,0.109,Bajo,0.0
7881-INRLC,1,0,0,0,45,25-48 meses,Month-to-month,Credit card (automatic),Fiber optic,100.85,4740.0,Yes,0.6021,Alto,100.85
8033-ATFAS,0,0,1,1,39,25-48 meses,Month-to-month,Mailed check,DSL,59.85,2341.5,No,0.357,Medio,0.0
1635-NZATJ,1,1,1,0,71,49-72 meses,Two year,Credit card (automatic),No,25.45,1789.65,No,0.0444,Bajo,0.0
0562-HKHML,1,0,1,1,71,49-72 meses,Two year,Credit card (automatic),No,23.9,1626.4,No,0.0151,Bajo,0.0
8277-RVRSV,0,0,1,1,33,25-48 meses,One year,Credit card (automatic),No,24.15,800.3,No,0.0672,Bajo,0.0
9943-VSZUV,1,1,0,0,67,49-72 meses,Month-to-month,Mailed check,Fiber optic,75.7,5060.85,No,0.4548,Medio,0.0
0117-LFRMW,1,0,1,1,37,25-48 meses,Month-to-month,Bank transfer (automatic),DSL,40.2,1448.8,Yes,0.3101,Medio,0.0
6172-FECYY,1,0,1,1,49,49-72 meses,Month-to-month,Electronic check,Fiber optic,84.5,4254.85,Yes,0.607,Alto,84.5
7054-ENNGU,0,0,1,0,9,0-12 meses,Month-to-month,Mailed check,DSL,50.85,466.6,No,0.4389,Medio,0.0
1455-HFBXA,1,0,1,0,52,49-72 meses,Two year,Credit card (automatic),Fiber optic,91.6,4627.8,No,0.1884,Bajo,0.0
9402-CXWPL,0,0,0,0,70,49-72 meses,One year,Electronic check,Fiber optic,98.9,6838.6,No,0.4216,Medio,0.0
1628-BIZYP,1,0,0,0,1,0-12 meses,Month-to-month,Electronic check,Fiber optic,85.0,85.0,No,0.8973,Alto,85.0
1965-AKTSX,0,1,0,0,14,13-24 meses,Month-to-month,Electronic check,Fiber optic,78.95,1101.85,Yes,0.8122,Alto,78.95
0082-LDZUE,1,0,0,0,1,0-12 meses,Month-to-month,Mailed check,DSL,44.3,44.3,No,0.7479,Alto,44.3
4786-UKSNZ,1,0,0,0,1,0-12 meses,Month-to-month,Mailed check,No,20.2,20.2,Yes,0.5594,Medio,0.0
5343-SGUBI,0,0,0,0,52,49-72 meses,One year,Mailed check,Fiber optic,80.2,4297.6,No,0.3561,Medio,0.0
0856-NAOES,1,0,0,0,6,0-12 meses,Month-to-month,Mailed check,DSL,60.9,414.1,No,0.4992,Medio,0.0
1976-AZZPJ,1,0,1,0,7,0-12 meses,Month-to-month,Mailed check,DSL,34.2,256.6,No,0.47,Medio,0.0
7248-VZQLC,0,1,0,0,47,25-48 meses,Month-to-month,Bank transfer (automatic),Fiber optic,85.2,3969.35,Yes,0.5539,Medio,0.0
6156-UZDLF,0,0,0,0,26,25-48 meses,One year,Credit card (automatic),Fiber optic,87.15,2274.1,No,0.3516,Medio,0.0
3099-OONVS,1,0,1,1,25,25-48 meses,Month-to-month,Electronic check,DSL,54.3,1296.8,No,0.2731,Bajo,0.0
9500-WBGRP,1,0,0,0,69,49-72 meses,Two year,Mailed check,No,19.1,1268.85,No,0.0779,Bajo,0.0
5183-KLYEM,0,0,0,0,72,49-72 meses,Two year,Credit card (automatic),Fiber optic,112.75,8192.6,No,0.0961,Bajo,0.0
5144-PQCDZ,1,0,0,0,4,0-12 meses,Month-to-month,Mailed check,No,19.95,59.25,No,0.2602,Bajo,0.0
8514-VZHEB,1,0,1,1,59,49-72 meses,Two year,Mailed check,No,19.5,1147.85,No,0.0436,Bajo,0.0
6625-IUTTT,1,0,0,0,67,49-72 meses,Two year,Bank transfer (automatic),DSL,65.55,4361.55,No,0.0931,Bajo,0.0
9355-NPPFS,0,1,0,0,26,25-48 meses,Month-to-month,Electronic check,Fiber optic,78.8,2006.1,No,0.6809,Alto,78.8
0068-FIGTF,0,0,0,0,27,25-48 meses,One year,Mailed check,DSL,78.2,2078.95,No,0.276,Bajo,0.0
5965-GGPRW,1,0,1,1,72,49-72 meses,Two year,Bank transfer (automatic),Fiber optic,105.25,7609.75,No,0.2175,Bajo,0.0
8035-PWSEV,0,0,0,0,6,0-12 meses,Month-to-month,Electronic check,Fiber optic,89.25,487.05,No,0.8139,Alto,89.25
2236-HILPA,1,0,1,1,62,49-72 meses,Two year,Credit card (automatic),No,20.65,1218.45,No,0.0164,Bajo,0.0
1840-BIUOG,1,0,0,0,20,13-24 meses,One year,Electronic check,DSL,68.7,1416.2,No,0.3475,Medio,0.0
1356-MKYSK,1,0,0,0,6,0-12 meses,Month-to-month,Credit card (automatic),DSL,78.65,483.3,No,0.4546,Medio,0.0
6080-LNESI,1,0,0,0,51,49-72 meses,Two year,Mailed check,No,24.75,1234.6,No,0.0667,Bajo,0.0
1830-IPXVJ,0,0,1,1,61,49-72 meses,Two year,Credit card (automatic),No,19.75,1311.6,No,0.0244,Bajo,0.0
5828-DWPIL,1,1,1,0,62,49-72 meses,Month-to-month,Electronic check,Fiber optic,89.1,5618.3,No,0.4173,Medio,0.0
8398-TBIYD,0,0,0,0,72,49-72 meses,Two year,Bank transfer (automatic),Fiber optic,84.7,6185.15,No,0.152,Bajo,0.0
0011-IGKFF,1,1,1,0,13,13-24 meses,Month-to-month,Electronic check,Fiber optic,98.0,1237.85,Yes,0.7934,Alto,98.0
4192-GORJT,1,0,1,0,5,0-12 meses,Month-to-month,Electronic check,Fiber optic,94.45,498.1,Yes,0.8657,Alto,94.45
6496-SLWHQ,1,1,0,0,3,0-12 meses,Month-to-month,Electronic check,Fiber optic,105.0,294.45,Yes,0.893,Alto,105.0
9912-GVSEQ,0,1,1,0,26,25-48 meses,Month-to-month,Electronic check,Fiber optic,93.85,2381.55,Yes,0.7411,Alto,93.85
2931-FSOHN,1,1,0,0,13,13-24 meses,Month-to-month,Electronic check,DSL,59.9,788.35,No,0.5128,Medio,0.0
9418-RUKPH,0,0,1,1,38,25-48 meses,Two year,Mailed check,No,19.95,756.4,No,0.0384,Bajo,0.0
5383-MMTWC,0,1,1,0,8,0-12 meses,Month-to-month,Electronic check,Fiber optic,84.0,613.4,Yes,0.8884,Alto,84.0
9971-ZWPBF,1,1,1,1,34,25-48 meses,Month-to-month,Electronic check,Fiber optic,108.9,3625.2,No,0.6132,Alto,108.9
4712-AUQZO,1,0,0,0,18,13-24 meses,Month-to-month,Mailed check,DSL,33.6,550.35,No,0.3663,Medio,0.0
9711-FJTBX,1,0,1,1,56,49-72 meses,One year,Mailed check,Fiber optic,85.85,4793.8,No,0.2555,Bajo,0.0
2908-ZTPNF,0,0,0,0,36,25-48 meses,Month-to-month,Bank transfer (automatic),DSL,34.85,1267.2,No,0.3247,Medio,0.0
7240-ETPTR,0,0,1,0,9,0-12 meses,Month-to-month,Electronic check,DSL,48.75,442.2,Yes,0.6907,Alto,48.75
2202-CUYXZ,1,0,0,0,1,0-12 meses,Month-to-month,Electronic check,Fiber optic,84.85,84.85,Yes,0.9059,Alto,84.85
5995-OIGLP,1,0,0,0,12,0-12 meses,Month-to-month,Mailed check,DSL,56.65,654.85,Yes,0.3565,Medio,0.0
8421-WZOOW,0,1,1,1,57,49-72 meses,Month-to-month,Credit card (automatic),Fiber optic,95.3,5567.45,No,0.3555,Medio,0.0
6261-RCVNS,0,0,0,0,42,25-48 meses,One year,Credit card (automatic),DSL,73.9,3160.55,Yes,0.2829,Bajo,0.0
7951-QKZPL,0,0,1,1,33,25-48 meses,Two year,Mailed check,No,24.5,740.3,Yes,0.0908,Bajo,0.0
1414-YADCW,1,0,1,0,70,49-72 meses,Two year,Bank transfer (automatic),Fiber optic,84.6,5706.2,No,0.1112,Bajo,0.0
8756-RDDLT,0,0,0,0,68,49-72 meses,Month-to-month,Electronic check,DSL,44.95,3085.35,No,0.3098,Medio,0.0
2862-PFNIK,1,0,0,1,1,0-12 meses,Month-to-month,Electronic check,DSL,24.7,24.7,No,0.7843,Alto,24.7
5816-QVHRX,0,0,0,0,37,25-48 meses,Month-to-month,Credit card (automatic),Fiber optic,100.3,3541.4,No,0.5379,Medio,0.0
4430-YHXGG,0,0,0,1,4,0-12 meses,Month-to-month,Mailed check,No,25.45,84.2,No,0.2166,Bajo,0.0
6888-SBYAI,1,0,0,0,1,0-12 meses,Month-to-month,Mailed check,DSL,50.7,50.7,No,0.6321,Alto,50.7
7395-XWZOY,1,0,0,0,20,13-24 meses,Month-to-month,Credit card (automatic),DSL,55.0,1165.55,No,0.3692,Medio,0.0
7169-YWAMK,1,0,1,1,72,49-72 meses,Two year,Bank transfer (automatic),DSL,68.4,4855.35,No,0.0506,Bajo,0.0
3640-PHQXK,0,0,0,0,31,25-48 meses,Month-to-month,Electronic check,Fiber optic,89.9,2806.9,Yes,0.7028,Alto,89.9
6877-LGWXO,1,1,1,0,18,13-24 meses,Month-to-month,Electronic check,Fiber optic,78.55,1422.65,Yes,0.6512,Alto,78.55
6859-RKMZJ,1,0,1,0,11,0-12 meses,Month-to-month,Bank transfer (automatic),DSL,55.05,608.15,No,0.4566,Medio,0.0
2729-VNVAP,0,0,1,1,33,25-48 meses,Two year,Credit card (automatic),No,19.8,641.35,No,0.0295,Bajo,0.0
2957-JIRMN,0,1,0,0,62,49-72 meses,One year,Electronic check,Fiber optic,84.45,4959.15,No,0.4075,Medio,0.0
2049-BAFNW,0,0,0,0,1,0-12 meses,Month-to-month,Mailed check,DSL,35.9,35.9,No,0.629,Alto,35.9
3842-QTGDL,1,0,1,0,16,13-24 meses,Month-to-month,Bank transfer (automatic),Fiber optic,80.75,1321.3,No,0.4923,Medio,0.0
7163-OCEQI,1,0,1,1,22,13-24 meses,One year,Mailed check,DSL,78.65,1663.75,No,0.3338,Medio,0.0
9782-LGXMC,0,0,1,1,49,49-72 meses,Month-to-month,Bank transfer (automatic),DSL,61.75,3024.15,No,0.1808,Bajo,0.0
5975-BAICR,1,0,1,1,36,25-48 meses,One year,Credit card (automatic),DSL,63.7,2188.5,No,0.2479,Bajo,0.0
8019-ENHXU,1,0,1,0,42,25-48 meses,Month-to-month,Electronic check,Fiber optic,99.45,4138.05,Yes,0.6492,Alto,99.45
5167-GBFRE,1,1,0,0,4,0-12 meses,Month-to-month,Bank transfer (automatic),DSL,25.2,102.5,Yes,0.7245,Alto,25.2
9033-EOXWV,0,0,0,0,12,0-12 meses,One year,Mailed check,DSL,74.05,872.65,Yes,0.4337,Medio,0.0
4673-KKSLS,0,0,0,0,31,25-48 meses,Month-to-month,Electronic check,Fiber optic,87.6,2724.25,No,0.4841,Medio,0.0
4853-OITSN,1,0,1,0,5,0-12 meses,Month-to-month,Electronic check,Fiber optic,89.15,413.25,No,0.802,Alto,89.15
9800-OUIGR,1,0,1,1,66,49-72 meses,Two year,Credit card (automatic),No,20.0,1374.2,No,0.0156,Bajo,0.0
1324-NLTJE,0,1,0,0,15,13-24 meses,Month-to-month,Credit card (automatic),DSL,55.0,757.1,Yes,0.4712,Medio,0.0
2324-EFHVG,1,0,0,0,64,49-72 meses,Two year,Bank transfer (automatic),Fiber optic,104.4,6692.65,No,0.321,Medio,0.0
7094-MSZAO,1,0,1,1,10,0-12 meses,Month-to-month,Credit card (automatic),No,20.05,218.5,No,0.1978,Bajo,0.0
1522-VVDMG,1,0,1,1,7,0-12 meses,Month-to-month,Electronic check,Fiber optic,89.75,608.8,Yes,0.7778,Alto,89.75
6907-CQGPN,1,0,0,0,29,25-48 meses,Month-to-month,Electronic check,DSL,34.3,1004.75,No,0.364,Medio,0.0
0780-XNZFN,1,0,0,0,57,49-72 meses,Two year,Bank transfer (automatic),No,20.65,1125.6,No,0.0518,Bajo,0.0
0239-OXEXL,0,0,0,0,46,25-48 meses,Month-to-month,Mailed check,Fiber optic,84.25,3847.6,No,0.3739,Medio,0.0
2675-IJRGJ,1,0,0,0,53,49-72 meses,Two year,Bank transfer (automatic),No,19.65,978.0,No,0.077,Bajo,0.0
7049-GKVZY,0,0,0,0,17,13-24 meses,One year,Credit card (automatic),DSL,79.85,1387.35,No,0.3063,Medio,0.0
8577-QSOCG,0,0,1,1,38,25-48 meses,Two year,Mailed check,No,20.2,746.05,No,0.0382,Bajo,0.0
3721-CNZHX,1,0,0,0,15,13-24 meses,One year,Mailed check,No,19.8,304.6,No,0.0982,Bajo,0.0
0212-ISBBF,0,0,0,0,22,13-24 meses,Month-to-month,Electronic check,DSL,50.35,1098.85,No,0.528,Medio,0.0
9185-TQCVP,1,0,1,0,14,13-24 meses,Month-to-month,Electronic check,Fiber optic,85.15,1139.2,Yes,0.8257,Alto,85.15
3585-YNADK,0,0,1,0,57,49-72 meses,One year,Bank transfer (automatic),DSL,74.6,4368.95,No,0.1589,Bajo,0.0
5271-DBYSJ,1,1,0,0,11,0-12 meses,Month-to-month,Credit card (automatic),Fiber optic,79.15,827.7,No,0.7255,Alto,79.15
1099-GODLO,0,0,1,1,1,0-12 meses,Two year,Mailed check,No,20.35,20.35,No,0.3009,Medio,0.0
6828-HMKWP,1,0,1,1,12,0-12 meses,Two year,Bank transfer (automatic),No,21.05,262.05,No,0.0863,Bajo,0.0
5567-WSELE,1,1,1,0,3,0-12 meses,Month-to-month,Electronic check,Fiber optic,94.6,279.55,Yes,0.907,Alto,94.6
1472-TNCWL,1,0,0,1,36,25-48 meses,Month-to-month,Electronic check,Fiber optic,94.7,3512.5,No,0.6151,Alto,94.7
8063-RJYNF,1,0,0,0,16,13-24 meses,Month-to-month,Electronic check,Fiber optic,94.25,1483.25,Yes,0.7536,Alto,94.25
0687-ZVTHB,1,0,1,1,65,49-72 meses,One year,Credit card (automatic),DSL,72.45,4653.85,Yes,0.2205,Bajo,0.0
2080-GKCWQ,1,0,0,0,2,0-12 meses,Month-to-month,Electronic check,Fiber optic,74.95,151.75,No,0.7824,Alto,74.95
9661-ACXBS,0,0,0,0,42,25-48 meses,Month-to-month,Electronic check,Fiber optic,105.2,4400.75,Yes,0.6567,Alto,105.2
2193-SFWQW,1,0,1,1,72,49-72 meses,Two year,Bank transfer (automatic),Fiber optic,111.95,8033.1,No,0.0988,Bajo,0.0
5656-JAMLX,1,0,0,0,62,49-72 meses,Two year,Bank transfer (automatic),No,19.85,1253.65,No,0.0548,Bajo,0.0
3462-BJQQA,0,0,0,0,6,0-12 meses,Month-to-month,Electronic check,Fiber optic,89.75,552.65,No,0.8851,Alto,89.75
0442-TDYUO,1,0,1,0,48,25-48 meses,Two year,Mailed check,No,20.05,1036.0,No,0.0501,Bajo,0.0
6733-LRIZX,1,0,0,0,35,25-48 meses,Two year,Electronic check,Fiber optic,108.95,4025.5,No,0.4362,Medio,0.0
9503-XJUME,1,0,0,1,52,49-72 meses,One year,Credit card (automatic),No,19.65,928.4,No,0.0447,Bajo,0.0
4367-NHWMM,0,0,0,0,1,0-12 meses,Month-to-month,Mailed check,DSL,24.9,24.9,No,0.7528,Alto,24.9
3727-RJMEO,1,0,1,0,6,0-12 meses,Month-to-month,Electronic check,Fiber optic,82.85,460.25,Yes,0.8814,Alto,82.85
3779-OSWCF,0,0,1,0,71,49-72 meses,Two year,Credit card (automatic),DSL,93.2,6506.15,No,0.0398,Bajo,0.0
6736-DHUQI,0,0,1,1,67,49-72 meses,One year,Bank transfer (automatic),Fiber optic,84.8,5598.3,No,0.2236,Bajo,0.0
3915-ODIYG,1,1,0,0,60,49-72 meses,One year,Electronic check,DSL,71.75,4374.55,No,0.2678,Bajo,0.0
1360-RCYRT,1,0,1,1,23,13-24 meses,Month-to-month,Bank transfer (automatic),DSL,30.35,678.75,No,0.3569,Medio,0.0
2724-FJDYW,1,0,0,1,39,25-48 meses,One year,Bank transfer (automatic),DSL,54.85,2191.7,No,0.2218,Bajo,0.0
4451-RWASJ,1,0,1,1,15,13-24 meses,One year,Mailed check,No,19.5,239.75,No,0.1228,Bajo,0.0
6646-VRFOL,1,1,1,0,53,49-72 meses,Month-to-month,Electronic check,Fiber optic,103.85,5485.5,Yes,0.6814,Alto,103.85
3460-TJBWI,1,0,1,1,24,13-24 meses,Two year,Mailed check,No,24.2,609.05,No,0.0462,Bajo,0.0
5917-HBSDW,0,0,1,1,37,25-48 meses,Month-to-month,Electronic check,No,19.35,683.75,No,0.1202,Bajo,0.0
5685-IIXLY,0,0,1,1,5,0-12 meses,Month-to-month,Electronic check,Fiber optic,83.6,404.2,Yes,0.8484,Alto,83.6
5671-UUNXD,0,1,1,0,50,49-72 meses,One year,Electronic check,Fiber optic,100.65,5189.75,No,0.5007,Medio,0.0
0956-ACVZC,0,0,0,0,54,49-72 meses,One year,Credit card (automatic),Fiber optic,94.1,5060.9,No,0.3984,Medio,0.0
2325-NBPZG,0,0,0,0,3,0-12 meses,Month-to-month,Electronic check,Fiber optic,74.55,233.65,No,0.7595,Alto,74.55
4250-ZBWLV,1,0,0,0,68,49-72 meses,One year,Electronic check,Fiber optic,108.45,7176.55,Yes,0.4805,Medio,0.0
4482-FTFFX,1,0,0,0,5,0-12 meses,Month-to-month,Electronic check,DSL,56.15,291.45,No,0.5879,Medio,0.0
8859-DZTGQ,1,0,0,0,33,25-48 meses,Two year,Mailed check,No,20.35,689.75,No,0.0426,Bajo,0.0
0440-MOGPM,0,0,0,0,41,25-48 meses,One year,Electronic check,DSL,80.55,3263.9,No,0.3489,Medio,0.0
0020-JDNXP,0,0,1,1,34,25-48 meses,One year,Mailed check,DSL,61.25,1993.2,No,0.182,Bajo,0.0
3752-CQSJI,0,0,1,1,13,13-24 meses,Month-to-month,Mailed check,No,20.45,254.5,No,0.1661,Bajo,0.0
5025-GOOKI,0,0,0,0,20,13-24 meses,Month-to-month,Credit card (automatic),No,18.9,347.65,No,0.173,Bajo,0.0
4698-KVLLG,0,1,0,0,51,49-72 meses,Two year,Credit card (automatic),No,19.6,967.9,No,0.0491,Bajo,0.0
5095-AESKG,0,0,1,0,3,0-12 meses,Month-to-month,Credit card (automatic),Fiber optic,91.5,242.95,Yes,0.8422,Alto,91.5
2887-JPYLU,0,0,0,1,41,25-48 meses,Month-to-month,Bank transfer (automatic),DSL,45.2,1841.9,No,0.3161,Medio,0.0
4770-QAZXN,0,0,0,0,13,13-24 meses,Month-to-month,Credit card (automatic),No,19.45,232.1,No,0.2132,Bajo,0.0
4896-CPRPF,1,0,1,1,35,25-48 meses,Two year,Bank transfer (automatic),No,25.45,809.25,No,0.0429,Bajo,0.0
1871-MOWRM,1,0,1,0,12,0-12 meses,Month-to-month,Bank transfer (automatic),Fiber optic,80.85,866.45,Yes,0.5775,Medio,0.0
9714-EDSUC,1,0,0,0,4,0-12 meses,Month-to-month,Mailed check,Fiber optic,94.9,360.55,No,0.7167,Alto,94.9
2027-OAQQC,0,0,0,0,43,25-48 meses,Month-to-month,Bank transfer (automatic),DSL,49.05,2076.2,Yes,0.4337,Medio,0.0
0282-NVSJS,0,1,1,1,12,0-12 meses,Month-to-month,Mailed check,DSL,29.3,355.9,No,0.4556,Medio,0.0
9090-SGQXL,1,1,1,0,68,49-72 meses,Month-to-month,Electronic check,Fiber optic,105.3,7299.65,Yes,0.6029,Alto,105.3
6595-YGXIT,1,1,0,0,25,25-48 meses,Month-to-month,Electronic check,Fiber optic,88.95,2291.2,Yes,0.7585,Alto,88.95
7353-YOWFP,0,0,0,0,7,0-12 meses,One year,Mailed check,No,20.25,129.15,No,0.1687,Bajo,0.0
9835-ZIITK,1,1,1,0,66,49-72 meses,One year,Electronic check,Fiber optic,110.85,7491.75,Yes,0.475,Medio,0.0
8008-ESFLK,0,0,1,0,53,49-72 meses,One year,Electronic check,Fiber optic,110.5,5835.5,No,0.3916,Medio,0.0
7537-CBQUZ,1,1,0,0,63,49-72 meses,Month-to-month,Bank transfer (automatic),Fiber optic,109.4,7031.45,No,0.4008,Medio,0.0
1555-DJEQW,0,0,1,1,70,49-72 meses,Two year,Bank transfer (automatic),Fiber optic,114.2,7723.9,Yes,0.2081,Bajo,0.0
5649-TJHOV,1,1,1,0,27,25-48 meses,Month-to-month,Bank transfer (automatic),DSL,36.5,1032.0,Yes,0.4701,Medio,0.0
0519-XUZJU,0,0,0,0,1,0-12 meses,Month-to-month,Mailed check,Fiber optic,70.75,70.75,Yes,0.8546,Alto,70.75
3363-EWLGO,0,0,0,0,5,0-12 meses,Month-to-month,Mailed check,No,19.95,109.6,No,0.2682,Bajo,0.0
4750-UKWJK,0,1,1,0,37,25-48 meses,One year,Mailed check,No,19.6,727.8,No,0.0698,Bajo,0.0
6338-AVWCY,1,0,0,0,3,0-12 meses,Month-to-month,Mailed check,DSL,40.15,130.75,Yes,0.7003,Alto,40.15
1689-YQBYY,0,0,0,1,12,0-12 meses,Month-to-month,Electronic check,Fiber optic,76.6,893.0,No,0.7618,Alto,76.6
4487-ZYJZK,0,0,1,1,38,25-48 meses,One year,Credit card (automatic),No,19.6,763.1,No,0.0524,Bajo,0.0
2959-FENLU,0,0,0,0,9,0-12 meses,Month-to-month,Credit card (automatic),Fiber optic,85.3,781.4,No,0.7835,Alto,85.3
0708-LGSMF,1,0,1,0,13,13-24 meses,Month-to-month,Electronic check,DSL,65.85,902.25,No,0.5198,Medio,0.0
9253-QXKBE,1,1,1,0,29,25-48 meses,Month-to-month,Electronic check,Fiber optic,94.45,2653.65,Yes,0.7706,Alto,94.45
7634-HLQJR,0,0,1,1,47,25-48 meses,Two year,Credit card (automatic),No,20.05,1016.7,No,0.0206,Bajo,0.0
0487-RPVUM,1,0,1,0,61,49-72 meses,Month-to-month,Bank transfer (automatic),Fiber optic,99.4,5943.65,No,0.3594,Medio,0.0
4079-ULGFR,1,0,0,0,16,13-24 meses,Month-to-month,Mailed check,No,20.0,275.7,No,0.2044,Bajo,0.0
2516-XSJKX,0,0,1,1,41,25-48 meses,Two year,Electronic check,DSL,78.45,3126.45,No,0.1715,Bajo,0.0
0057-QBUQH,0,0,0,1,43,25-48 meses,Two year,Electronic check,No,25.1,1070.15,No,0.0987,Bajo,0.0
9445-SZLCH,0,0,1,1,36,25-48 meses,Month-to-month,Bank transfer (automatic),Fiber optic,97.35,3457.9,Yes,0.5495,Medio,0.0
6599-SFQVE,0,0,0,0,6,0-12 meses,Month-to-month,Electronic check,DSL,55.0,340.4,No,0.6782,Alto,55.0
8331-ZXFOE,0,0,0,0,58,49-72 meses,One year,Credit card (automatic),DSL,71.1,4299.2,No,0.147,Bajo,0.0
4003-FUSHP,1,0,0,0,19,13-24 meses,Month-to-month,Credit card (automatic),DSL,61.55,1093.2,No,0.4148,Medio,0.0
0356-ERHVT,1,0,1,0,11,0-12 meses,Month-to-month,Bank transfer (automatic),DSL,45.9,521.9,No,0.4614,Medio,0.0
7325-ENZFI,0,0,0,0,39,25-48 meses,One year,Bank transfer (automatic),DSL,40.3,1630.4,No,0.189,Bajo,0.0
4884-ZTHVF,0,1,0,0,8,0-12 meses,Month-to-month,Electronic check,Fiber optic,87.1,713.6,No,0.8544,Alto,87.1
3920-HIHMQ,0,0,0,1,26,25-48 meses,Month-to-month,Mailed check,DSL,49.5,1265.65,No,0.3187,Medio,0.0
3055-OYMSE,0,1,0,0,53,49-72 meses,Month-to-month,Credit card (automatic),Fiber optic,73.8,4003.85,No,0.4774,Medio,0.0
0613-WUXUM,0,0,1,1,70,49-72 meses,Two year,Mailed check,No,19.2,1401.4,No,0.0473,Bajo,0.0
7568-PODML,1,0,0,0,1,0-12 meses,Month-to-month,Mailed check,DSL,45.3,45.3,Yes,0.7772,Alto,45.3
4458-KVRBJ,1,0,0,0,59,49-72 meses,Two year,Mailed check,No,25.0,1510.5,No,0.0598,Bajo,0.0
5349-IECLD,1,0,0,0,2,0-12 meses,Month-to-month,Electronic check,Fiber optic,94.95,178.1,Yes,0.8375,Alto,94.95
1397-XKKWR,1,0,0,0,7,0-12 meses,One year,Mailed check,DSL,35.3,264.8,No,0.4,Medio,0.0
3945-GFWQL,0,0,0,1,12,0-12 meses,Month-to-month,Electronic check,DSL,44.55,480.6,Yes,0.5743,Medio,0.0
8097-OMULG,1,0,1,1,59,49-72 meses,One year,Credit card (automatic),DSL,76.75,4541.9,No,0.1762,Bajo,0.0
6013-BHCAW,1,0,1,1,61,49-72 meses,Two year,Bank transfer (automatic),DSL,81.0,4976.15,No,0.116,Bajo,0.0
0401-WDBXM,1,0,1,1,72,49-72 meses,Two year,Bank transfer (automatic),Fiber optic,105.55,7542.25,No,0.2367,Bajo,0.0
3387-PLKUI,0,0,1,1,13,13-24 meses,Month-to-month,Mailed check,No,18.8,251.25,No,0.1499,Bajo,0.0
6096-EGVTU,0,0,1,1,64,49-72 meses,One year,Mailed check,No,24.9,1595.5,No,0.0558,Bajo,0.0
3797-VTIDR,1,0,1,0,1,0-12 meses,Month-to-month,Electronic check,DSL,23.45,23.45,Yes,0.8022,Alto,23.45
5081-NWSUP,0,0,0,0,10,0-12 meses,One year,Mailed check,DSL,64.9,685.55,No,0.3749,Medio,0.0
2580-ATZSQ,0,0,1,1,65,49-72 meses,One year,Bank transfer (automatic),DSL,61.35,3874.1,No,0.1388,Bajo,0.0
8085-MSNLK,0,0,1,0,62,49-72 meses,Two year,Mailed check,Fiber optic,113.95,6891.4,No,0.1825,Bajo,0.0
9691-HKOVS,0,0,1,0,55,49-72 meses,One year,Electronic check,DSL,90.15,4916.95,No,0.2249,Bajo,0.0
9881-VCZEP,0,0,1,0,25,25-48 meses,Month-to-month,Electronic check,DSL,54.1,1373.0,No,0.3452,Medio,0.0
9526-BIHHD,1,0,0,0,1,0-12 meses,Month-to-month,Mailed check,DSL,29.7,29.7,Yes,0.632,Alto,29.7
8757-TFHHJ,1,0,0,0,1,0-12 meses,Month-to-month,Credit card (automatic),DSL,49.8,49.8,No,0.6237,Alto,49.8
4523-WXCEF,0,0,1,0,59,49-72 meses,Month-to-month,Electronic check,Fiber optic,101.1,6039.9,Yes,0.5477,Medio,0.0
1468-DEFNC,1,1,1,1,64,49-72 meses,Two year,Bank transfer (automatic),No,24.4,1548.65,No,0.028,Bajo,0.0
5119-KEPFY,1,0,1,0,36,25-48 meses,Month-to-month,Bank transfer (automatic),Fiber optic,95.0,3440.25,No,0.6256,Alto,95.0
8364-TRMMK,0,0,0,0,3,0-12 meses,Month-to-month,Mailed check,DSL,50.65,151.3,Yes,0.6832,Alto,50.65
0916-KNFAJ,1,0,1,0,61,49-72 meses,Two year,Mailed check,DSL,69.9,4226.7,No,0.0866,Bajo,0.0
8319-QBEHW,1,0,0,1,26,25-48 meses,One year,Bank transfer (automatic),DSL,39.95,1023.75,No,0.368,Medio,0.0
3063-QFSZL,0,0,0,0,1,0-12 meses,Month-to-month,Electronic check,DSL,55.4,55.4,Yes,0.7574,Alto,55.4
8775-LHDJH,0,1,1,0,1,0-12 meses,Month-to-month,Electronic check,Fiber optic,90.6,90.6,Yes,0.9052,Alto,90.6
9625-QNLUX,1,0,1,1,68,49-72 meses,Two year,Credit card (automatic),Fiber optic,103.25,7074.4,No,0.1655,Bajo,0.0
3097-NQYSN,1,1,1,0,2,0-12 meses,Month-to-month,Mailed check,Fiber optic,86.85,156.35,Yes,0.8694,Alto,86.85
4024-CSNBY,0,0,1,0,72,49-72 meses,Two year,Bank transfer (automatic),Fiber optic,94.25,6849.75,No,0.1113,Bajo,0.0
7110-BDTWG,0,0,1,0,71,49-72 meses,Two year,Electronic check,DSL,47.05,3263.6,No,0.1944,Bajo,0.0
7493-GVFIO,1,0,0,0,57,49-72 meses,Two year,Credit card (automatic),No,20.55,1252.85,No,0.044,Bajo,0.0
0690-SRQID,1,0,0,0,4,0-12 meses,Month-to-month,Mailed check,No,19.65,67.55,No,0.232,Bajo,0.0
9605-WGJVW,0,1,0,0,1,0-12 meses,Month-to-month,Electronic check,Fiber optic,70.2,70.2,No,0.8885,Alto,70.2
9114-DPSIA,1,0,1,1,72,49-72 meses,Two year,Credit card (automatic),DSL,81.0,5750.0,No,0.0382,Bajo,0.0
4700-UBQMV,1,0,1,1,21,13-24 meses,One year,Bank transfer (automatic),DSL,75.9,1549.75,No,0.314,Medio,0.0
7711-GQBZC,0,0,1,1,71,49-72 meses,Two year,Bank transfer (automatic),No,24.7,1810.55,No,0.0131,Bajo,0.0
3565-UNOCC,0,1,1,0,29,25-48 meses,Month-to-month,Bank transfer (automatic),Fiber optic,99.05,2952.85,Yes,0.6798,Alto,99.05
4627-MIHJH,0,1,0,0,69,49-72 meses,Two year,Credit card (automatic),Fiber optic,110.25,7467.55,No,0.2345,Bajo,0.0
9795-NREXC,0,0,1,0,64,49-72 meses,Two year,Credit card (automatic),DSL,85.0,5484.4,No,0.071,Bajo,0.0
8573-CGOCC,1,0,0,0,16,13-24 meses,Month-to-month,Credit card (automatic),No,19.75,294.9,No,0.1995,Bajo,0.0
7356-AYNJP,0,0,0,0,4,0-12 meses,One year,Electronic check,No,23.9,97.5,No,0.2149,Bajo,0.0
9249-FXSCK,0,0,0,0,52,49-72 meses,One year,Credit card (automatic),Fiber optic,111.25,5916.45,Yes,0.4204,Medio,0.0
5493-SDRDQ,1,0,0,0,2,0-12 meses,Month-to-month,Mailed check,DSL,55.1,113.35,Yes,0.6087,Alto,55.1
6286-SUUWT,1,0,0,0,1,0-12 meses,Month-to-month,Mailed check,No,19.95,19.95,No,0.5624,Medio,0.0
4819-HJPIW,1,0,0,0,18,13-24 meses,Month-to-month,Mailed check,DSL,25.15,476.8,No,0.4143,Medio,0.0
8654-DHAOW,0,0,0,0,2,0-12 meses,Month-to-month,Mailed check,DSL,54.15,101.65,No,0.6455,Alto,54.15
5438-QMDDL,0,0,1,0,19,13-24 meses,Month-to-month,Mailed check,DSL,59.8,1130.85,No,0.4236,Medio,0.0
9812-GHVRI,0,0,0,0,40,25-48 meses,Month-to-month,Bank transfer (automatic),Fiber optic,83.85,3532.25,No,0.5347,Medio,0.0
5553-AOINX,0,1,1,1,66,49-72 meses,One year,Electronic check,Fiber optic,104.9,6891.45,No,0.467,Medio,0.0
1228-ZLNBX,1,0,0,0,21,13-24 meses,Month-to-month,Mailed check,Fiber optic,75.3,1570.7,No,0.5325,Medio,0.0
4226-KKDON,1,0,0,0,8,0-12 meses,Month-to-month,Electronic check,DSL,66.65,520.95,No,0.5277,Medio,0.0
3831-YCPUO,0,0,1,1,72,49-72 meses,Two year,Credit card (automatic),Fiber optic,109.5,7854.9,No,0.0824,Bajo,0.0
7445-WMRBW,0,0,0,0,48,25-48 meses,One year,Bank transfer (automatic),DSL,73.85,3581.4,No,0.1826,Bajo,0.0
3308-DGHKL,1,0,0,0,69,49-72 meses,Two year,Bank transfer (automatic),No,19.3,1447.9,No,0.0591,Bajo,0.0
9924-JPRMC,1,0,0,0,72,49-72 meses,Two year,Electronic check,Fiber optic,118.2,8547.15,No,0.1733,Bajo,0.0
0080-EMYVY,0,0,0,0,14,13-24 meses,One year,Credit card (automatic),DSL,51.45,727.85,No,0.3469,Medio,0.0
6218-KNUBD,1,0,0,0,6,0-12 meses,Month-to-month,Electronic check,DSL,59.45,357.6,No,0.5468,Medio,0.0
7337-CINUD,0,0,1,1,8,0-12 meses,Two year,Bank transfer (automatic),No,19.5,159.35,No,0.1026,Bajo,0.0
7609-NRNCA,0,0,0,0,17,13-24 meses,One year,Mailed check,No,19.55,280.85,No,0.0926,Bajo,0.0
0623-EJQEG,1,0,0,0,65,49-72 meses,One year,Electronic check,Fiber optic,93.55,6069.25,No,0.3221,Medio,0.0
7153-CHRBV,0,0,1,1,57,49-72 meses,One year,Mailed check,DSL,59.3,3274.35,No,0.1045,Bajo,0.0
0871-URUWO,1,0,1,0,13,13-24 meses,Month-to-month,Credit card (automatic),Fiber optic,102.25,1359.0,Yes,0.7474,Alto,102.25
9190-MFJLN,1,1,0,0,19,13-24 meses,Month-to-month,Credit card (automatic),Fiber optic,95.9,1777.9,Yes,0.6684,Alto,95.9
6198-PNNSZ,0,0,1,0,56,49-72 meses,One year,Bank transfer (automatic),Fiber optic,109.8,6109.65,No,0.355,Medio,0.0
3317-VLGQT,0,0,1,0,14,13-24 meses,Month-to-month,Electronic check,Fiber optic,78.1,1122.4,No,0.7707,Alto,78.1
4132-POCZS,1,0,1,0,52,49-72 meses,Month-to-month,Electronic check,DSL,39.9,2020.9,No,0.3724,Medio,0.0
5614-DNZCE,0,0,0,0,58,49-72 meses,Two year,Credit card (automatic),DSL,64.9,3795.45,No,0.0624,Bajo,0.0
1095-JUDTC,0,1,0,0,47,25-48 meses,Month-to-month,Electronic check,Fiber optic,95.05,4504.55,Yes,0.6032,Alto,95.05
3896-RCYYE,0,0,0,0,67,49-72 meses,Month-to-month,Credit card (automatic),DSL,53.4,3579.15,No,0.2261,Bajo,0.0
9638-JIQYA,1,0,0,0,2,0-12 meses,Month-to-month,Credit card (automatic),DSL,24.9,49.7,No,0.7185,Alto,24.9
3258-SANFR,1,1,0,0,6,0-12 meses,Month-to-month,Credit card (automatic),DSL,44.7,276.5,No,0.5489,Medio,0.0
3726-TBHQT,1,0,1,1,71,49-72 meses,Two year,Bank transfer (automatic),Fiber optic,114.0,8175.9,No,0.1421,Bajo,0.0
3190-ITQXP,0,0,1,1,46,25-48 meses,Two year,Bank transfer (automatic),No,20.25,890.35,No,0.0256,Bajo,0.0
0870-VEMYL,0,0,0,0,5,0-12 meses,Month-to-month,Credit card (automatic),DSL,53.85,259.8,Yes,0.4735,Medio,0.0
4833-QTJNO,1,1,1,0,67,49-72 meses,Month-to-month,Bank transfer (automatic),Fiber optic,83.85,5588.8,No,0.3408,Medio,0.0
3039-MJSLN,1,0,0,1,3,0-12 meses,Month-to-month,Bank transfer (automatic),No,20.2,50.6,No,0.2386,Bajo,0.0
0178-CIIKR,0,0,0,0,3,0-12 meses,Month-to-month,Mailed check,No,19.95,58.0,No,0.2885,Bajo,0.0
5385-SUIRI,1,1,1,0,52,49-72 meses,Month-to-month,Electronic check,Fiber optic,104.2,5568.35,Yes,0.6527,Alto,104.2
3982-XWFZQ,0,0,1,0,42,25-48 meses,Month-to-month,Electronic check,DSL,50.25,2203.65,Yes,0.3985,Medio,0.0
5774-QPLTF,1,0,1,1,50,49-72 meses,One year,Mailed check,No,20.35,938.95,No,0.048,Bajo,0.0
2322-VCZHZ,1,1,1,0,23,13-24 meses,Month-to-month,Electronic check,Fiber optic,90.0,2024.1,No,0.6496,Alto,90.0
5010-IPEAQ,0,0,1,1,67,49-72 meses,Two year,Credit card (automatic),DSL,54.2,3623.95,No,0.0381,Bajo,0.0
4009-ALQFH,0,0,0,0,25,25-48 meses,Month-to-month,Electronic check,Fiber optic,99.5,2369.05,Yes,0.7182,Alto,99.5
6383-ZTSIW,0,1,1,0,39,25-48 meses,One year,Mailed check,Fiber optic,99.1,3877.95,No,0.4017,Medio,0.0
8990-YOZLV,0,0,0,0,69,49-72 meses,Two year,Mailed check,DSL,66.9,4577.9,No,0.0583,Bajo,0.0
3069-SSVSN,0,0,0,0,1,0-12 meses,One year,Mailed check,DSL,25.85,25.85,No,0.6335,Alto,25.85
5222-IMUKT,1,0,0,0,32,25-48 meses,Month-to-month,Electronic check,Fiber optic,91.05,2871.5,No,0.6368,Alto,91.05
3627-FCRDW,0,0,0,0,9,0-12 meses,Month-to-month,Electronic check,Fiber optic,71.0,672.55,Yes,0.758,Alto,71.0
7562-GSUHK,0,0,0,0,16,13-24 meses,Month-to-month,Credit card (automatic),Fiber optic,93.2,1573.7,Yes,0.6439,Alto,93.2
6685-XSHHU,1,0,1,1,60,49-72 meses,Two year,Bank transfer (automatic),No,20.95,1270.55,No,0.0268,Bajo,0.0
8901-UPRHR,0,0,1,1,72,49-72 meses,Two year,Bank transfer (automatic),Fiber optic,109.2,7711.45,No,0.2178,Bajo,0.0
4903-UYAVB,1,0,1,0,5,0-12 meses,Month-to-month,Mailed check,No,19.35,126.05,Yes,0.178,Bajo,0.0
0118-JPNOY,0,1,0,0,26,25-48 meses,Month-to-month,Credit card (automatic),Fiber optic,85.8,2193.65,No,0.5626,Medio,0.0
6776-TLWOI,1,0,0,0,3,0-12 meses,Month-to-month,Mailed check,No,19.85,64.55,Yes,0.2593,Bajo,0.0
3845-FXCYS,1,0,0,0,2,0-12 meses,Month-to-month,Electronic check,No,19.65,31.2,No,0.2704,Bajo,0.0
5857-XRECV,0,0,0,1,2,0-12 meses,One year,Bank transfer (automatic),No,20.5,38.25,No,0.2117,Bajo,0.0
0725-CXOTM,0,0,0,0,36,25-48 meses,One year,Credit card (automatic),DSL,89.65,3348.1,No,0.2537,Bajo,0.0
4343-EJVQB,1,0,0,0,7,0-12 meses,Month-to-month,Mailed check,Fiber optic,74.35,533.6,No,0.6434,Alto,74.35
9000-PLFUZ,0,1,1,0,60,49-72 meses,Two year,Credit card (automatic),DSL,49.45,2907.55,No,0.2019,Bajo,0.0
3427-GGZZI,0,0,1,0,19,13-24 meses,Month-to-month,Electronic check,Fiber optic,89.1,1620.8,No,0.7568,Alto,89.1
7779-ORAEL,1,1,1,0,45,25-48 meses,Two year,Credit card (automatic),DSL,75.15,3480.35,No,0.1277,Bajo,0.0
0644-OQMDK,1,1,0,0,4,0-12 meses,Month-to-month,Electronic check,Fiber optic,70.65,293.85,No,0.8258,Alto,70.65
4077-CROMM,0,0,1,1,31,25-48 meses,Month-to-month,Electronic check,Fiber optic,104.2,3243.45,Yes,0.6618,Alto,104.2
3154-CFSZG,1,0,1,1,47,25-48 meses,Month-to-month,Electronic check,Fiber optic,90.05,4137.2,No,0.4908,Medio,0.0
2868-MZAGQ,1,0,0,0,1,0-12 meses,Month-to-month,Electronic check,Fiber optic,79.25,79.25,Yes,0.9071,Alto,79.25
4847-QNOKA,0,0,0,0,1,0-12 meses,Month-to-month,Bank transfer (automatic),DSL,44.9,44.9,Yes,0.7525,Alto,44.9
2220-IAHLS,0,0,0,0,1,0-12 meses,Month-to-month,Credit card (automatic),No,19.4,19.4,No,0.4452,Medio,0.0
1658-XUHBX,0,1,1,1,59,49-72 meses,Month-to-month,Credit card (automatic),Fiber optic,88.75,5348.65,No,0.4439,Medio,0.0
6379-RXJRQ,1,0,1,0,10,0-12 meses,Month-to-month,Electronic check,Fiber optic,70.1,659.65,Yes,0.8048,Alto,70.1
2378-HTWFW,1,1,0,0,35,25-48 meses,Month-to-month,Credit card (automatic),Fiber optic,91.0,3180.5,No,0.5372,Medio,0.0
8650-RHRKE,1,0,0,0,4,0-12 meses,Month-to-month,Electronic check,DSL,29.65,118.5,Yes,0.7528,Alto,29.65
4377-VDHYI,1,0,1,1,32,25-48 meses,One year,Electronic check,Fiber optic,90.8,3023.85,No,0.4637,Medio,0.0
0475-RIJEP,1,0,0,0,43,25-48 meses,Month-to-month,Electronic check,Fiber optic,77.85,3365.85,Yes,0.6302,Alto,77.85
1260-TTRXI,1,0,0,0,4,0-12 meses,Month-to-month,Electronic check,DSL,54.3,195.3,Yes,0.7189,Alto,54.3
3719-TDVQB,0,1,1,0,54,49-72 meses,Two year,Mailed check,No,18.95,1031.1,No,0.0707,Bajo,0.0
6328-ZPBGN,0,1,0,0,11,0-12 meses,Month-to-month,Bank transfer (automatic),Fiber optic,95.15,997.65,Yes,0.8444,Alto,95.15
0201-MIBOL,0,1,0,0,66,49-72 meses,Two year,Bank transfer (automatic),Fiber optic,102.4,6471.85,No,0.2929,Bajo,0.0
4937-QPZPO,1,0,1,1,61,49-72 meses,One year,Electronic check,Fiber optic,99.9,6241.35,No,0.5134,Medio,0.0
2925-VDZHY,1,0,1,1,72,49-72 meses,Two year,Credit card (automatic),DSL,88.7,6501.35,No,0.0264,Bajo,0.0
6981-TDRFT,1,0,1,1,44,25-48 meses,One year,Electronic check,DSL,54.3,2317.1,No,0.2697,Bajo,0.0
3413-CSSTH,1,0,0,0,41,25-48 meses,Month-to-month,Bank transfer (automatic),DSL,55.7,2237.55,No,0.3523,Medio,0.0
8033-VCZGH,1,0,1,0,50,49-72 meses,One year,Electronic check,Fiber optic,103.95,5231.3,No,0.5388,Medio,0.0
4789-KWMXN,1,0,1,0,47,25-48 meses,One year,Credit card (automatic),Fiber optic,110.85,5275.8,Yes,0.4196,Medio,0.0
0224-NIJLP,1,0,1,1,8,0-12 meses,Two year,Mailed check,No,20.15,165.5,No,0.0842,Bajo,0.0
7542-CYDDM,1,0,0,0,18,13-24 meses,Month-to-month,Mailed check,No,20.05,358.5,No,0.1648,Bajo,0.0
4718-WXBGI,1,0,1,1,72,49-72 meses,Two year,Credit card (automatic),DSL,91.95,6614.9,No,0.028,Bajo,0.0
2867-UIMSS,1,0,0,0,1,0-12 meses,Month-to-month,Electronic check,Fiber optic,80.5,80.5,Yes,0.8736,Alto,80.5
8495-PRWFH,0,1,0,0,42,25-48 meses,Month-to-month,Electronic check,DSL,55.65,2421.75,No,0.4169,Medio,0.0
0439-IFYUN,0,1,0,0,18,13-24 meses,Month-to-month,Electronic check,Fiber optic,74.7,1294.6,No,0.7026,Alto,74.7
5716-LIBJC,0,0,0,1,13,13-24 meses,One year,Credit card (automatic),Fiber optic,104.15,1299.1,No,0.5832,Medio,0.0
2868-LLSKM,0,0,1,1,68,49-72 meses,One year,Bank transfer (automatic),Fiber optic,83.65,5733.4,No,0.2787,Bajo,0.0
8111-RKSPX,1,0,0,0,4,0-12 meses,Month-to-month,Bank transfer (automatic),Fiber optic,72.2,305.55,Yes,0.8391,Alto,72.2
2988-QRAJY,1,0,0,0,69,49-72 meses,Two year,Credit card (automatic),Fiber optic,110.05,7430.75,No,0.2526,Bajo,0.0
1585-MQSSU,1,0,0,0,17,13-24 meses,Month-to-month,Mailed check,DSL,51.5,900.5,Yes,0.3964,Medio,0.0
0071-NDAFP,1,0,1,1,25,25-48 meses,Two year,Credit card (automatic),No,25.5,630.6,No,0.0691,Bajo,0.0
2856-NNASM,1,1,0,0,43,25-48 meses,Month-to-month,Mailed check,Fiber optic,89.55,3856.75,Yes,0.6088,Alto,89.55
7328-ZJAJO,0,0,1,1,59,49-72 meses,Two year,Credit card (automatic),No,19.5,1222.65,No,0.0324,Bajo,0.0
6458-CYIDZ,0,1,0,0,5,0-12 meses,Month-to-month,Electronic check,Fiber optic,80.7,374.8,No,0.6929,Alto,80.7
8559-CIZFV,1,0,1,1,21,13-24 meses,One year,Mailed check,DSL,77.5,1625.0,Yes,0.2037,Bajo,0.0
1090-PYKCI,0,0,1,1,69,49-72 meses,One year,Credit card (automatic),Fiber optic,105.1,7234.8,No,0.2439,Bajo,0.0
3058-WQDRE,1,0,0,0,13,13-24 meses,Month-to-month,Bank transfer (automatic),DSL,25.15,331.85,No,0.5014,Medio,0.0
7547-EKNFS,1,0,1,0,42,25-48 meses,Month-to-month,Bank transfer (automatic),Fiber optic,95.25,3959.35,Yes,0.5528,Medio,0.0
2279-AXJJK,1,0,1,0,52,49-72 meses,Month-to-month,Credit card (automatic),Fiber optic,95.65,5088.4,No,0.4452,Medio,0.0
6769-DYBQN,1,1,0,0,46,25-48 meses,Month-to-month,Electronic check,Fiber optic,85.0,3969.4,Yes,0.5585,Medio,0.0
0909-SELIE,1,0,1,0,61,49-72 meses,Two year,Bank transfer (automatic),DSL,80.8,4860.85,No,0.0597,Bajo,0.0
3417-TSCIC,1,0,0,0,29,25-48 meses,One year,Mailed check,DSL,24.85,788.05,No,0.3479,Medio,0.0
1042-HFUCW,0,0,0,1,25,25-48 meses,One year,Credit card (automatic),DSL,54.75,1266.35,No,0.2741,Bajo,0.0
4439-JMPMT,0,0,1,1,5,0-12 meses,Month-to-month,Electronic check,Fiber optic,85.75,470.95,Yes,0.8131,Alto,85.75
6537-OTKMY,1,0,0,0,15,13-24 meses,One year,Electronic check,DSL,50.75,688.2,No,0.4755,Medio,0.0
8999-EXMNO,0,0,1,1,19,13-24 meses,Two year,Mailed check,No,20.15,387.7,No,0.0539,Bajo,0.0
6725-TPKJO,1,0,0,0,44,25-48 meses,Two year,Mailed check,No,20.05,845.25,No,0.0444,Bajo,0.0
2446-BEGGB,0,1,0,0,6,0-12 meses,Month-to-month,Electronic check,Fiber optic,98.25,560.6,Yes,0.9076,Alto,98.25
7162-WPHPM,1,0,1,1,58,49-72 meses,Two year,Credit card (automatic),DSL,71.6,4230.25,No,0.0612,Bajo,0.0
1599-MMYRQ,1,0,1,1,62,49-72 meses,One year,Credit card (automatic),Fiber optic,81.45,4983.05,No,0.2373,Bajo,0.0
8821-KVZKQ,0,0,1,1,70,49-72 meses,One year,Bank transfer (automatic),DSL,58.4,4113.15,No,0.1478,Bajo,0.0
1496-GGSUK,0,1,0,0,1,0-12 meses,Month-to-month,Mailed check,DSL,25.7,25.7,Yes,0.7696,Alto,25.7
6434-TTGJP,1,0,1,1,10,0-12 meses,Two year,Credit card (automatic),DSL,53.7,521.0,No,0.2022,Bajo,0.0
0042-JVWOJ,1,0,0,0,26,25-48 meses,One year,Bank transfer (automatic),No,19.6,471.85,No,0.0646,Bajo,0.0
0130-SXOUN,1,0,0,0,66,49-72 meses,Month-to-month,Credit card (automatic),Fiber optic,89.4,5976.9,No,0.3987,Medio,0.0
2575-GFSOE,0,0,1,1,7,0-12 meses,Month-to-month,Electronic check,Fiber optic,69.0,506.9,Yes,0.7808,Alto,69.0
2330-PQGDQ,1,0,1,1,51,49-72 meses,One year,Bank transfer (automatic),Fiber optic,84.2,4299.75,No,0.2848,Bajo,0.0
1452-UZOSF,1,0,1,1,72,49-72 meses,Two year,Credit card (automatic),Fiber optic,106.1,7548.6,No,0.1394,Bajo,0.0
2097-YVPKN,1,0,0,0,65,49-72 meses,Two year,Mailed check,No,25.75,1654.75,No,0.0494,Bajo,0.0
2842-JTCCU,1,0,0,0,2,0-12 meses,Month-to-month,Bank transfer (automatic),DSL,46.05,80.35,Yes,0.7125,Alto,46.05
8597-CTXVJ,1,0,0,1,70,49-72 meses,One year,Bank transfer (automatic),DSL,64.95,4551.5,No,0.1207,Bajo,0.0
6631-HMANX,1,0,1,0,72,49-72 meses,Two year,Credit card (automatic),DSL,85.45,6227.5,No,0.0624,Bajo,0.0
9962-BFPDU,0,0,1,1,1,0-12 meses,Month-to-month,Mailed check,No,20.05,20.05,No,0.5116,Medio,0.0
3296-SILRA,0,1,1,0,1,0-12 meses,Month-to-month,Mailed check,Fiber optic,76.4,76.4,Yes,0.8617,Alto,76.4
9681-OXGVC,0,0,0,0,5,0-12 meses,Month-to-month,Electronic check,Fiber optic,100.5,514.0,Yes,0.9072,Alto,100.5
6394-HHHZM,1,0,0,0,3,0-12 meses,Month-to-month,Mailed check,No,20.7,57.5,No,0.2579,Bajo,0.0
5995-LFTLE,1,0,0,0,58,49-72 meses,Two year,Credit card (automatic),No,25.3,1474.35,No,0.0697,Bajo,0.0
5180-UCIIQ,1,1,1,1,22,13-24 meses,Month-to-month,Mailed check,DSL,40.05,880.2,Yes,0.4272,Medio,0.0
1932-UEDCX,1,1,1,0,33,25-48 meses,Month-to-month,Bank transfer (automatic),Fiber optic,100.6,3270.25,No,0.6506,Alto,100.6
7153-OANIO,1,0,0,0,1,0-12 meses,Month-to-month,Electronic check,Fiber optic,69.95,69.95,Yes,0.8547,Alto,69.95
5188-HGMLP,1,1,1,0,54,49-72 meses,Month-to-month,Bank transfer (automatic),Fiber optic,74.0,3919.15,No,0.4776,Medio,0.0
0665-XHDJU,1,0,1,0,72,49-72 meses,Two year,Electronic check,Fiber optic,99.4,7285.7,No,0.3331,Medio,0.0
6521-YYTYI,1,0,0,1,1,0-12 meses,Month-to-month,Electronic check,Fiber optic,93.3,93.3,Yes,0.9093,Alto,93.3
8878-HMWBV,1,0,0,0,3,0-12 meses,Month-to-month,Electronic check,DSL,49.15,169.05,Yes,0.7652,Alto,49.15
8265-HKSOW,0,0,1,1,72,49-72 meses,Two year,Credit card (automatic),Fiber optic,107.45,7658.3,No,0.118,Bajo,0.0
3544-FBCAS,0,0,1,1,72,49-72 meses,Two year,Credit card (automatic),DSL,83.6,5959.3,No,0.0608,Bajo,0.0
5331-RGMTT,1,1,1,0,54,49-72 meses,Month-to-month,Credit card (automatic),Fiber optic,99.05,5295.7,No,0.5828,Medio,0.0
4759-PXTAN,0,0,1,0,59,49-72 meses,One year,Electronic check,DSL,80.1,4693.2,No,0.2799,Bajo,0.0
7054-DMVAS,1,0,0,0,54,49-72 meses,Two year,Bank transfer (automatic),DSL,65.3,3512.9,No,0.0835,Bajo,0.0
3428-MMGUB,1,0,0,0,60,49-72 meses,Two year,Electronic check,Fiber optic,89.55,5231.2,No,0.3575,Medio,0.0
6549-BTYPG,0,0,1,0,60,49-72 meses,Two year,Credit card (automatic),DSL,60.8,3603.45,No,0.0476,Bajo,0.0
7823-JSOAG,1,0,0,0,3,0-12 meses,Month-to-month,Electronic check,Fiber optic,74.5,217.45,No,0.8058,Alto,74.5
3705-RHRFR,0,0,1,0,69,49-72 meses,Two year,Bank transfer (automatic),Fiber optic,99.15,6875.35,No,0.2309,Bajo,0.0
9374-YOLBJ,0,0,1,1,1,0-12 meses,Month-to-month,Electronic check,No,19.25,19.25,No,0.4319,Medio,0.0
9074-KGVOX,1,0,1,1,50,49-72 meses,Month-to-month,Credit card (automatic),DSL,39.45,2021.35,No,0.2571,Bajo,0.0
6128-DAFVY,0,0,0,0,56,49-72 meses,Month-to-month,Credit card (automatic),DSL,44.85,2564.95,No,0.3731,Medio,0.0
9933-QRGTX,0,0,1,0,60,49-72 meses,Two year,Electronic check,Fiber optic,97.2,5611.75,No,0.2562,Bajo,0.0
4476-OSWTN,1,1,1,0,69,49-72 meses,One year,Mailed check,Fiber optic,110.55,7610.1,No,0.3533,Medio,0.0
3751-KTZEL,0,0,0,0,1,0-12 meses,Month-to-month,Mailed check,DSL,35.05,35.05,Yes,0.7179,Alto,35.05
1977-STDKI,0,1,0,0,1,0-12 meses,Month-to-month,Electronic check,Fiber optic,73.0,73.0,Yes,0.8846,Alto,73.0
5066-GFJMM,0,0,1,0,3,0-12 meses,Month-to-month,Mailed check,No,19.9,45.75,No,0.2904,Bajo,0.0
2661-GKBTK,1,0,1,1,60,49-72 meses,Two year,Bank transfer (automatic),DSL,76.95,4543.95,No,0.0717,Bajo,0.0
0458-HEUZG,0,0,0,0,13,13-24 meses,Two year,Mailed check,DSL,35.4,450.4,No,0.2454,Bajo,0.0
7268-WNTCP,1,0,1,1,62,49-72 meses,Two year,Bank transfer (automatic),No,20.45,1297.35,No,0.0169,Bajo,0.0
0824-VWDPO,0,0,0,0,45,25-48 meses,One year,Bank transfer (automatic),Fiber optic,96.75,4442.75,No,0.3277,Medio,0.0
8409-WQJUX,0,0,0,0,25,25-48 meses,One year,Electronic check,DSL,54.2,1423.15,No,0.2595,Bajo,0.0
2578-JQPHZ,1,0,0,0,44,25-48 meses,Two year,Bank transfer (automatic),Fiber optic,100.1,4378.35,No,0.2529,Bajo,0.0
3278-FSIXX,0,0,0,0,2,0-12 meses,Month-to-month,Mailed check,DSL,45.25,74.2,No,0.7417,Alto,45.25
5813-UECBU,1,1,0,0,33,25-48 meses,Month-to-month,Credit card (automatic),Fiber optic,83.85,2716.3,Yes,0.5859,Medio,0.0
0328-GRPMV,0,0,0,0,1,0-12 meses,Month-to-month,Electronic check,Fiber optic,70.1,70.1,Yes,0.892,Alto,70.1
9746-UGFAC,0,0,0,0,22,13-24 meses,One year,Bank transfer (automatic),No,20.85,450.65,No,0.1085,Bajo,0.0
2946-KIQSP,0,0,0,0,35,25-48 meses,Month-to-month,Mailed check,DSL,33.45,1175.85,No,0.3352,Medio,0.0
0625-AFOHS,0,0,1,1,29,25-48 meses,Two year,Mailed check,No,20.2,558.8,No,0.0303,Bajo,0.0
6726-WEXXK,1,1,1,0,27,25-48 meses,One year,Electronic check,Fiber optic,85.9,2220.1,No,0.5224,Medio,0.0
4636-OLWOE,1,0,0,1,54,49-72 meses,One year,Electronic check,DSL,61.0,3283.05,No,0.1983,Bajo,0.0
4342-HENTK,0,1,0,0,2,0-12 meses,Month-to-month,Electronic check,Fiber optic,70.65,142.35,Yes,0.8359,Alto,70.65
4685-ERGHK,1,0,0,0,57,49-72 meses,One year,Electronic check,Fiber optic,86.9,4939.25,No,0.4715,Medio,0.0
0885-HMGPY,1,0,0,0,62,49-72 meses,Two year,Bank transfer (automatic),DSL,69.4,4237.5,No,0.0472,Bajo,0.0
5003-OKNNK,0,0,1,1,15,13-24 meses,One year,Credit card (automatic),No,20.35,335.95,No,0.1409,Bajo,0.0
4195-SMMNX,1,0,0,0,2,0-12 meses,Month-to-month,Mailed check,No,20.35,33.2,Yes,0.3086,Medio,0.0
7208-PSIHR,0,0,1,0,70,49-72 meses,Two year,Bank transfer (automatic),Fiber optic,104.3,7188.5,No,0.2869,Bajo,0.0
4012-ZTHBR,0,0,1,1,21,13-24 meses,Month-to-month,Electronic check,DSL,44.95,926.25,No,0.493,Medio,0.0
0489-WMEMG,0,0,0,1,23,13-24 meses,One year,Electronic check,DSL,49.45,1119.35,No,0.3334,Medio,0.0
7435-ZNUYY,1,0,0,0,6,0-12 meses,One year,Mailed check,No,20.6,116.6,No,0.1446,Bajo,0.0
1354-YZFNB,1,0,1,1,4,0-12 meses,Two year,Credit card (automatic),No,19.55,68.8,No,0.1021,Bajo,0.0
6956-SMUCM,0,0,0,0,3,0-12 meses,Month-to-month,Credit card (automatic),Fiber optic,99.0,287.4,Yes,0.7906,Alto,99.0
2985-FMWYF,0,0,0,0,23,13-24 meses,Month-to-month,Electronic check,Fiber optic,93.5,2341.55,No,0.7592,Alto,93.5
2812-ENYMO,1,0,0,0,26,25-48 meses,One year,Credit card (automatic),DSL,54.55,1362.85,No,0.1858,Bajo,0.0
2717-HVIZY,0,0,0,1,8,0-12 meses,Month-to-month,Mailed check,No,20.05,163.6,No,0.2157,Bajo,0.0
3223-WZWJM,1,0,0,0,26,25-48 meses,Month-to-month,Electronic check,Fiber optic,83.95,2254.2,Yes,0.7439,Alto,83.95
3422-GALYP,1,0,0,0,2,0-12 meses,Month-to-month,Electronic check,Fiber optic,79.45,145.15,No,0.8659,Alto,79.45
9053-JZFKV,1,0,0,0,67,49-72 meses,Two year,Credit card (automatic),Fiber optic,116.2,7752.3,Yes,0.2411,Bajo,0.0
2530-ENDWQ,0,0,1,0,71,49-72 meses,Two year,Bank transfer (automatic),Fiber optic,93.7,6585.35,Yes,0.3083,Medio,0.0
2890-WFBHU,0,0,0,0,59,49-72 meses,One year,Credit card (automatic),DSL,79.85,4786.1,No,0.2156,Bajo,0.0
0327-WFZSY,1,0,1,1,39,25-48 meses,One year,Electronic check,Fiber optic,100.0,3835.55,No,0.5095,Medio,0.0
7977-HXJKU,1,0,0,1,21,13-24 meses,Two year,Mailed check,No,19.6,397.0,No,0.0615,Bajo,0.0
6615-ZGEDR,1,0,0,0,1,0-12 meses,Month-to-month,Mailed check,No,19.7,19.7,Yes,0.5277,Medio,0.0
7033-CLAMM,0,0,1,1,48,25-48 meses,Two year,Bank transfer (automatic),No,20.2,1027.25,No,0.0301,Bajo,0.0
4023-RTIQM,0,1,1,0,31,25-48 meses,One year,Credit card (automatic),DSL,50.4,1580.1,No,0.315,Medio,0.0
0864-FVJNJ,0,0,1,1,64,49-72 meses,One year,Electronic check,Fiber optic,113.35,7222.75,No,0.306,Medio,0.0
7356-IWLFW,1,0,1,1,46,25-48 meses,Month-to-month,Bank transfer (automatic),Fiber optic,80.0,3769.7,No,0.4935,Medio,0.0
9541-PWTWO,0,0,0,0,52,49-72 meses,Two year,Bank transfer (automatic),DSL,80.95,4233.95,No,0.1018,Bajo,0.0
3967-VQOGC,0,0,1,1,67,49-72 meses,Two year,Mailed check,No,24.9,1680.25,No,0.0398,Bajo,0.0
7872-RDDLZ,0,1,0,0,67,49-72 meses,Month-to-month,Electronic check,DSL,54.9,3725.5,No,0.3544,Medio,0.0
9250-WYPLL,0,0,0,0,5,0-12 meses,Month-to-month,Electronic check,Fiber optic,75.55,413.65,Yes,0.8159,Alto,75.55
6308-CQRBU,0,0,1,0,71,49-72 meses,Two year,Electronic check,Fiber optic,109.25,7707.7,No,0.27,Bajo,0.0
2754-XBHTB,0,0,0,0,9,0-12 meses,Month-to-month,Bank transfer (automatic),Fiber optic,77.65,714.15,Yes,0.7903,Alto,77.65
1597-LHYNC,0,1,0,0,26,25-48 meses,Month-to-month,Electronic check,Fiber optic,95.0,2497.2,Yes,0.6939,Alto,95.0
0186-CAERR,1,0,0,0,71,49-72 meses,One year,Bank transfer (automatic),Fiber optic,116.3,8309.55,No,0.3228,Medio,0.0
3043-SUDUA,0,0,0,0,32,25-48 meses,Month-to-month,Bank transfer (automatic),No,19.9,601.55,No,0.1447,Bajo,0.0
5442-BHQNG,0,0,0,0,2,0-12 meses,Month-to-month,Electronic check,Fiber optic,70.35,139.25,No,0.8102,Alto,70.35
2169-RRLFW,0,0,1,0,71,49-72 meses,Two year,Credit card (automatic),No,25.6,1888.25,No,0.0327,Bajo,0.0
5872-OEQNH,0,0,0,0,60,49-72 meses,One year,Electronic check,DSL,44.45,2773.9,No,0.2678,Bajo,0.0
3162-KKZXO,0,1,0,0,55,49-72 meses,One year,Electronic check,Fiber optic,100.15,5409.75,No,0.555,Medio,0.0
7055-VKGDA,1,0,0,0,54,49-72 meses,One year,Credit card (automatic),Fiber optic,105.4,5643.4,Yes,0.438,Medio,0.0
0754-UKWQP,1,0,0,0,2,0-12 meses,Month-to-month,Electronic check,Fiber optic,95.85,197.7,Yes,0.8747,Alto,95.85
8873-GLDMH,0,0,0,0,6,0-12 meses,Month-to-month,Mailed check,Fiber optic,73.85,401.3,No,0.838,Alto,73.85
5696-JVVQY,0,0,1,1,48,25-48 meses,Two year,Credit card (automatic),DSL,70.1,3238.4,No,0.0786,Bajo,0.0
8946-BFWSG,1,0,1,1,63,49-72 meses,Two year,Mailed check,No,25.25,1573.05,No,0.0196,Bajo,0.0
7493-TPUWZ,1,0,0,0,1,0-12 meses,Month-to-month,Electronic check,Fiber optic,79.15,79.15,Yes,0.9018,Alto,79.15
0547-HURJB,1,0,0,1,12,0-12 meses,Month-to-month,Credit card (automatic),No,21.05,235.8,No,0.1865,Bajo,0.0
8904-OPDCK,1,1,1,0,54,49-72 meses,Month-to-month,Bank transfer (automatic),DSL,24.95,1364.75,No,0.3937,Medio,0.0
8845-LWKGE,0,0,1,1,30,25-48 meses,One year,Electronic check,DSL,64.5,1985.15,No,0.2545,Bajo,0.0
1577-HKTFG,0,0,1,0,30,25-48 meses,Month-to-month,Bank transfer (automatic),No,19.65,655.85,Yes,0.1639,Bajo,0.0
8752-STIVR,0,0,0,0,4,0-12 meses,Month-to-month,Electronic check,Fiber optic,79.0,303.15,Yes,0.8604,Alto,79.0
0691-NIKRI,0,0,0,0,40,25-48 meses,One year,Credit card (automatic),Fiber optic,105.95,4335.2,No,0.4452,Medio,0.0
5022-JNQEQ,0,0,1,1,9,0-12 meses,Month-to-month,Electronic check,Fiber optic,75.85,647.5,No,0.7595,Alto,75.85
4558-FANTW,0,0,1,1,17,13-24 meses,Month-to-month,Electronic check,Fiber optic,91.85,1574.45,Yes,0.5889,Medio,0.0
3249-VHRIP,0,0,0,0,62,49-72 meses,Two year,Credit card (automatic),DSL,43.6,2748.7,No,0.1651,Bajo,0.0
3736-BLEPA,1,0,0,0,28,25-48 meses,One year,Bank transfer (automatic),Fiber optic,91.25,2483.65,No,0.3927,Medio,0.0
4701-LKOZD,0,0,0,0,70,49-72 meses,Two year,Credit card (automatic),DSL,89.75,6367.2,No,0.0506,Bajo,0.0
6603-QWSPR,0,0,0,0,46,25-48 meses,Two year,Bank transfer (automatic),Fiber optic,104.4,4904.2,No,0.286,Bajo,0.0
9921-QFQUL,0,0,1,0,23,13-24 meses,Month-to-month,Mailed check,Fiber optic,90.15,2044.95,No,0.5696,Medio,0.0
1929-ZCBHE,1,0,1,1,47,25-48 meses,One year,Electronic check,DSL,40.3,1794.8,No,0.1942,Bajo,0.0
4378-MYPGO,1,0,1,1,68,49-72 meses,Two year,Bank transfer (automatic),Fiber optic,105.25,7173.15,No,0.2173,Bajo,0.0
8651-ENBZX,0,1,0,0,60,49-72 meses,One year,Electronic check,Fiber optic,106.0,6441.4,Yes,0.5359,Medio,0.0
4129-LYCOI,0,0,0,1,67,49-72 meses,Two year,Electronic check,Fiber optic,104.0,7039.05,No,0.2873,Bajo,0.0
7798-JVXYM,0,0,0,0,14,13-24 meses,Month-to-month,Electronic check,DSL,69.65,921.4,No,0.5376,Medio,0.0
8647-SDTWQ,1,0,1,1,57,49-72 meses,Month-to-month,Electronic check,Fiber optic,74.3,4018.35,No,0.5817,Medio,0.0
2696-ECXKC,0,0,1,1,55,49-72 meses,One year,Mailed check,Fiber optic,100.9,5448.6,No,0.3655,Medio,0.0
2081-KJSQF,1,0,0,0,1,0-12 meses,Month-to-month,Mailed check,No,20.25,20.25,No,0.5741,Medio,0.0
7623-TRNQN,1,0,0,1,1,0-12 meses,Month-to-month,Mailed check,DSL,49.9,49.9,Yes,0.6554,Alto,49.9
3323-CPBWR,1,0,0,0,23,13-24 meses,Month-to-month,Credit card (automatic),Fiber optic,96.9,2085.45,No,0.5407,Medio,0.0
9330-IJWIO,0,0,0,0,13,13-24 meses,Month-to-month,Electronic check,Fiber optic,100.35,1358.85,Yes,0.8203,Alto,100.35
3384-CTMSF,1,0,1,0,47,25-48 meses,Month-to-month,Electronic check,Fiber optic,104.1,5135.15,No,0.6715,Alto,104.1
0902-RFHOF,1,0,0,0,38,25-48 meses,One year,Mailed check,No,20.1,730.1,No,0.0557,Bajo,0.0
9286-DOJGF,0,1,1,0,38,25-48 meses,Month-to-month,Bank transfer (automatic),Fiber optic,74.95,2869.85,Yes,0.6043,Alto,74.95
6048-QBXKL,0,1,0,0,2,0-12 meses,Month-to-month,Credit card (automatic),DSL,56.55,118.25,No,0.6499,Alto,56.55
9661-MHUMO,1,1,1,1,1,0-12 meses,Month-to-month,Credit card (automatic),DSL,49.25,49.25,Yes,0.6479,Alto,49.25
7718-RXDGG,1,0,1,0,15,13-24 meses,Month-to-month,Bank transfer (automatic),Fiber optic,68.6,1108.6,No,0.6374,Alto,68.6
1025-FALIX,0,0,0,0,26,25-48 meses,Month-to-month,Credit card (automatic),Fiber optic,69.05,1815.65,No,0.5202,Medio,0.0
3451-VAWLI,0,0,1,1,35,25-48 meses,Two year,Credit card (automatic),No,19.7,730.4,No,0.0221,Bajo,0.0
3407-QGWLG,1,0,0,1,3,0-12 meses,Month-to-month,Mailed check,No,20.05,75.45,No,0.2339,Bajo,0.0
1842-EZJMK,1,0,1,1,50,49-72 meses,Month-to-month,Electronic check,Fiber optic,103.7,5071.05,Yes,0.5283,Medio,0.0
2347-WKKAE,1,0,1,0,42,25-48 meses,Month-to-month,Electronic check,Fiber optic,94.4,4014.6,No,0.6253,Alto,94.4
8735-DCXNF,1,0,1,0,10,0-12 meses,Month-to-month,Credit card (automatic),DSL,54.95,568.85,No,0.3932,Medio,0.0
3214-IYUUQ,0,0,1,0,61,49-72 meses,One year,Bank transfer (automatic),Fiber optic,93.7,5860.7,No,0.2442,Bajo,0.0
1936-UAFEH,0,0,0,0,68,49-72 meses,Two year,Credit card (automatic),Fiber optic,110.25,7279.35,No,0.2034,Bajo,0.0
3587-PMCOY,1,0,0,0,10,0-12 meses,One year,Electronic check,Fiber optic,98.9,1064.95,No,0.7065,Alto,98.9
8079-XRJRS,1,0,1,0,65,49-72 meses,One year,Electronic check,Fiber optic,89.75,5769.6,Yes,0.3354,Medio,0.0
1027-LKKQQ,0,0,1,1,72,49-72 meses,Two year,Bank transfer (automatic),DSL,80.45,5886.85,No,0.0454,Bajo,0.0
7148-XZPHA,1,0,1,1,55,49-72 meses,Month-to-month,Electronic check,Fiber optic,79.4,4238.45,No,0.4154,Medio,0.0
8073-IJDCM,0,0,0,0,1,0-12 meses,Month-to-month,Mailed check,No,20.3,20.3,Yes,0.5911,Medio,0.0
5309-TAIKL,0,0,0,0,7,0-12 meses,Month-to-month,Bank transfer (automatic),DSL,62.8,418.3,No,0.4522,Medio,0.0
6856-RAURS,0,0,0,0,2,0-12 meses,Month-to-month,Mailed check,Fiber optic,74.9,136.05,No,0.8582,Alto,74.9
8778-LMWTJ,0,0,0,0,9,0-12 meses,Month-to-month,Electronic check,Fiber optic,74.85,708.2,No,0.7384,Alto,74.85
9717-IOAAF,1,0,0,1,27,25-48 meses,Two year,Credit card (automatic),No,25.85,788.55,No,0.0723,Bajo,0.0
8884-ADFVN,1,1,1,0,7,0-12 meses,Month-to-month,Electronic check,Fiber optic,101.95,700.85,Yes,0.8978,Alto,101.95
2845-KDHVX,0,0,1,0,64,49-72 meses,Two year,Mailed check,DSL,68.3,4378.8,No,0.0711,Bajo,0.0
0848-SOMKO,1,0,0,0,70,49-72 meses,Two year,Bank transfer (automatic),DSL,48.4,3442.8,No,0.0691,Bajo,0.0
2720-WGKHP,1,1,0,0,2,0-12 meses,Month-to-month,Electronic check,Fiber optic,94.0,181.7,Yes,0.918,Alto,94.0
6734-FQAJX,1,1,0,0,67,49-72 meses,Two year,Electronic check,Fiber optic,105.05,7171.7,No,0.2374,Bajo,0.0
2869-ADAWR,0,0,0,0,45,25-48 meses,Month-to-month,Credit card (automatic),Fiber optic,89.3,4016.85,Yes,0.5341,Medio,0.0
1535-VTJOQ,0,0,0,0,24,13-24 meses,Two year,Credit card (automatic),No,25.15,553.0,No,0.1142,Bajo,0.0
6368-TZZDT,1,0,1,1,4,0-12 meses,Two year,Credit card (automatic),No,19.5,96.85,No,0.0961,Bajo,0.0
0943-ZQPXH,1,0,1,1,44,25-48 meses,Month-to-month,Bank transfer (automatic),Fiber optic,92.95,4122.9,No,0.5251,Medio,0.0
1293-BSEUN,0,0,1,1,72,49-72 meses,Two year,Mailed check,No,20.7,1482.3,No,0.0303,Bajo,0.0
9894-EZEWG,0,0,0,0,1,0-12 meses,Month-to-month,Credit card (automatic),Fiber optic,74.3,74.3,Yes,0.8481,Alto,74.3
1302-TPUBN,1,0,0,0,66,49-72 meses,Two year,Bank transfer (automatic),No,19.35,1240.8,No,0.0675,Bajo,0.0
7851-FLGGQ,1,0,0,0,1,0-12 meses,Month-to-month,Mailed check,DSL,44.65,44.65,Yes,0.6715,Alto,44.65
0637-UBJRP,1,0,1,1,13,13-24 meses,Month-to-month,Electronic check,Fiber optic,84.05,1095.3,Yes,0.6687,Alto,84.05
0940-OUQEC,1,0,0,0,10,0-12 meses,Month-to-month,Bank transfer (automatic),Fiber optic,80.7,788.8,Yes,0.8045,Alto,80.7
2378-VTKDH,1,1,1,0,65,49-72 meses,Month-to-month,Electronic check,Fiber optic,104.35,6578.55,No,0.6116,Alto,104.35
0927-CNGRH,1,0,0,1,1,0-12 meses,Month-to-month,Mailed check,No,19.55,19.55,No,0.4906,Medio,0.0
8608-OZTLB,1,0,1,1,38,25-48 meses,One year,Electronic check,DSL,74.05,2802.3,No,0.2385,Bajo,0.0
2335-GSODA,1,0,0,1,23,13-24 meses,Two year,Mailed check,DSL,40.1,857.75,No,0.1228,Bajo,0.0
1952-DVVSW,0,0,1,0,10,0-12 meses,One year,Mailed check,No,20.1,184.4,No,0.1543,Bajo,0.0
0702-PGIBZ,1,0,0,1,4,0-12 meses,Month-to-month,Electronic check,Fiber optic,101.7,364.55,Yes,0.8803,Alto,101.7
6656-GULJQ,1,0,1,1,72,49-72 meses,Two year,Credit card (automatic),DSL,83.55,6093.3,No,0.0505,Bajo,0.0
9853-JFZDU,0,0,1,0,35,25-48 meses,Month-to-month,Electronic check,DSL,56.85,1861.1,No,0.3173,Medio,0.0
1963-VAUKV,0,0,0,0,1,0-12 meses,Month-to-month,Mailed check,No,20.4,20.4,Yes,0.5467,Medio,0.0
3777-XROBG,0,0,1,1,58,49-72 meses,Two year,Credit card (automatic),No,19.55,1079.65,No,0.038,Bajo,0.0
6994-FGRHH,1,0,1,1,70,49-72 meses,One year,Electronic check,Fiber optic,106.15,7475.1,No,0.399,Medio,0.0
4000-VGMQP,1,0,1,1,38,25-48 meses,One year,Credit card (automatic),DSL,78.95,2862.55,No,0.2654,Bajo,0.0
3999-WRNGR,0,0,1,1,60,49-72 meses,Month-to-month,Electronic check,DSL,49.75,3069.45,No,0.4023,Medio,0.0
3466-RITXD,1,0,0,0,26,25-48 meses,Month-to-month,Credit card (automatic),Fiber optic,92.4,2349.8,No,0.5453,Medio,0.0
2680-XKKNJ,0,0,0,0,8,0-12 meses,One year,Bank transfer (automatic),DSL,58.2,469.25,No,0.3322,Medio,0.0
3058-HJCUY,1,0,1,1,41,25-48 meses,One year,Electronic check,Fiber optic,102.6,4213.35,Yes,0.5566,Medio,0.0
2974-GGUXS,0,1,1,0,36,25-48 meses,Month-to-month,Credit card (automatic),Fiber optic,91.95,3301.05,No,0.5897,Medio,0.0
7994-XIRTR,1,1,0,0,54,49-72 meses,One year,Bank transfer (automatic),DSL,65.25,3529.95,No,0.21,Bajo,0.0
3259-FDWOY,1,0,1,1,71,49-72 meses,Two year,Bank transfer (automatic),Fiber optic,106.0,7723.7,Yes,0.3517,Medio,0.0
2101-RANCD,0,0,0,0,55,49-72 meses,Month-to-month,Electronic check,Fiber optic,73.1,4144.9,No,0.5963,Medio,0.0
7921-BEPCI,0,0,0,0,72,49-72 meses,Two year,Bank transfer (automatic),DSL,59.75,4265.0,No,0.0651,Bajo,0.0
0807-ZABDG,0,0,0,1,3,0-12 meses,Month-to-month,Mailed check,DSL,55.1,154.65,Yes,0.5392,Medio,0.0
8510-TMWYB,0,0,1,1,54,49-72 meses,Two year,Bank transfer (automatic),DSL,59.8,3246.45,No,0.1176,Bajo,0.0
3258-ZKPAI,1,0,1,1,72,49-72 meses,Two year,Bank transfer (automatic),Fiber optic,116.6,8337.45,No,0.1044,Bajo,0.0
1428-IEDPR,1,0,0,0,52,49-72 meses,Two year,Electronic check,Fiber optic,109.3,5731.4,No,0.3982,Medio,0.0
5298-GSTLM,0,1,0,0,60,49-72 meses,One year,Bank transfer (automatic),Fiber optic,101.4,6176.6,No,0.4122,Medio,0.0
4450-YOOHP,0,0,0,0,39,25-48 meses,Month-to-month,Credit card (automatic),DSL,50.65,1905.4,No,0.4027,Medio,0.0
6728-CZFEI,0,0,0,0,15,13-24 meses,One year,Mailed check,DSL,56.15,931.9,No,0.3639,Medio,0.0
5748-RNCJT,1,0,0,0,69,49-72 meses,Two year,Bank transfer (automatic),Fiber optic,106.5,7348.8,Yes,0.3808,Medio,0.0
3653-NCRDJ,1,0,1,1,43,25-48 meses,One year,Mailed check,No,19.2,776.25,No,0.0598,Bajo,0.0
6121-TNHBO,0,1,0,0,63,49-72 meses,One year,Bank transfer (automatic),DSL,83.0,5243.05,No,0.2003,Bajo,0.0
5119-NZPTV,1,1,1,0,2,0-12 meses,Month-to-month,Electronic check,Fiber optic,70.1,141.65,No,0.7776,Alto,70.1
6519-ZHPXP,0,0,1,1,72,49-72 meses,Two year,Bank transfer (automatic),Fiber optic,108.3,7679.65,No,0.1481,Bajo,0.0
7739-LAXOG,0,0,1,1,32,25-48 meses,Month-to-month,Bank transfer (automatic),Fiber optic,91.05,2954.5,Yes,0.5893,Medio,0.0
3472-QPRCH,1,0,1,1,40,25-48 meses,Two year,Credit card (automatic),No,25.25,1006.9,No,0.0458,Bajo,0.0
8224-UAXBZ,0,0,1,0,58,49-72 meses,One year,Electronic check,DSL,45.35,2540.1,No,0.295,Bajo,0.0
9610-WCESF,1,0,0,0,67,49-72 meses,Two year,Electronic check,DSL,43.9,3097.2,No,0.1563,Bajo,0.0
9776-CLUJA,0,1,1,0,51,49-72 meses,Month-to-month,Electronic check,Fiber optic,77.5,3807.35,Yes,0.6029,Alto,77.5
2486-WYVVE,1,0,1,0,31,25-48 meses,One year,Mailed check,DSL,79.3,2484.0,No,0.2997,Bajo,0.0
3865-ZYKAD,1,1,1,0,69,49-72 meses,Month-to-month,Credit card (automatic),Fiber optic,84.9,5785.65,No,0.36,Medio,0.0
1422-DGUBX,1,0,1,0,32,25-48 meses,One year,Electronic check,Fiber optic,79.25,2619.15,No,0.4735,Medio,0.0
2999-AANRQ,0,0,0,0,21,13-24 meses,Two year,Credit card (automatic),DSL,71.05,1524.85,No,0.1635,Bajo,0.0
8668-KNZTI,1,0,0,0,52,49-72 meses,One year,Electronic check,DSL,53.75,2790.65,No,0.2188,Bajo,0.0
0480-KYJVA,0,0,1,1,72,49-72 meses,Two year,Credit card (automatic),No,24.25,1784.5,No,0.0149,Bajo,0.0
6034-ZRYCV,0,0,1,0,72,49-72 meses,Two year,Electronic check,DSL,54.2,3937.45,Yes,0.2811,Bajo,0.0
9746-YKGXB,1,0,1,1,52,49-72 meses,One year,Bank transfer (automatic),DSL,44.25,2276.1,No,0.1884,Bajo,0.0
3926-YZVVX,0,0,0,0,41,25-48 meses,One year,Bank transfer (automatic),DSL,50.05,2029.05,No,0.2207,Bajo,0.0
6000-UKLWI,1,0,0,0,41,25-48 meses,Two year,Mailed check,No,20.15,802.35,No,0.0438,Bajo,0.0
2079-FBMZK,0,0,0,0,6,0-12 meses,Month-to-month,Mailed check,Fiber optic,69.25,418.4,Yes,0.7928,Alto,69.25
6332-FBZRI,1,0,1,1,67,49-72 meses,One year,Credit card (automatic),DSL,69.35,4653.25,No,0.1455,Bajo,0.0
2096-XOTMO,0,0,1,1,16,13-24 meses,Month-to-month,Mailed check,No,19.35,275.9,No,0.1531,Bajo,0.0
3266-FTKHB,1,0,0,0,17,13-24 meses,Two year,Mailed check,No,19.15,343.45,No,0.0859,Bajo,0.0
8221-EQDGL,1,0,1,0,35,25-48 meses,Month-to-month,Mailed check,DSL,61.0,2130.45,No,0.2449,Bajo,0.0
2346-LOCWC,0,0,1,1,58,49-72 meses,Two year,Credit card (automatic),No,20.5,1191.4,No,0.0258,Bajo,0.0
6608-QQLVK,1,0,0,0,1,0-12 meses,Month-to-month,Electronic check,DSL,50.5,50.5,Yes,0.778,Alto,50.5
0298-XACET,1,0,1,1,52,49-72 meses,Two year,Mailed check,DSL,50.2,2554.0,No,0.0814,Bajo,0.0
7560-QJAVJ,0,0,0,0,70,49-72 meses,Two year,Bank transfer (automatic),DSL,79.6,5589.45,No,0.0647,Bajo,0.0
2995-YWTCD,0,0,1,1,19,13-24 meses,Two year,Bank transfer (automatic),No,24.9,467.7,No,0.0927,Bajo,0.0
3551-HUAZH,1,1,0,0,1,0-12 meses,Month-to-month,Electronic check,Fiber optic,74.4,74.4,Yes,0.9047,Alto,74.4
9137-UIYPG,0,0,1,1,35,25-48 meses,Month-to-month,Electronic check,Fiber optic,106.9,3756.45,No,0.5474,Medio,0.0
2809-ZMYOQ,0,0,0,0,32,25-48 meses,Month-to-month,Electronic check,Fiber optic,101.35,3334.9,No,0.7179,Alto,101.35
5084-OOVCJ,0,0,1,1,17,13-24 meses,Month-to-month,Credit card (automatic),DSL,55.35,920.5,No,0.3444,Medio,0.0
0254-WWRKD,0,0,1,1,67,49-72 meses,One year,Credit card (automatic),DSL,50.55,3431.75,No,0.1867,Bajo,0.0
7727-SHVZV,0,0,0,0,9,0-12 meses,Month-to-month,Bank transfer (automatic),No,19.5,150.35,No,0.255,Bajo,0.0
6302-JGYRJ,1,0,0,1,31,25-48 meses,One year,Mailed check,DSL,79.45,2587.7,Yes,0.3317,Medio,0.0
5339-PXDVH,1,0,0,0,4,0-12 meses,Month-to-month,Electronic check,Fiber optic,90.65,367.95,No,0.7464,Alto,90.65
2205-LPVGL,1,1,1,1,58,49-72 meses,One year,Bank transfer (automatic),Fiber optic,89.85,5125.75,No,0.2657,Bajo,0.0
8782-NUUOL,1,0,0,0,60,49-72 meses,One year,Mailed check,DSL,79.0,4801.1,No,0.1902,Bajo,0.0
3685-YLCMQ,1,0,0,0,58,49-72 meses,One year,Electronic check,Fiber optic,104.65,6219.6,Yes,0.5701,Medio,0.0
7601-WFVZV,1,0,0,0,1,0-12 meses,Month-to-month,Mailed check,No,19.55,19.55,No,0.5169,Medio,0.0
4609-KNNWG,0,0,1,1,27,25-48 meses,Two year,Mailed check,No,19.9,550.1,No,0.0307,Bajo,0.0
4868-AADLV,1,1,1,1,66,49-72 meses,One year,Electronic check,Fiber optic,116.25,7862.25,No,0.3295,Medio,0.0
9529-OFXHY,1,0,0,0,15,13-24 meses,Month-to-month,Bank transfer (automatic),Fiber optic,87.75,1242.2,No,0.6525,Alto,87.75
8634-MPHTR,1,1,1,0,47,25-48 meses,Month-to-month,Electronic check,Fiber optic,100.05,4871.05,Yes,0.7155,Alto,100.05
2669-QVCRG,0,0,0,0,41,25-48 meses,Month-to-month,Credit card (automatic),Fiber optic,81.3,3190.65,No,0.5015,Medio,0.0
2478-EEWWM,1,0,1,0,59,49-72 meses,Month-to-month,Electronic check,DSL,44.3,2666.75,No,0.4696,Medio,0.0
9174-IHETN,0,0,0,1,50,49-72 meses,Two year,Credit card (automatic),Fiber optic,70.35,3533.6,No,0.2373,Bajo,0.0
2233-TXSIU,1,0,1,1,17,13-24 meses,One year,Credit card (automatic),DSL,44.45,792.15,No,0.3126,Medio,0.0
9644-UMGQA,1,0,1,1,6,0-12 meses,Month-to-month,Electronic check,DSL,49.15,295.65,No,0.6127,Alto,49.15
3256-EZDBI,1,1,1,0,51,49-72 meses,Month-to-month,Credit card (automatic),DSL,29.45,1459.35,No,0.4112,Medio,0.0
8761-NSOBC,1,0,0,0,44,25-48 meses,Month-to-month,Electronic check,Fiber optic,100.55,4398.15,Yes,0.5586,Medio,0.0
0419-YAAPX,1,0,1,0,49,49-72 meses,Month-to-month,Credit card (automatic),Fiber optic,85.3,4297.95,No,0.4881,Medio,0.0
8413-VONUO,1,0,0,0,2,0-12 meses,Month-to-month,Electronic check,Fiber optic,95.65,167.3,Yes,0.8156,Alto,95.65
0872-CASZJ,1,0,1,0,59,49-72 meses,One year,Mailed check,DSL,69.1,4096.9,No,0.1554,Bajo,0.0
4726-DLWQN,1,1,0,0,50,49-72 meses,Month-to-month,Bank transfer (automatic),DSL,70.35,3454.6,No,0.3037,Medio,0.0
8164-OCKUJ,0,0,1,1,59,49-72 meses,Two year,Mailed check,No,20.6,1286.0,No,0.0289,Bajo,0.0
3094-JOJAI,1,0,0,0,18,13-24 meses,Month-to-month,Mailed check,Fiber optic,74.15,1387.0,No,0.5532,Medio,0.0
9494-MRNYX,1,0,0,0,10,0-12 meses,Month-to-month,Electronic check,Fiber optic,75.05,786.3,No,0.7533,Alto,75.05
2599-CZABP,1,0,1,0,14,13-24 meses,One year,Electronic check,DSL,44.6,641.25,No,0.4454,Medio,0.0
7945-PRBVF,1,0,0,0,35,25-48 meses,Two year,Bank transfer (automatic),No,21.45,705.45,No,0.0544,Bajo,0.0
4544-RXFMG,1,0,1,1,8,0-12 meses,One year,Mailed check,DSL,43.45,345.5,No,0.4564,Medio,0.0
0859-YGKFW,1,0,1,1,18,13-24 meses,One year,Bank transfer (automatic),No,20.05,345.9,No,0.1215,Bajo,0.0
1150-FTQGN,0,0,1,1,60,49-72 meses,One year,Bank transfer (automatic),Fiber optic,94.15,5811.8,No,0.2528,Bajo,0.0
9223-UCPVT,0,0,0,0,1,0-12 meses,Month-to-month,Electronic check,Fiber optic,94.4,94.4,Yes,0.8765,Alto,94.4
7196-LIWRH,0,0,0,0,6,0-12 meses,Two year,Mailed check,No,19.55,124.45,No,0.1146,Bajo,0.0
5448-VWNAM,0,0,0,1,19,13-24 meses,Month-to-month,Mailed check,DSL,75.9,1375.6,No,0.2938,Bajo,0.0
1177-XZBJL,1,0,1,1,53,49-72 meses,One year,Bank transfer (automatic),DSL,64.15,3491.55,No,0.1175,Bajo,0.0
3518-FSTWG,1,1,1,0,72,49-72 meses,Two year,Bank transfer (automatic),Fiber optic,109.55,7920.7,No,0.1522,Bajo,0.0
9330-VOFSZ,0,0,1,0,60,49-72 meses,Two year,Credit card (automatic),Fiber optic,110.8,6640.7,No,0.2609,Bajo,0.0
4351-QLCSU,0,0,0,0,1,0-12 meses,Month-to-month,Credit card (automatic),DSL,55.0,55.0,Yes,0.7181,Alto,55.0
0939-EREMR,0,0,0,1,13,13-24 meses,Month-to-month,Mailed check,DSL,53.45,718.1,No,0.3723,Medio,0.0
9389-ACWBI,0,0,1,1,5,0-12 meses,Month-to-month,Credit card (automatic),Fiber optic,69.95,320.4,No,0.7286,Alto,69.95
5419-JPRRN,1,0,0,0,1,0-12 meses,Month-to-month,Electronic check,Fiber optic,101.45,101.45,Yes,0.9248,Alto,101.45
3644-QXEHN,1,0,1,1,13,13-24 meses,Month-to-month,Electronic check,Fiber optic,97.0,1334.45,No,0.7063,Alto,97.0
2911-IJORQ,1,0,0,0,37,25-48 meses,One year,Bank transfer (automatic),DSL,90.6,3358.65,No,0.2393,Bajo,0.0
5921-NGYRH,1,0,1,0,64,49-72 meses,Month-to-month,Mailed check,Fiber optic,73.55,4764.0,No,0.3482,Medio,0.0
2100-BDNSN,0,0,1,0,5,0-12 meses,Month-to-month,Bank transfer (automatic),DSL,67.95,350.3,Yes,0.5334,Medio,0.0
5998-DZLYR,0,0,1,0,61,49-72 meses,Two year,Bank transfer (automatic),Fiber optic,94.35,5703.0,No,0.2168,Bajo,0.0
0488-GSLFR,0,0,0,0,1,0-12 meses,Month-to-month,Electronic check,Fiber optic,69.5,69.5,Yes,0.8889,Alto,69.5
9318-NKNFC,1,0,0,0,1,0-12 meses,Month-to-month,Mailed check,No,18.85,18.85,Yes,0.5452,Medio,0.0
3985-HOYPM,1,0,0,0,26,25-48 meses,One year,Mailed check,No,19.4,525.55,No,0.0483,Bajo,0.0
9728-FTTVZ,0,0,0,0,1,0-12 meses,Month-to-month,Electronic check,Fiber optic,69.2,69.2,Yes,0.8839,Alto,69.2
9548-LERKT,1,0,1,0,24,13-24 meses,Two year,Mailed check,No,19.75,483.15,No,0.0378,Bajo,0.0
6576-FBXOJ,1,0,1,0,17,13-24 meses,One year,Electronic check,DSL,54.6,934.8,No,0.4045,Medio,0.0
4310-KEDTB,0,0,0,1,26,25-48 meses,Month-to-month,Mailed check,DSL,29.8,786.5,No,0.3977,Medio,0.0
7254-IQWOZ,1,0,0,0,1,0-12 meses,Month-to-month,Electronic check,Fiber optic,69.65,69.65,Yes,0.8915,Alto,69.65
2474-BRUCM,1,1,1,0,40,25-48 meses,Month-to-month,Electronic check,Fiber optic,101.85,4086.3,Yes,0.6464,Alto,101.85
4062-HBMOS,1,0,0,0,52,49-72 meses,Month-to-month,Electronic check,Fiber optic,103.05,5364.8,No,0.6532,Alto,103.05
0742-NXBGR,0,0,0,0,1,0-12 meses,Month-to-month,Electronic check,Fiber optic,82.3,82.3,Yes,0.8921,Alto,82.3
2676-ISHSF,1,0,0,0,1,0-12 meses,Month-to-month,Mailed check,No,20.3,20.3,No,0.5466,Medio,0.0
9236-NDUCW,0,0,0,0,21,13-24 meses,Two year,Mailed check,DSL,35.1,770.4,No,0.1942,Bajo,0.0
4753-PADAS,0,0,1,0,67,49-72 meses,One year,Bank transfer (automatic),Fiber optic,105.7,6816.95,No,0.4211,Medio,0.0
6103-QCKFX,0,0,1,1,44,25-48 meses,Month-to-month,Bank transfer (automatic),DSL,56.25,2419.55,No,0.207,Bajo,0.0
7781-EWARA,1,0,1,1,70,49-72 meses,One year,Electronic check,DSL,60.35,4138.7,No,0.2028,Bajo,0.0
6110-OHIHY,1,0,0,0,3,0-12 meses,Month-to-month,Electronic check,Fiber optic,79.25,267.6,Yes,0.8165,Alto,79.25
7018-FPXHH,1,0,1,1,56,49-72 meses,Two year,Bank transfer (automatic),DSL,59.8,3457.45,No,0.0582,Bajo,0.0
5889-LFOLL,0,0,0,0,13,13-24 meses,Month-to-month,Electronic check,Fiber optic,84.6,1115.2,Yes,0.8297,Alto,84.6
5708-EVONK,0,0,1,1,58,49-72 meses,Month-to-month,Bank transfer (automatic),Fiber optic,93.4,5435.6,Yes,0.3997,Medio,0.0
8708-XPXHZ,0,0,1,1,42,25-48 meses,Month-to-month,Electronic check,Fiber optic,94.2,4186.3,Yes,0.6704,Alto,94.2
0616-ATFGB,1,1,1,0,1,0-12 meses,Month-to-month,Electronic check,DSL,25.05,25.05,Yes,0.767,Alto,25.05
0572-ZJKLT,0,0,1,1,46,25-48 meses,Two year,Mailed check,Fiber optic,99.65,4630.2,No,0.2209,Bajo,0.0
5135-RDDQL,0,0,1,1,63,49-72 meses,Two year,Bank transfer (automatic),DSL,50.65,3221.25,No,0.0743,Bajo,0.0
1353-LJWEM,1,0,0,0,11,0-12 meses,Month-to-month,Electronic check,DSL,60.9,688.5,No,0.4618,Medio,0.0
1794-SWWKL,1,0,1,1,15,13-24 meses,Month-to-month,Bank transfer (automatic),DSL,59.65,867.1,No,0.373,Medio,0.0
6166-YIPFO,1,0,1,0,72,49-72 meses,Two year,Electronic check,DSL,64.7,4746.05,No,0.1093,Bajo,0.0
7016-BPGEU,0,0,0,0,29,25-48 meses,Month-to-month,Credit card (automatic),DSL,25.1,712.85,Yes,0.4285,Medio,0.0
6876-ADESB,1,0,0,1,1,0-12 meses,Month-to-month,Electronic check,DSL,48.95,48.95,Yes,0.7455,Alto,48.95
9332-GYWLO,0,0,1,1,6,0-12 meses,Month-to-month,Electronic check,DSL,54.85,355.1,No,0.5968,Medio,0.0
1963-SVUCV,1,0,0,0,1,0-12 meses,Month-to-month,Electronic check,DSL,45.3,45.3,Yes,0.7676,Alto,45.3
4184-VODJZ,1,0,1,1,63,49-72 meses,One year,Electronic check,Fiber optic,91.35,5764.7,No,0.4263,Medio,0.0
0220-EBGCE,1,0,0,0,2,0-12 meses,Month-to-month,Electronic check,Fiber optic,85.85,167.3,Yes,0.8613,Alto,85.85
1092-WPIVQ,0,0,1,1,18,13-24 meses,Two year,Mailed check,No,25.1,428.45,No,0.079,Bajo,0.0
7233-IOQNP,0,0,1,0,43,25-48 meses,Month-to-month,Bank transfer (automatic),DSL,34.0,1505.35,No,0.257,Bajo,0.0
2834-JKOOW,0,0,0,0,15,13-24 meses,One year,Mailed check,DSL,45.9,693.45,No,0.2768,Bajo,0.0
2754-VDLTR,1,0,0,1,10,0-12 meses,Month-to-month,Electronic check,Fiber optic,95.2,930.4,Yes,0.805,Alto,95.2
2400-FEQME,1,0,1,1,55,49-72 meses,Two year,Mailed check,No,20.5,1177.95,No,0.0312,Bajo,0.0
3190-XFANI,1,0,0,1,49,49-72 meses,One year,Bank transfer (automatic),Fiber optic,100.6,5069.65,Yes,0.4737,Medio,0.0
7551-DACSP,1,0,1,1,6,0-12 meses,Month-to-month,Mailed check,DSL,55.3,324.25,Yes,0.532,Medio,0.0
4957-SREEC,1,0,1,1,70,49-72 meses,Two year,Credit card (automatic),No,20.35,1458.1,No,0.0145,Bajo,0.0
7235-NXZCP,1,1,0,0,2,0-12 meses,Month-to-month,Mailed check,Fiber optic,74.85,156.4,Yes,0.8502,Alto,74.85
0230-UBYPQ,1,1,1,0,63,49-72 meses,One year,Bank transfer (automatic),DSL,36.1,2298.9,No,0.1895,Bajo,0.0
4923-ADWXJ,0,0,0,0,25,25-48 meses,Month-to-month,Bank transfer (automatic),DSL,65.8,1679.65,No,0.301,Medio,0.0
1763-KUAAW,0,1,0,0,18,13-24 meses,One year,Bank transfer (automatic),No,20.35,369.6,No,0.1517,Bajo,0.0
1104-TNLZA,1,1,1,0,28,25-48 meses,Month-to-month,Electronic check,Fiber optic,105.8,2998.0,No,0.6727,Alto,105.8
5195-KPUNQ,0,1,0,0,53,49-72 meses,One year,Mailed check,Fiber optic,96.75,5206.55,No,0.3688,Medio,0.0
0520-FDVVT,1,0,0,0,35,25-48 meses,One year,Bank transfer (automatic),Fiber optic,102.35,3626.1,Yes,0.5083,Medio,0.0
3439-GVUSX,1,0,0,0,1,0-12 meses,Month-to-month,Mailed check,DSL,24.4,24.4,No,0.714,Alto,24.4
1444-VVSGW,1,0,1,0,70,49-72 meses,One year,Credit card (automatic),Fiber optic,115.65,7968.85,Yes,0.2837,Bajo,0.0
5712-PTIWW,1,0,0,0,2,0-12 meses,Month-to-month,Electronic check,Fiber optic,79.85,152.45,Yes,0.8124,Alto,79.85
5949-HGVJL,0,0,1,0,26,25-48 meses,Month-to-month,Electronic check,DSL,73.05,1959.5,No,0.3602,Medio,0.0
5203-XEHAX,0,0,0,0,34,25-48 meses,One year,Electronic check,DSL,64.35,2053.05,No,0.2293,Bajo,0.0
1635-HDGFT,0,0,0,1,19,13-24 meses,Two year,Mailed check,No,20.5,398.55,No,0.0626,Bajo,0.0
3315-TOTBP,1,0,0,0,15,13-24 meses,Month-to-month,Mailed check,Fiber optic,76.0,1130.85,Yes,0.7043,Alto,76.0
8050-XGRVL,0,0,1,1,62,49-72 meses,One year,Credit card (automatic),DSL,54.75,3425.35,No,0.147,Bajo,0.0
6661-HBGWL,0,1,0,0,42,25-48 meses,Month-to-month,Bank transfer (automatic),Fiber optic,104.75,4323.45,Yes,0.6243,Alto,104.75
1518-VOWAV,0,0,0,0,9,0-12 meses,Month-to-month,Electronic check,DSL,74.65,703.55,Yes,0.6011,Alto,74.65
9828-QHFBK,1,0,0,0,24,13-24 meses,Month-to-month,Electronic check,DSL,51.15,1275.7,No,0.3656,Medio,0.0
3908-MKIMJ,1,1,1,0,68,49-72 meses,Two year,Electronic check,DSL,41.95,2965.75,No,0.2429,Bajo,0.0
5012-YSPJJ,1,0,1,1,31,25-48 meses,Month-to-month,Mailed check,DSL,54.35,1647.0,No,0.2394,Bajo,0.0
5909-ECHUI,0,0,0,0,1,0-12 meses,Month-to-month,Electronic check,DSL,56.25,56.25,Yes,0.7534,Alto,56.25
1309-BXVOQ,1,0,1,0,21,13-24 meses,Month-to-month,Electronic check,Fiber optic,106.1,2249.95,Yes,0.7468,Alto,106.1
6728-VOIFY,0,0,1,0,63,49-72 meses,One year,Electronic check,Fiber optic,96.0,6109.75,No,0.4682,Medio,0.0
9317-WZPGV,0,1,0,0,2,0-12 meses,Month-to-month,Bank transfer (automatic),Fiber optic,79.75,159.4,Yes,0.8544,Alto,79.75
4891-NLUBA,0,0,1,1,61,49-72 meses,Two year,Bank transfer (automatic),DSL,61.45,3751.15,No,0.039,Bajo,0.0
2856-HYAPG,0,0,0,0,1,0-12 meses,Month-to-month,Electronic check,Fiber optic,68.65,68.65,Yes,0.8472,Alto,68.65
8969-PRHFK,1,0,0,0,18,13-24 meses,One year,Mailed check,No,19.65,411.25,No,0.0664,Bajo,0.0
0661-KQHNK,0,0,1,1,6,0-12 meses,One year,Credit card (automatic),No,19.0,105.5,No,0.1801,Bajo,0.0
8709-KRDVL,0,0,0,0,33,25-48 meses,Month-to-month,Electronic check,Fiber optic,100.0,3320.6,No,0.7024,Alto,100.0
4488-PSYCG,1,0,0,0,16,13-24 meses,Month-to-month,Bank transfer (automatic),No,20.25,327.45,Yes,0.2357,Bajo,0.0
1427-VERSM,0,0,1,0,56,49-72 meses,Month-to-month,Electronic check,Fiber optic,98.7,5669.5,No,0.508,Medio,0.0
9801-NOSHQ,1,0,0,1,23,13-24 meses,One year,Mailed check,No,19.8,465.45,No,0.0542,Bajo,0.0
6339-YPSAH,1,0,0,0,9,0-12 meses,Month-to-month,Electronic check,Fiber optic,73.8,704.3,No,0.7923,Alto,73.8
3621-CEOVK,0,1,1,0,14,13-24 meses,Month-to-month,Electronic check,Fiber optic,100.2,1369.8,Yes,0.8333,Alto,100.2
6906-ANDWJ,1,0,1,1,15,13-24 meses,Month-to-month,Bank transfer (automatic),Fiber optic,74.9,1107.25,Yes,0.6987,Alto,74.9
2159-TURXX,1,0,0,0,5,0-12 meses,Month-to-month,Credit card (automatic),No,20.05,95.55,No,0.2418,Bajo,0.0
1548-FEHVL,1,0,1,0,61,49-72 meses,Month-to-month,Electronic check,Fiber optic,106.2,6375.2,No,0.4802,Medio,0.0
3795-CAWEX,1,0,1,1,70,49-72 meses,Two year,Credit card (automatic),Fiber optic,116.55,8152.3,No,0.1529,Bajo,0.0
6215-NQCPY,1,0,0,0,15,13-24 meses,Month-to-month,Electronic check,Fiber optic,99.7,1566.75,No,0.7972,Alto,99.7
5647-URDKA,1,0,1,1,8,0-12 meses,Two year,Mailed check,No,19.7,130.25,No,0.0798,Bajo,0.0
2229-DPMBI,0,0,1,1,8,0-12 meses,Two year,Mailed check,No,19.5,162.15,No,0.0767,Bajo,0.0
9626-WEQRM,0,0,0,0,4,0-12 meses,Month-to-month,Mailed check,DSL,29.15,110.05,No,0.5984,Medio,0.0
2188-SXWVT,0,0,0,0,34,25-48 meses,One year,Mailed check,DSL,55.0,1885.15,No,0.1809,Bajo,0.0
6258-PVZWJ,1,0,1,0,68,49-72 meses,Two year,Credit card (automatic),DSL,90.8,6302.85,No,0.0433,Bajo,0.0
1094-BKOSX,0,0,1,1,45,25-48 meses,One year,Bank transfer (automatic),DSL,51.0,2264.5,No,0.2299,Bajo,0.0
6969-MVBAI,0,1,0,0,9,0-12 meses,Month-to-month,Electronic check,Fiber optic,90.1,816.8,No,0.8693,Alto,90.1
2978-XXSOG,0,0,0,0,22,13-24 meses,Month-to-month,Mailed check,DSL,59.05,1253.5,No,0.2852,Bajo,0.0
2342-CKIAO,0,0,0,0,2,0-12 meses,Month-to-month,Mailed check,No,20.3,41.2,No,0.273,Bajo,0.0
6953-PBDIN,1,0,1,0,70,49-72 meses,Two year,Bank transfer (automatic),DSL,72.95,5265.55,No,0.0858,Bajo,0.0
3898-BSJYF,0,0,0,1,10,0-12 meses,One year,Credit card (automatic),DSL,73.55,693.3,No,0.3365,Medio,0.0
3938-YFPXD,1,0,0,0,72,49-72 meses,Two year,Credit card (automatic),DSL,84.3,5997.1,No,0.0611,Bajo,0.0
7696-AMHOD,0,0,1,1,49,49-72 meses,One year,Credit card (automatic),DSL,78.0,3824.2,No,0.2181,Bajo,0.0
2453-SAFNS,0,1,0,0,54,49-72 meses,One year,Mailed check,DSL,72.1,3886.05,No,0.2141,Bajo,0.0
9558-IHEZX,0,0,0,0,71,49-72 meses,Two year,Credit card (automatic),Fiber optic,106.75,7283.25,No,0.2203,Bajo,0.0
9617-UDPEU,0,0,0,0,22,13-24 meses,One year,Mailed check,No,19.25,412.55,No,0.0717,Bajo,0.0
6340-DACFT,0,0,1,1,50,49-72 meses,Two year,Credit card (automatic),No,20.55,1070.25,No,0.0205,Bajo,0.0
4955-VCWBI,0,0,1,1,43,25-48 meses,One year,Mailed check,No,20.0,817.95,No,0.0456,Bajo,0.0
6813-GZQCG,0,0,1,1,45,25-48 meses,Two year,Credit card (automatic),No,24.65,1171.3,No,0.053,Bajo,0.0
7426-GSWPO,1,1,0,0,64,49-72 meses,Month-to-month,Bank transfer (automatic),Fiber optic,103.5,6548.65,No,0.4382,Medio,0.0
3389-KTRXV,0,0,1,1,23,13-24 meses,Two year,Mailed check,No,23.85,625.65,No,0.0529,Bajo,0.0
3118-UHVVQ,0,0,1,0,68,49-72 meses,Two year,Credit card (automatic),No,25.8,1911.5,No,0.0369,Bajo,0.0
1031-IIDEO,0,0,0,0,1,0-12 meses,Month-to-month,Electronic check,Fiber optic,70.85,70.85,Yes,0.8916,Alto,70.85
5832-XKAES,1,0,0,0,2,0-12 meses,Month-to-month,Credit card (automatic),Fiber optic,69.8,134.7,Yes,0.7957,Alto,69.8
3205-MXZRA,1,0,0,0,26,25-48 meses,One year,Credit card (automatic),DSL,59.45,1507.0,No,0.2125,Bajo,0.0
4701-AHWMW,1,0,1,0,55,49-72 meses,Month-to-month,Bank transfer (automatic),DSL,54.55,2978.3,Yes,0.2279,Bajo,0.0
8317-BVKSO,1,0,0,0,14,13-24 meses,Month-to-month,Electronic check,No,20.05,299.3,No,0.216,Bajo,0.0
5702-KVQRD,1,0,1,0,71,49-72 meses,Two year,Electronic check,DSL,82.55,5832.65,No,0.1213,Bajo,0.0
0083-PIVIK,1,0,0,0,64,49-72 meses,One year,Electronic check,DSL,81.25,5567.55,No,0.2112,Bajo,0.0
9210-IAHGH,0,0,0,0,7,0-12 meses,Month-to-month,Credit card (automatic),DSL,70.75,450.8,Yes,0.5688,Medio,0.0
6169-PGNCD,0,0,0,0,57,49-72 meses,Two year,Credit card (automatic),DSL,74.3,4166.35,No,0.0784,Bajo,0.0
0023-XUOPT,0,0,1,0,13,13-24 meses,Month-to-month,Electronic check,Fiber optic,94.1,1215.6,Yes,0.7236,Alto,94.1
4592-IWTJI,0,0,1,1,3,0-12 meses,Month-to-month,Credit card (automatic),DSL,29.7,91.7,Yes,0.5591,Medio,0.0
4909-JOUPP,1,1,1,0,72,49-72 meses,Two year,Credit card (automatic),Fiber optic,109.7,7898.45,No,0.1623,Bajo,0.0
4657-FWVFY,0,0,1,1,40,25-48 meses,Month-to-month,Credit card (automatic),Fiber optic,96.35,3915.4,No,0.5219,Medio,0.0
2257-BOVXD,1,0,1,0,14,13-24 meses,Month-to-month,Credit card (automatic),DSL,66.6,979.5,No,0.414,Medio,0.0
7729-JTEEC,1,0,1,1,2,0-12 meses,Month-to-month,Electronic check,DSL,44.5,90.05,No,0.7447,Alto,44.5
7632-MNYOY,1,1,0,0,66,49-72 meses,One year,Credit card (automatic),Fiber optic,110.9,7432.05,Yes,0.396,Medio,0.0
6518-LGAOV,0,0,1,0,38,25-48 meses,Month-to-month,Electronic check,Fiber optic,105.0,4026.4,Yes,0.6737,Alto,105.0
7242-QZLXF,1,0,0,1,1,0-12 meses,Month-to-month,Electronic check,DSL,25.3,25.3,Yes,0.7857,Alto,25.3
4576-CSAJH,1,0,0,0,22,13-24 meses,One year,Credit card (automatic),DSL,55.15,1193.05,Yes,0.3615,Medio,0.0
1000-AJSLD,1,0,0,0,1,0-12 meses,Month-to-month,Mailed check,No,20.1,20.1,Yes,0.5919,Medio,0.0
9696-RMYBA,1,0,0,0,5,0-12 meses,Month-to-month,Mailed check,Fiber optic,80.1,398.55,No,0.836,Alto,80.1
8690-UPCZI,1,0,1,1,29,25-48 meses,One year,Bank transfer (automatic),DSL,69.05,1958.45,No,0.1311,Bajo,0.0
1062-LHZOD,1,0,1,1,1,0-12 meses,Month-to-month,Mailed check,Fiber optic,69.9,69.9,Yes,0.8621,Alto,69.9
9770-LXDBK,0,0,0,0,3,0-12 meses,Month-to-month,Mailed check,No,20.4,63.15,No,0.2753,Bajo,0.0
4086-WITJG,1,0,1,1,71,49-72 meses,Two year,Credit card (automatic),No,19.7,1301.1,No,0.0222,Bajo,0.0
8344-WFMFH,1,0,0,1,9,0-12 meses,Month-to-month,Electronic check,DSL,50.1,484.05,No,0.5638,Medio,0.0
9600-NAXZN,1,0,0,0,43,25-48 meses,Month-to-month,Electronic check,Fiber optic,101.4,4528.0,Yes,0.7039,Alto,101.4
8822-KNBHV,0,0,0,0,48,25-48 meses,One year,Credit card (automatic),DSL,83.45,3887.85,No,0.2584,Bajo,0.0
8404-FYDIB,1,0,0,0,26,25-48 meses,Month-to-month,Credit card (automatic),Fiber optic,86.65,2208.75,No,0.5296,Medio,0.0
2791-SFVEW,0,0,0,0,9,0-12 meses,Month-to-month,Bank transfer (automatic),No,20.15,238.15,No,0.2845,Bajo,0.0
6457-USBER,1,0,0,0,1,0-12 meses,Month-to-month,Electronic check,Fiber optic,80.8,80.8,Yes,0.9053,Alto,80.8
6762-NSODU,0,0,1,1,46,25-48 meses,Two year,Credit card (automatic),No,19.4,958.15,No,0.0255,Bajo,0.0
4662-EKDPQ,1,0,0,0,2,0-12 meses,Month-to-month,Bank transfer (automatic),DSL,62.05,118.3,Yes,0.6292,Alto,62.05
9248-OJYKK,1,1,0,0,1,0-12 meses,Month-to-month,Electronic check,Fiber optic,76.45,76.45,Yes,0.9076,Alto,76.45
9888-ZCUMM,1,0,1,1,64,49-72 meses,Two year,Bank transfer (automatic),DSL,60.05,3845.45,No,0.0422,Bajo,0.0
3398-FSHON,0,1,0,0,12,0-12 meses,Month-to-month,Electronic check,Fiber optic,91.3,1094.5,Yes,0.8545,Alto,91.3
3319-DWOEP,1,1,1,0,6,0-12 meses,Month-to-month,Electronic check,Fiber optic,95.75,573.75,Yes,0.8611,Alto,95.75
1074-WVEVG,0,0,1,0,59,49-72 meses,One year,Mailed check,No,20.35,1267.0,No,0.0701,Bajo,0.0
9979-RGMZT,0,0,0,0,7,0-12 meses,One year,Mailed check,Fiber optic,94.05,633.45,No,0.7213,Alto,94.05
6437-UDQJM,0,1,1,0,72,49-72 meses,Two year,Credit card (automatic),DSL,84.1,6129.65,No,0.1065,Bajo,0.0
1226-IENZN,1,1,0,0,16,13-24 meses,Month-to-month,Electronic check,Fiber optic,78.75,1218.25,No,0.7361,Alto,78.75
2108-GLPQB,1,0,1,0,25,25-48 meses,Month-to-month,Credit card (automatic),DSL,55.55,1405.3,No,0.3033,Medio,0.0
9259-PACGQ,0,0,1,0,34,25-48 meses,Month-to-month,Electronic check,DSL,62.65,2274.9,Yes,0.3033,Medio,0.0
4415-IJZTP,0,0,0,0,1,0-12 meses,Month-to-month,Electronic check,Fiber optic,74.5,74.5,Yes,0.9042,Alto,74.5
1465-VINDH,0,0,1,1,10,0-12 meses,Month-to-month,Credit card (automatic),Fiber optic,102.1,1068.85,Yes,0.8029,Alto,102.1
5474-LAMUQ,1,0,1,0,24,13-24 meses,One year,Mailed check,No,20.1,533.9,No,0.0523,Bajo,0.0
3468-DRVQJ,0,0,1,1,10,0-12 meses,One year,Electronic check,DSL,70.3,676.15,No,0.4013,Medio,0.0
1122-YJBCS,1,0,1,0,69,49-72 meses,One year,Credit card (automatic),DSL,53.65,3804.4,No,0.1745,Bajo,0.0
4990-ALDGW,1,0,0,0,57,49-72 meses,Two year,Mailed check,No,20.75,1118.8,No,0.0577,Bajo,0.0
4816-OKWNX,1,0,1,1,50,49-72 meses,One year,Bank transfer (automatic),Fiber optic,103.4,5236.4,No,0.3848,Medio,0.0
3315-IKYZQ,1,0,1,1,28,25-48 meses,One year,Mailed check,DSL,50.8,1386.8,No,0.1557,Bajo,0.0
2810-FTLEM,0,0,0,0,16,13-24 meses,Month-to-month,Electronic check,DSL,50.15,762.25,Yes,0.5057,Medio,0.0
4747-LCAQL,1,0,0,0,25,25-48 meses,Month-to-month,Mailed check,DSL,79.0,1902.0,No,0.2684,Bajo,0.0
3411-WLRSQ,0,1,1,0,3,0-12 meses,Month-to-month,Bank transfer (automatic),Fiber optic,74.6,239.05,No,0.811,Alto,74.6
0898-XCGTF,1,0,1,0,61,49-72 meses,One year,Bank transfer (automatic),Fiber optic,96.5,5673.7,No,0.4508,Medio,0.0
8006-PYCSW,0,0,0,0,2,0-12 meses,Month-to-month,Mailed check,No,20.1,39.8,No,0.2798,Bajo,0.0
8249-THVEC,1,0,1,1,51,49-72 meses,One year,Mailed check,No,19.4,997.75,No,0.0441,Bajo,0.0
8722-PRFDV,0,0,1,1,71,49-72 meses,Two year,Credit card (automatic),DSL,77.55,5574.35,No,0.0804,Bajo,0.0
2164-SOQXL,0,0,1,1,20,13-24 meses,Month-to-month,Mailed check,No,20.05,406.05,No,0.1324,Bajo,0.0
4020-KIUDI,1,0,1,1,6,0-12 meses,Month-to-month,Credit card (automatic),No,19.85,138.85,No,0.1976,Bajo,0.0
5850-BDWCY,0,0,0,0,6,0-12 meses,Month-to-month,Mailed check,No,20.2,123.65,No,0.2566,Bajo,0.0
2038-YSEZE,0,0,0,0,29,25-48 meses,Month-to-month,Mailed check,DSL,67.45,1801.1,No,0.1794,Bajo,0.0
0827-ITJPH,1,0,0,0,36,25-48 meses,Two year,Credit card (automatic),No,18.55,689.0,No,0.0532,Bajo,0.0
8799-OXZMD,0,0,0,0,28,25-48 meses,Month-to-month,Mailed check,DSL,29.75,790.7,No,0.4135,Medio,0.0
1925-TIBLE,0,0,1,0,7,0-12 meses,Month-to-month,Electronic check,Fiber optic,86.5,582.5,Yes,0.8795,Alto,86.5
1705-GUHPV,0,0,0,0,63,49-72 meses,Two year,Mailed check,No,24.2,1618.2,No,0.0432,Bajo,0.0
4779-ZGICK,1,0,1,1,48,25-48 meses,Two year,Mailed check,No,23.55,1173.35,No,0.0296,Bajo,0.0
0048-PIHNL,0,0,1,0,49,49-72 meses,One year,Bank transfer (automatic),No,20.45,900.9,No,0.0837,Bajo,0.0
0818-OCPZO,1,1,0,0,27,25-48 meses,Month-to-month,Electronic check,Fiber optic,81.45,2122.05,Yes,0.7297,Alto,81.45
3967-KXAPS,1,0,1,0,72,49-72 meses,Two year,Credit card (automatic),DSL,92.3,6719.9,No,0.0356,Bajo,0.0
1447-GIQMR,1,0,1,0,1,0-12 meses,Month-to-month,Electronic check,Fiber optic,69.15,69.15,Yes,0.8779,Alto,69.15
3704-IEAXF,0,0,1,1,72,49-72 meses,Two year,Credit card (automatic),DSL,53.65,3784.0,No,0.0673,Bajo,0.0
6810-VCAEX,0,0,0,0,47,25-48 meses,One year,Credit card (automatic),DSL,39.65,1798.65,No,0.1643,Bajo,0.0
0674-EYYZV,0,0,0,0,1,0-12 meses,Month-to-month,Electronic check,DSL,54.65,54.65,No,0.7622,Alto,54.65
4480-MBMLB,0,0,0,0,36,25-48 meses,One year,Bank transfer (automatic),Fiber optic,104.8,3886.45,No,0.5068,Medio,0.0
1395-OFUWC,1,0,1,1,43,25-48 meses,Month-to-month,Credit card (automatic),DSL,29.3,1224.05,No,0.3535,Medio,0.0
0822-QGCXA,0,1,1,0,27,25-48 meses,Month-to-month,Electronic check,DSL,83.85,2310.2,No,0.4212,Medio,0.0
0872-NXJYS,0,0,0,0,9,0-12 meses,Month-to-month,Electronic check,Fiber optic,79.55,723.4,Yes,0.838,Alto,79.55
2832-KJCRD,0,0,0,0,38,25-48 meses,Month-to-month,Electronic check,Fiber optic,103.65,3988.5,No,0.674,Alto,103.65
3588-WSTTJ,0,1,0,0,35,25-48 meses,Month-to-month,Electronic check,Fiber optic,99.05,3554.6,No,0.691,Alto,99.05
4075-WKNIU,0,0,1,1,0,,Two year,Mailed check,DSL,73.35,73.35,No,0.3855,Medio,0.0
5090-EMGTC,0,0,1,0,59,49-72 meses,Two year,Mailed check,Fiber optic,100.05,6034.85,No,0.2168,Bajo,0.0
2346-CZYIL,1,0,0,0,27,25-48 meses,Two year,Credit card (automatic),No,20.35,531.6,No,0.0445,Bajo,0.0
3798-EPWRR,0,1,0,0,2,0-12 meses,Month-to-month,Electronic check,DSL,43.95,85.1,No,0.7315,Alto,43.95
6258-NGCNG,1,0,0,0,7,0-12 meses,Month-to-month,Mailed check,No,23.5,173.0,No,0.2334,Bajo,0.0
4186-ZBUEW,0,0,0,0,36,25-48 meses,One year,Mailed check,DSL,70.7,2511.95,No,0.2912,Bajo,0.0
5274-XHAKY,0,0,1,1,41,25-48 meses,Month-to-month,Bank transfer (automatic),Fiber optic,94.3,3893.6,No,0.4699,Medio,0.0
1442-BQPVU,0,0,0,0,13,13-24 meses,Month-to-month,Electronic check,DSL,29.15,357.15,No,0.5053,Medio,0.0
3978-YNKDD,1,0,0,1,19,13-24 meses,Two year,Credit card (automatic),No,20.85,467.5,No,0.0581,Bajo,0.0
4940-KHCWD,0,0,1,0,60,49-72 meses,Two year,Bank transfer (automatic),DSL,37.7,2288.7,No,0.0761,Bajo,0.0
9412-ARGBX,0,0,0,1,48,25-48 meses,Two year,Mailed check,Fiber optic,95.5,4627.85,Yes,0.2214,Bajo,0.0
1389-CXMLU,1,1,0,0,3,0-12 meses,Month-to-month,Electronic check,Fiber optic,91.05,289.1,Yes,0.8484,Alto,91.05
9589-ABEPT,1,0,1,0,69,49-72 meses,Two year,Mailed check,Fiber optic,92.45,6460.55,No,0.1826,Bajo,0.0
9388-ZEYVT,1,0,0,0,43,25-48 meses,One year,Electronic check,DSL,44.15,1931.3,No,0.2395,Bajo,0.0
0305-SQECB,0,0,0,1,11,0-12 meses,One year,Mailed check,DSL,36.05,402.6,No,0.3228,Medio,0.0
7605-SNLQG,0,0,1,0,45,25-48 meses,Month-to-month,Credit card (automatic),DSL,50.25,2221.55,No,0.3263,Medio,0.0
4670-TABXH,1,0,1,0,72,49-72 meses,Two year,Credit card (automatic),Fiber optic,109.75,7758.9,No,0.1846,Bajo,0.0
5561-NWEVX,0,1,1,0,2,0-12 meses,Month-to-month,Electronic check,Fiber optic,79.2,172.85,Yes,0.8342,Alto,79.2
0064-SUDOG,0,0,1,1,12,0-12 meses,Two year,Bank transfer (automatic),No,20.3,224.5,No,0.0997,Bajo,0.0
8561-NMTBD,0,0,1,1,67,49-72 meses,One year,Credit card (automatic),Fiber optic,112.35,7388.45,No,0.3204,Medio,0.0
5161-XEUVX,1,0,1,0,37,25-48 meses,Two year,Mailed check,Fiber optic,94.3,3460.95,No,0.2427,Bajo,0.0
8292-FRFZQ,0,0,0,0,39,25-48 meses,One year,Bank transfer (automatic),DSL,41.15,1700.9,No,0.1767,Bajo,0.0
8591-NXRCV,0,0,0,0,41,25-48 meses,Month-to-month,Bank transfer (automatic),DSL,74.65,3090.65,No,0.2536,Bajo,0.0
7895-VONWT,0,0,0,0,25,25-48 meses,Month-to-month,Electronic check,DSL,48.25,1293.8,No,0.4775,Medio,0.0
4526-RMTLL,1,0,1,1,8,0-12 meses,Two year,Credit card (automatic),DSL,76.15,645.8,No,0.2771,Bajo,0.0
6253-GNHWH,0,0,1,1,71,49-72 meses,Two year,Mailed check,DSL,71.1,5224.95,No,0.0595,Bajo,0.0
4566-NECEV,1,0,0,0,5,0-12 meses,Month-to-month,Electronic check,Fiber optic,96.55,500.1,No,0.8098,Alto,96.55
8080-POTJR,0,0,0,0,30,25-48 meses,One year,Credit card (automatic),DSL,79.3,2427.1,No,0.2689,Bajo,0.0
6906-MPARY,1,0,0,0,40,25-48 meses,One year,Credit card (automatic),Fiber optic,89.6,3488.15,No,0.3727,Medio,0.0
3662-FXJFO,0,0,0,0,54,49-72 meses,Two year,Mailed check,No,20.5,1035.7,No,0.0484,Bajo,0.0
8107-RZLNV,1,0,1,0,72,49-72 meses,Two year,Bank transfer (automatic),Fiber optic,106.3,7565.35,No,0.3003,Medio,0.0
0516-OOHAR,1,0,1,1,28,25-48 meses,One year,Bank transfer (automatic),Fiber optic,100.35,2799.0,No,0.4331,Medio,0.0
2027-CWDNU,1,0,1,1,18,13-24 meses,Month-to-month,Electronic check,Fiber optic,85.6,1601.5,No,0.6613,Alto,85.6
2737-WFVYW,0,0,0,0,2,0-12 meses,Month-to-month,Electronic check,DSL,45.25,85.5,Yes,0.8099,Alto,45.25
9912-OMZDS,0,0,1,1,59,49-72 meses,One year,Electronic check,Fiber optic,106.15,6256.2,No,0.5016,Medio,0.0
3733-ZEECP,1,0,1,1,22,13-24 meses,Month-to-month,Electronic check,DSL,51.1,1232.9,No,0.4016,Medio,0.0
7878-RTCZG,0,0,0,0,1,0-12 meses,Month-to-month,Mailed check,No,19.9,19.9,No,0.571,Medio,0.0
2452-MRMZF,0,1,1,0,72,49-72 meses,Two year,Credit card (automatic),No,25.7,1937.4,No,0.0544,Bajo,0.0
2272-QAGFO,0,1,0,0,14,13-24 meses,Month-to-month,Electronic check,Fiber optic,74.3,1096.25,Yes,0.7934,Alto,74.3
7103-IPXPJ,1,0,1,0,50,49-72 meses,One year,Electronic check,Fiber optic,99.4,5059.75,No,0.4594,Medio,0.0
4342-HFXWS,0,0,1,1,48,25-48 meses,One year,Bank transfer (automatic),DSL,69.7,3023.65,No,0.1484,Bajo,0.0
3545-CNWRG,0,0,1,1,49,49-72 meses,Month-to-month,Electronic check,Fiber optic,98.35,4889.2,No,0.6223,Alto,98.35
1785-BPHTP,1,0,1,1,28,25-48 meses,Month-to-month,Electronic check,Fiber optic,85.45,2289.9,No,0.624,Alto,85.45
4989-LIXVT,1,1,0,0,68,49-72 meses,Month-to-month,Electronic check,Fiber optic,95.9,6503.2,No,0.5502,Medio,0.0
7315-WYOAW,1,0,0,0,13,13-24 meses,Month-to-month,Electronic check,Fiber optic,100.75,1313.25,No,0.7265,Alto,100.75
1173-XZPYF,0,0,0,0,11,0-12 meses,Month-to-month,Electronic check,Fiber optic,89.2,990.3,No,0.828,Alto,89.2
9850-OWRHQ,0,0,1,0,3,0-12 meses,Month-to-month,Credit card (automatic),Fiber optic,74.1,228.0,Yes,0.8311,Alto,74.1
3768-NLUBH,1,1,1,0,57,49-72 meses,Month-to-month,Electronic check,Fiber optic,100.6,5746.15,Yes,0.6166,Alto,100.6
8676-TRMJS,1,0,0,0,3,0-12 meses,Month-to-month,Mailed check,Fiber optic,75.0,209.1,Yes,0.7925,Alto,75.0
2509-TFPJU,1,0,1,0,72,49-72 meses,Two year,Credit card (automatic),No,25.75,1864.2,No,0.0351,Bajo,0.0
9530-GRMJG,1,0,1,1,70,49-72 meses,Two year,Electronic check,DSL,84.1,5979.7,No,0.1508,Bajo,0.0
6898-RBTLU,0,0,1,1,49,49-72 meses,Two year,Bank transfer (automatic),DSL,79.3,3902.45,No,0.0769,Bajo,0.0
5481-NTDOH,0,1,1,0,67,49-72 meses,One year,Credit card (automatic),Fiber optic,107.05,7142.5,No,0.3622,Medio,0.0
2068-WWXQZ,1,0,0,0,46,25-48 meses,Two year,Bank transfer (automatic),No,20.05,902.0,No,0.047,Bajo,0.0
7359-SSBJK,0,1,0,0,64,49-72 meses,Two year,Credit card (automatic),DSL,70.2,4481.0,Yes,0.1528,Bajo,0.0
2061-VVFST,0,0,1,0,37,25-48 meses,Month-to-month,Bank transfer (automatic),No,19.5,805.2,No,0.1312,Bajo,0.0
0685-MLYYM,0,1,0,0,2,0-12 meses,Month-to-month,Electronic check,Fiber optic,70.75,154.85,Yes,0.8111,Alto,70.75
0749-IRGQE,0,1,1,0,13,13-24 meses,Month-to-month,Electronic check,DSL,45.3,528.45,No,0.6015,Alto,45.3
2380-DAMQP,0,0,1,0,72,49-72 meses,Two year,Electronic check,Fiber optic,115.15,8349.7,No,0.1476,Bajo,0.0
2256-YLYLP,1,0,1,1,68,49-72 meses,Two year,Bank transfer (automatic),DSL,72.95,4953.25,No,0.1018,Bajo,0.0
1272-ILHFG,1,0,1,1,15,13-24 meses,One year,Mailed check,No,19.65,332.65,No,0.0999,Bajo,0.0
0164-XAIRP,0,0,0,0,24,13-24 meses,Two year,Bank transfer (automatic),No,19.55,470.2,No,0.0821,Bajo,0.0
5666-CYCYZ,0,0,0,0,24,13-24 meses,Month-to-month,Electronic check,Fiber optic,89.55,2259.35,No,0.6961,Alto,89.55
4011-ARPHK,1,0,0,0,27,25-48 meses,Month-to-month,Mailed check,DSL,50.35,1411.35,No,0.2462,Bajo,0.0
8182-PNAGI,1,0,0,0,12,0-12 meses,Month-to-month,Bank transfer (automatic),DSL,50.25,593.75,Yes,0.4405,Medio,0.0
6365-HITVU,0,0,1,1,71,49-72 meses,Two year,Credit card (automatic),DSL,87.25,6328.7,No,0.0314,Bajo,0.0
7558-IMLMT,1,0,1,1,67,49-72 meses,Two year,Mailed check,No,20.8,1411.9,No,0.0296,Bajo,0.0
9488-FYQAU,0,0,1,0,63,49-72 meses,Two year,Bank transfer (automatic),Fiber optic,109.25,6841.4,No,0.29,Bajo,0.0
3590-TCXTB,1,0,0,0,1,0-12 meses,Month-to-month,Mailed check,No,20.35,20.35,No,0.5361,Medio,0.0
6994-KERXL,1,0,0,0,4,0-12 meses,Month-to-month,Electronic check,DSL,55.9,238.5,No,0.6805,Alto,55.9
7957-RYHQD,0,1,0,0,40,25-48 meses,Month-to-month,Credit card (automatic),Fiber optic,79.2,3233.85,Yes,0.5,Medio,0.0
2180-DXNEG,0,0,0,0,12,0-12 meses,Month-to-month,Electronic check,Fiber optic,96.0,1062.1,Yes,0.8199,Alto,96.0
1960-UOTYM,1,0,1,1,52,49-72 meses,Two year,Electronic check,DSL,79.2,4016.3,No,0.1772,Bajo,0.0
2740-JFBOK,1,0,0,0,10,0-12 meses,Month-to-month,Electronic check,No,24.0,226.55,No,0.2248,Bajo,0.0
6500-JVEGC,1,0,0,0,68,49-72 meses,One year,Bank transfer (automatic),Fiber optic,101.35,7110.75,No,0.2835,Bajo,0.0
5515-AKOAJ,0,0,0,0,54,49-72 meses,Month-to-month,Electronic check,Fiber optic,100.1,5440.9,Yes,0.5953,Medio,0.0
8976-OQHGT,0,0,1,1,4,0-12 meses,Month-to-month,Mailed check,DSL,56.5,235.1,Yes,0.5284,Medio,0.0
5245-VDBUR,0,0,1,0,52,49-72 meses,One year,Mailed check,DSL,35.45,1958.95,No,0.1912,Bajo,0.0
6230-BSUXY,0,1,0,0,1,0-12 meses,Month-to-month,Electronic check,Fiber optic,85.0,85.0,Yes,0.8979,Alto,85.0
8469-SNFFH,1,0,1,0,70,49-72 meses,One year,Bank transfer (automatic),DSL,79.4,5528.9,No,0.1634,Bajo,0.0
2144-ESWKO,1,0,0,0,43,25-48 meses,One year,Credit card (automatic),DSL,35.2,1463.7,No,0.2333,Bajo,0.0
1241-FPMOF,1,0,0,0,52,49-72 meses,Two year,Mailed check,No,19.65,1025.05,No,0.0583,Bajo,0.0
9928-BZVLZ,0,0,0,0,12,0-12 meses,Two year,Mailed check,DSL,49.85,552.1,No,0.2242,Bajo,0.0
4114-QMKVN,0,0,1,1,56,49-72 meses,One year,Bank transfer (automatic),DSL,68.75,3815.4,No,0.1495,Bajo,0.0
2775-SEFEE,1,0,0,1,0,,Two year,Bank transfer (automatic),DSL,61.9,61.9,No,0.3203,Medio,0.0
9003-CPATH,1,0,0,0,42,25-48 meses,Month-to-month,Electronic check,Fiber optic,79.9,3313.4,No,0.5894,Medio,0.0
1754-GKYPY,1,1,1,0,22,13-24 meses,Month-to-month,Bank transfer (automatic),Fiber optic,89.75,1938.9,No,0.6896,Alto,89.75
5294-CDGWY,1,0,1,1,51,49-72 meses,One year,Electronic check,DSL,59.3,3014.65,Yes,0.2557,Bajo,0.0
7956-XQWGU,1,0,0,0,27,25-48 meses,Month-to-month,Credit card (automatic),No,19.4,460.25,No,0.1109,Bajo,0.0
1591-MQJTP,1,1,1,0,51,49-72 meses,One year,Bank transfer (automatic),Fiber optic,93.65,4839.15,No,0.4226,Medio,0.0
5295-PCJOO,1,0,0,1,4,0-12 meses,Month-to-month,Electronic check,DSL,49.4,184.4,Yes,0.6675,Alto,49.4
2369-FEVNO,1,0,0,0,1,0-12 meses,Month-to-month,Mailed check,No,19.9,19.9,No,0.5857,Medio,0.0
9863-JZAIC,1,0,0,0,35,25-48 meses,Month-to-month,Mailed check,DSL,55.0,2010.55,Yes,0.3327,Medio,0.0
7471-MQPOS,1,1,1,1,71,49-72 meses,One year,Bank transfer (automatic),DSL,72.9,5139.65,No,0.2322,Bajo,0.0
7660-HDPJV,0,0,0,0,1,0-12 meses,Month-to-month,Electronic check,Fiber optic,69.2,69.2,Yes,0.8839,Alto,69.2
5115-SQAAU,0,0,1,1,69,49-72 meses,Two year,Bank transfer (automatic),No,25.6,1673.4,No,0.0278,Bajo,0.0
9845-QOMAD,1,0,1,1,14,13-24 meses,One year,Mailed check,No,19.75,309.35,No,0.106,Bajo,0.0
7672-VFMXZ,1,0,1,0,57,49-72 meses,Month-to-month,Electronic check,DSL,55.7,3171.6,No,0.2368,Bajo,0.0
9739-JLPQJ,0,0,1,1,72,49-72 meses,Two year,Credit card (automatic),Fiber optic,117.5,8670.1,No,0.0758,Bajo,0.0
9916-AYHTC,1,0,0,0,48,25-48 meses,Two year,Credit card (automatic),No,19.85,916.0,No,0.0369,Bajo,0.0
3855-ONCAR,0,0,1,1,4,0-12 meses,Month-to-month,Mailed check,Fiber optic,78.9,299.75,No,0.8259,Alto,78.9
1488-SYSFC,1,0,1,1,31,25-48 meses,Month-to-month,Electronic check,No,20.65,702.05,No,0.1211,Bajo,0.0
7931-PXHFC,1,0,0,0,38,25-48 meses,One year,Mailed check,DSL,62.3,2354.8,Yes,0.3089,Medio,0.0
3990-QYKBE,1,1,1,0,37,25-48 meses,Month-to-month,Electronic check,Fiber optic,92.5,3473.4,Yes,0.7408,Alto,92.5
0970-QXPXW,0,0,0,0,1,0-12 meses,Month-to-month,Mailed check,No,19.65,19.65,No,0.5368,Medio,0.0
3259-KNMRR,1,1,0,0,57,49-72 meses,Two year,Bank transfer (automatic),DSL,79.75,4438.2,No,0.199,Bajo,0.0
6120-RJKLU,0,1,1,0,62,49-72 meses,Two year,Credit card (automatic),DSL,79.95,4819.75,No,0.124,Bajo,0.0
9572-WUKSB,1,0,1,0,3,0-12 meses,Month-to-month,Electronic check,DSL,29.9,92.25,No,0.7041,Alto,29.9
5893-KCLGT,0,0,0,1,72,49-72 meses,Two year,Mailed check,No,19.75,1567.0,No,0.0609,Bajo,0.0
0076-LVEPS,1,0,0,1,29,25-48 meses,Month-to-month,Mailed check,DSL,45.0,1242.45,No,0.277,Bajo,0.0
3640-JQGJG,1,0,1,1,13,13-24 meses,Month-to-month,Bank transfer (automatic),DSL,44.8,559.2,No,0.3914,Medio,0.0
4919-MOAVT,1,0,0,1,3,0-12 meses,Month-to-month,Electronic check,Fiber optic,69.65,220.1,Yes,0.7734,Alto,69.65
1596-OQSPS,0,0,0,0,11,0-12 meses,Month-to-month,Electronic check,DSL,51.1,531.15,No,0.4842,Medio,0.0
9867-XOBQA,0,0,0,1,21,13-24 meses,Two year,Mailed check,DSL,53.15,1183.2,No,0.1391,Bajo,0.0
9546-KDTRB,0,0,0,0,19,13-24 meses,Month-to-month,Bank transfer (automatic),No,24.7,465.85,No,0.1608,Bajo,0.0
3090-HAWSU,1,0,0,0,61,49-72 meses,Two year,Credit card (automatic),Fiber optic,111.6,6876.05,Yes,0.303,Medio,0.0
9820-RMCQV,0,0,0,0,11,0-12 meses,Month-to-month,Credit card (automatic),DSL,48.55,501.0,Yes,0.4115,Medio,0.0
3174-RKMOW,1,0,1,1,35,25-48 meses,Month-to-month,Electronic check,Fiber optic,109.95,3782.4,No,0.5949,Medio,0.0
1760-CAZHT,1,0,0,1,25,25-48 meses,Month-to-month,Mailed check,No,20.8,460.2,No,0.0881,Bajo,0.0
7839-QRKXN,0,0,0,0,1,0-12 meses,Month-to-month,Mailed check,No,20.2,20.2,Yes,0.6045,Alto,20.2
8441-SHIPE,0,0,0,0,67,49-72 meses,Two year,Bank transfer (automatic),No,25.6,1790.35,No,0.0387,Bajo,0.0
5204-QZXPU,1,0,0,0,19,13-24 meses,Month-to-month,Electronic check,DSL,39.65,733.35,Yes,0.5983,Medio,0.0
4597-ELFTS,1,0,0,0,56,49-72 meses,One year,Electronic check,No,24.9,1334.0,Yes,0.1514,Bajo,0.0
1320-GVNHT,1,0,1,1,72,49-72 meses,Two year,Credit card (automatic),Fiber optic,108.4,7767.25,No,0.1364,Bajo,0.0
1047-RNXZV,1,0,0,0,43,25-48 meses,Two year,Mailed check,No,19.55,876.15,No,0.0546,Bajo,0.0
3541-ZNUHK,0,0,1,1,55,49-72 meses,Month-to-month,Electronic check,Fiber optic,85.1,4600.95,No,0.4658,Medio,0.0
8450-JOVAH,1,0,1,1,2,0-12 meses,Month-to-month,Mailed check,DSL,56.7,113.55,Yes,0.5248,Medio,0.0
8725-JEDFD,1,0,0,0,27,25-48 meses,Month-to-month,Mailed check,Fiber optic,69.05,1793.25,No,0.5263,Medio,0.0
7562-UXTPG,0,0,0,0,13,13-24 meses,Month-to-month,Mailed check,Fiber optic,70.15,886.7,No,0.6809,Alto,70.15
8071-SBTRN,0,0,0,0,70,49-72 meses,Two year,Mailed check,Fiber optic,111.15,7737.55,No,0.222,Bajo,0.0
1113-IUJYX,0,0,1,0,14,13-24 meses,One year,Mailed check,Fiber optic,105.95,1348.9,Yes,0.4863,Medio,0.0
6668-CNMFP,0,0,1,1,19,13-24 meses,One year,Bank transfer (automatic),Fiber optic,89.35,1686.85,No,0.4818,Medio,0.0
5626-MGTUK,0,0,0,0,20,13-24 meses,Month-to-month,Bank transfer (automatic),Fiber optic,89.1,1879.25,No,0.6086,Alto,89.1
5681-LLOEI,1,0,1,1,43,25-48 meses,One year,Credit card (automatic),Fiber optic,91.25,4013.8,No,0.2975,Bajo,0.0
8212-DJRCH,1,0,1,1,5,0-12 meses,Month-to-month,Mailed check,Fiber optic,90.35,434.5,No,0.7453,Alto,90.35
4323-OHFOW,0,1,1,0,70,49-72 meses,One year,Bank transfer (automatic),Fiber optic,105.55,7195.35,No,0.3818,Medio,0.0
4933-BSAIP,0,0,1,0,40,25-48 meses,Two year,Mailed check,No,19.1,780.1,No,0.0395,Bajo,0.0
2030-BTZRO,1,0,1,1,6,0-12 meses,Two year,Credit card (automatic),No,20.4,107.6,No,0.1155,Bajo,0.0
1116-DXXDF,1,0,0,0,39,25-48 meses,Two year,Electronic check,Fiber optic,100.45,3801.7,No,0.4214,Medio,0.0
9274-CNFMO,1,1,1,0,4,0-12 meses,Month-to-month,Electronic check,Fiber optic,74.95,308.7,Yes,0.7991,Alto,74.95
7758-XKCBS,1,0,0,0,15,13-24 meses,Month-to-month,Electronic check,DSL,29.7,438.25,Yes,0.5639,Medio,0.0
8992-JQYUN,1,0,1,0,1,0-12 meses,Month-to-month,Electronic check,DSL,50.35,50.35,Yes,0.7953,Alto,50.35
6563-VNPMN,0,1,0,0,45,25-48 meses,Month-to-month,Bank transfer (automatic),Fiber optic,85.7,3778.1,No,0.4006,Medio,0.0
0617-AQNWT,0,0,1,0,64,49-72 meses,Two year,Electronic check,DSL,47.85,3147.5,Yes,0.184,Bajo,0.0
2267-WTPYD,0,1,1,0,57,49-72 meses,Month-to-month,Credit card (automatic),Fiber optic,94.0,5438.95,No,0.408,Medio,0.0
0270-THENM,1,0,1,1,72,49-72 meses,Two year,Bank transfer (automatic),DSL,69.85,5102.35,No,0.0604,Bajo,0.0
2446-PLQVO,1,0,0,0,1,0-12 meses,Month-to-month,Electronic check,Fiber optic,70.3,70.3,Yes,0.889,Alto,70.3
4707-MAXGU,1,0,1,0,72,49-72 meses,Two year,Credit card (automatic),No,25.85,1872.2,No,0.0369,Bajo,0.0
2710-WYVXG,0,0,0,0,3,0-12 meses,Two year,Mailed check,DSL,71.1,213.35,No,0.3141,Medio,0.0
3005-NFMTA,1,1,0,0,55,49-72 meses,Month-to-month,Electronic check,Fiber optic,98.8,5617.75,Yes,0.6198,Alto,98.8
6300-BWMJX,0,0,1,0,59,49-72 meses,Month-to-month,Electronic check,Fiber optic,93.35,5386.5,No,0.4607,Medio,0.0
8784-CGILN,0,0,0,0,18,13-24 meses,Month-to-month,Bank transfer (automatic),Fiber optic,99.85,1776.95,Yes,0.6765,Alto,99.85
5389-FFVKB,1,1,1,0,32,25-48 meses,Month-to-month,Credit card (automatic),Fiber optic,80.3,2483.05,Yes,0.6176,Alto,80.3
7009-LGECI,0,0,0,0,4,0-12 meses,Month-to-month,Bank transfer (automatic),DSL,50.55,235.65,No,0.5521,Medio,0.0
8444-WRIDW,0,1,0,0,66,49-72 meses,Month-to-month,Credit card (automatic),Fiber optic,80.45,5224.35,Yes,0.4477,Medio,0.0
5022-KVDQT,1,0,0,0,27,25-48 meses,Month-to-month,Electronic check,Fiber optic,81.3,2272.8,No,0.6944,Alto,81.3
7976-CICYS,1,0,0,0,4,0-12 meses,Month-to-month,Credit card (automatic),No,20.7,83.75,No,0.2267,Bajo,0.0
1036-GUDCL,1,0,1,1,60,49-72 meses,Month-to-month,Credit card (automatic),DSL,79.05,4663.4,No,0.1907,Bajo,0.0
2005-DWQZJ,0,0,1,1,8,0-12 meses,Two year,Mailed check,No,19.05,201.7,No,0.0783,Bajo,0.0
8148-WOCMK,1,0,1,1,8,0-12 meses,Two year,Credit card (automatic),No,19.6,125.0,No,0.0891,Bajo,0.0
7815-PDTHL,1,0,0,0,35,25-48 meses,Two year,Mailed check,No,20.2,684.4,No,0.0588,Bajo,0.0
9451-LPGOO,1,0,0,0,7,0-12 meses,Month-to-month,Electronic check,Fiber optic,86.8,620.35,Yes,0.8788,Alto,86.8
9173-IVZVP,0,0,1,1,53,49-72 meses,Two year,Mailed check,No,20.9,1146.05,No,0.0385,Bajo,0.0
9129-UXERG,0,1,0,0,18,13-24 meses,Month-to-month,Credit card (automatic),Fiber optic,103.6,1806.35,No,0.6624,Alto,103.6
3635-JBPSG,0,0,0,0,15,13-24 meses,Two year,Mailed check,DSL,38.8,603.0,No,0.3095,Medio,0.0
7964-ZRKKG,1,0,1,0,67,49-72 meses,One year,Bank transfer (automatic),Fiber optic,88.4,5798.3,No,0.3532,Medio,0.0
5868-YWPDW,1,1,1,0,6,0-12 meses,Month-to-month,Electronic check,Fiber optic,84.2,519.15,Yes,0.8513,Alto,84.2
6229-LSCKB,1,1,0,0,6,0-12 meses,Month-to-month,Electronic check,Fiber optic,79.7,497.6,No,0.8575,Alto,79.7
2025-JKFWI,1,0,0,0,13,13-24 meses,Month-to-month,Mailed check,Fiber optic,99.0,1301.7,Yes,0.7343,Alto,99.0
4078-SAYYN,0,0,0,0,11,0-12 meses,Month-to-month,Electronic check,Fiber optic,100.75,1129.75,Yes,0.8696,Alto,100.75
1724-IQWNM,1,0,0,1,1,0-12 meses,Month-to-month,Mailed check,No,19.3,19.3,No,0.5202,Medio,0.0
8217-QYOHV,1,0,0,0,5,0-12 meses,Month-to-month,Mailed check,DSL,55.75,266.95,No,0.4545,Medio,0.0
5546-QUERU,1,0,0,0,13,13-24 meses,One year,Mailed check,No,19.95,257.0,No,0.105,Bajo,0.0
9940-HPQPG,0,0,1,0,9,0-12 meses,Month-to-month,Bank transfer (automatic),Fiber optic,91.75,865.8,Yes,0.6892,Alto,91.75
6897-UUBNU,1,0,0,0,29,25-48 meses,Month-to-month,Mailed check,Fiber optic,89.65,2623.65,No,0.4303,Medio,0.0
6127-IYJOZ,1,1,0,0,1,0-12 meses,Month-to-month,Mailed check,DSL,45.85,45.85,No,0.7627,Alto,45.85
6618-RYATB,0,0,0,0,1,0-12 meses,Month-to-month,Mailed check,Fiber optic,79.55,79.55,Yes,0.8908,Alto,79.55
8930-XOTDP,0,0,1,1,18,13-24 meses,Month-to-month,Mailed check,DSL,55.95,1082.8,No,0.3954,Medio,0.0
5916-QEWPT,0,0,1,0,2,0-12 meses,Month-to-month,Credit card (automatic),DSL,69.0,147.8,No,0.6242,Alto,69.0
5060-TQUQN,1,0,1,1,30,25-48 meses,Month-to-month,Bank transfer (automatic),Fiber optic,83.55,2570.2,No,0.4923,Medio,0.0
0531-XBKMM,1,0,0,1,66,49-72 meses,Two year,Bank transfer (automatic),DSL,65.7,4378.9,No,0.0518,Bajo,0.0
8465-SBRXP,1,0,1,1,38,25-48 meses,Two year,Bank transfer (automatic),Fiber optic,94.9,3616.25,No,0.2695,Bajo,0.0
2408-PSJVE,1,0,1,1,44,25-48 meses,Month-to-month,Mailed check,DSL,61.9,2924.05,No,0.2397,Bajo,0.0
9079-YEXQJ,0,0,0,0,54,49-72 meses,Month-to-month,Electronic check,Fiber optic,111.1,6014.85,Yes,0.5041,Medio,0.0
9700-ZCLOT,1,0,0,0,2,0-12 meses,Month-to-month,Mailed check,No,20.0,32.7,No,0.3108,Medio,0.0
8738-JOKAR,0,0,0,0,42,25-48 meses,One year,Mailed check,DSL,67.7,2882.25,No,0.2227,Bajo,0.0
4534-WGCIR,0,0,1,1,58,49-72 meses,Two year,Credit card (automatic),No,25.15,1509.9,No,0.0331,Bajo,0.0
1930-WNXSB,1,0,1,1,58,49-72 meses,Month-to-month,Electronic check,Fiber optic,92.85,5305.05,No,0.5116,Medio,0.0
2685-SREOM,0,0,1,1,25,25-48 meses,Month-to-month,Electronic check,Fiber optic,89.1,2368.4,Yes,0.72,Alto,89.1
3508-CFVZL,0,0,0,0,71,49-72 meses,Two year,Mailed check,Fiber optic,111.3,7985.9,No,0.1313,Bajo,0.0
0402-CQAJN,0,0,0,0,37,25-48 meses,Month-to-month,Bank transfer (automatic),Fiber optic,101.9,3545.35,Yes,0.6179,Alto,101.9
6692-UDPJC,0,0,1,1,14,13-24 meses,Month-to-month,Electronic check,Fiber optic,91.65,1301.0,Yes,0.7506,Alto,91.65
1273-MTETI,0,1,0,0,4,0-12 meses,Month-to-month,Electronic check,Fiber optic,88.85,372.45,Yes,0.8946,Alto,88.85
0657-DOGUM,0,0,1,0,48,25-48 meses,One year,Bank transfer (automatic),DSL,60.6,2985.25,No,0.1266,Bajo,0.0
5480-HPRRX,0,1,0,0,3,0-12 meses,Month-to-month,Electronic check,DSL,25.3,77.75,Yes,0.7362,Alto,25.3
8792-AOROI,0,0,1,0,8,0-12 meses,Two year,Mailed check,DSL,65.5,564.35,No,0.2502,Bajo,0.0
0295-PPHDO,1,0,0,0,1,0-12 meses,Month-to-month,Electronic check,Fiber optic,95.45,95.45,Yes,0.9276,Alto,95.45
5146-YYFRZ,1,0,0,0,67,49-72 meses,Two year,Bank transfer (automatic),No,19.95,1311.75,No,0.0511,Bajo,0.0
1195-OIYEJ,1,0,0,0,13,13-24 meses,Month-to-month,Electronic check,Fiber optic,91.1,1135.7,Yes,0.8188,Alto,91.1
5906-CVLHP,0,0,1,1,45,25-48 meses,One year,Credit card (automatic),DSL,54.15,2319.8,Yes,0.2581,Bajo,0.0
3452-SRFEG,1,0,0,0,49,49-72 meses,Month-to-month,Bank transfer (automatic),Fiber optic,74.6,3720.35,No,0.5245,Medio,0.0
4070-OKWVH,0,0,1,0,52,49-72 meses,Month-to-month,Bank transfer (automatic),Fiber optic,94.6,5025.8,No,0.4385,Medio,0.0
5297-MDOIR,0,0,1,0,63,49-72 meses,One year,Credit card (automatic),Fiber optic,81.15,5224.5,No,0.2516,Bajo,0.0
6369-MCAKO,0,0,1,1,68,49-72 meses,Two year,Bank transfer (automatic),DSL,89.05,6185.8,No,0.0333,Bajo,0.0
4926-UMJZD,0,0,1,0,31,25-48 meses,Month-to-month,Mailed check,DSL,49.2,1498.55,No,0.2706,Bajo,0.0
6848-HJTXY,0,0,1,0,64,49-72 meses,Two year,Credit card (automatic),No,19.45,1208.6,No,0.0306,Bajo,0.0
6341-AEVKX,0,0,1,0,62,49-72 meses,One year,Electronic check,Fiber optic,104.3,6613.65,No,0.3957,Medio,0.0
4501-EQDRN,0,0,0,0,1,0-12 meses,Month-to-month,Bank transfer (automatic),Fiber optic,69.7,69.7,Yes,0.8541,Alto,69.7
2990-HWIML,0,0,0,0,6,0-12 meses,Month-to-month,Electronic check,Fiber optic,89.5,573.3,Yes,0.8736,Alto,89.5
0682-USIXD,0,0,1,0,21,13-24 meses,Month-to-month,Electronic check,Fiber optic,86.05,1818.9,No,0.668,Alto,86.05
6976-BWGLQ,0,0,1,1,72,49-72 meses,Two year,Bank transfer (automatic),No,25.2,1787.35,No,0.0133,Bajo,0.0
7078-NVFAM,0,0,1,1,32,25-48 meses,Month-to-month,Electronic check,DSL,35.15,1051.05,No,0.3894,Medio,0.0
8065-QBYTO,0,1,0,0,71,49-72 meses,One year,Credit card (automatic),Fiber optic,99.65,7181.25,No,0.2746,Bajo,0.0
2133-TSRRM,0,0,0,1,34,25-48 meses,Month-to-month,Bank transfer (automatic),Fiber optic,105.35,3688.6,No,0.5207,Medio,0.0
7384-GHBPI,1,0,1,0,3,0-12 meses,Month-to-month,Electronic check,DSL,35.15,99.75,Yes,0.7822,Alto,35.15
7603-USHJS,1,0,0,1,12,0-12 meses,Month-to-month,Credit card (automatic),Fiber optic,73.75,871.4,Yes,0.6903,Alto,73.75
7234-FECYN,0,1,0,0,8,0-12 meses,Month-to-month,Electronic check,Fiber optic,101.35,780.5,Yes,0.86,Alto,101.35
2511-ALLCS,0,0,1,1,35,25-48 meses,Two year,Bank transfer (automatic),No,24.3,821.6,No,0.0323,Bajo,0.0
3191-CSNMG,0,0,1,1,3,0-12 meses,Month-to-month,Electronic check,Fiber optic,80.7,239.45,No,0.8378,Alto,80.7
7952-OBOYL,1,0,0,0,3,0-12 meses,Month-to-month,Mailed check,Fiber optic,89.85,244.45,No,0.8103,Alto,89.85
7470-DYNOE,1,0,0,0,53,49-72 meses,One year,Electronic check,DSL,61.1,3357.9,No,0.2897,Bajo,0.0
7853-OETYL,0,0,1,0,4,0-12 meses,Month-to-month,Electronic check,DSL,29.05,129.6,No,0.6681,Alto,29.05
1545-ACTAS,0,0,1,1,48,25-48 meses,One year,Bank transfer (automatic),Fiber optic,99.7,4977.2,No,0.4062,Medio,0.0
5876-HZVZM,0,0,1,1,6,0-12 meses,Month-to-month,Credit card (automatic),DSL,55.9,365.35,Yes,0.3924,Medio,0.0
1400-MMYXY,1,1,1,0,3,0-12 meses,Month-to-month,Electronic check,Fiber optic,105.9,334.65,Yes,0.8864,Alto,105.9
5126-RCXYW,1,0,1,1,54,49-72 meses,Two year,Credit card (automatic),DSL,46.0,2424.05,No,0.1091,Bajo,0.0
3085-QUOZK,0,0,0,0,1,0-12 meses,Month-to-month,Mailed check,DSL,43.95,43.95,Yes,0.7095,Alto,43.95
2363-BJLSL,1,0,0,0,62,49-72 meses,Month-to-month,Bank transfer (automatic),DSL,80.4,4981.15,No,0.2417,Bajo,0.0
1956-YIFGE,1,0,1,1,22,13-24 meses,One year,Mailed check,Fiber optic,100.05,2090.25,No,0.5448,Medio,0.0
3926-CUQZX,1,0,0,0,1,0-12 meses,Month-to-month,Bank transfer (automatic),DSL,45.1,45.1,Yes,0.7569,Alto,45.1
7921-LMDFQ,1,1,0,0,51,49-72 meses,One year,Bank transfer (automatic),Fiber optic,94.0,4905.75,No,0.4382,Medio,0.0
2925-MXLSX,0,0,0,0,30,25-48 meses,One year,Credit card (automatic),DSL,68.95,2038.7,No,0.2675,Bajo,0.0
5820-PTRYM,0,1,1,0,56,49-72 meses,One year,Credit card (automatic),DSL,68.45,4014.0,No,0.1642,Bajo,0.0
9609-BENEA,1,0,1,0,35,25-48 meses,One year,Electronic check,DSL,69.0,2441.7,No,0.2948,Bajo,0.0
6211-WHMYA,0,1,0,0,64,49-72 meses,Month-to-month,Electronic check,DSL,43.85,2751.0,No,0.372,Medio,0.0
4459-BBGHE,1,0,0,1,30,25-48 meses,Month-to-month,Electronic check,DSL,44.5,1307.8,No,0.424,Medio,0.0
9945-PSVIP,0,0,1,1,25,25-48 meses,Two year,Mailed check,No,18.7,383.65,No,0.0683,Bajo,0.0
1041-RXHRA,0,0,0,0,41,25-48 meses,Month-to-month,Bank transfer (automatic),Fiber optic,70.25,2868.05,Yes,0.5009,Medio,0.0
1750-CSKKM,1,0,0,1,9,0-12 meses,Month-to-month,Electronic check,DSL,55.35,449.75,Yes,0.5957,Medio,0.0
9108-EJFJP,0,0,1,0,1,0-12 meses,Month-to-month,Mailed check,DSL,53.55,53.55,No,0.6018,Alto,53.55
0530-IJVDB,1,0,0,1,70,49-72 meses,Two year,Electronic check,Fiber optic,114.6,7882.5,No,0.2026,Bajo,0.0
0508-SQWPL,0,0,1,1,57,49-72 meses,Two year,Bank transfer (automatic),No,20.1,1087.7,No,0.0409,Bajo,0.0
2215-ZAFGX,1,0,0,0,9,0-12 meses,Month-to-month,Electronic check,Fiber optic,85.5,791.7,No,0.8609,Alto,85.5
8213-TAZPM,0,0,1,1,69,49-72 meses,One year,Bank transfer (automatic),Fiber optic,108.75,7493.05,No,0.3344,Medio,0.0
7142-HVGBG,1,1,1,0,43,25-48 meses,Month-to-month,Electronic check,Fiber optic,103.0,4414.3,Yes,0.7238,Alto,103.0
1304-SEGFY,0,0,1,0,72,49-72 meses,Two year,Electronic check,Fiber optic,97.85,6841.3,No,0.3411,Medio,0.0
7242-EDTYC,1,0,0,1,44,25-48 meses,Two year,Bank transfer (automatic),No,19.55,819.95,No,0.0599,Bajo,0.0
2904-GGUAZ,0,0,1,0,72,49-72 meses,Two year,Bank transfer (automatic),Fiber optic,84.05,6052.25,No,0.148,Bajo,0.0
8267-ZNYVZ,0,0,1,0,33,25-48 meses,One year,Electronic check,Fiber optic,103.75,3361.05,Yes,0.5296,Medio,0.0
5136-GFPMB,1,0,0,0,54,49-72 meses,Month-to-month,Credit card (automatic),Fiber optic,89.4,4869.5,No,0.4541,Medio,0.0
2595-KIWPV,1,0,0,1,27,25-48 meses,Two year,Credit card (automatic),No,19.7,509.3,No,0.0474,Bajo,0.0
5243-SAOTC,1,0,0,0,54,49-72 meses,Month-to-month,Bank transfer (automatic),Fiber optic,79.85,4308.25,No,0.4731,Medio,0.0
9398-MMQTO,1,0,0,0,3,0-12 meses,Month-to-month,Credit card (automatic),Fiber optic,74.45,221.1,No,0.7191,Alto,74.45
7619-PLRLP,0,0,1,0,53,49-72 meses,One year,Bank transfer (automatic),DSL,74.1,3833.95,No,0.1945,Bajo,0.0
6457-GIRWB,1,0,0,0,1,0-12 meses,Month-to-month,Electronic check,Fiber optic,69.35,69.35,Yes,0.8871,Alto,69.35
6508-NJYRO,1,0,1,0,15,13-24 meses,One year,Mailed check,No,18.8,294.95,No,0.084,Bajo,0.0
1450-SKCVI,0,0,0,0,56,49-72 meses,Month-to-month,Electronic check,Fiber optic,73.85,4092.85,Yes,0.5528,Medio,0.0
4710-NKCAW,1,0,1,1,5,0-12 meses,Month-to-month,Credit card (automatic),DSL,64.4,316.9,No,0.4043,Medio,0.0
5306-BVTKJ,1,0,1,1,48,25-48 meses,One year,Credit card (automatic),DSL,55.8,2651.2,No,0.251,Bajo,0.0
0357-NVCRI,0,0,0,1,25,25-48 meses,Month-to-month,Credit card (automatic),No,20.05,471.7,No,0.1125,Bajo,0.0
5570-PTWEH,0,0,1,0,3,0-12 meses,Month-to-month,Credit card (automatic),Fiber optic,75.15,216.75,Yes,0.834,Alto,75.15
2371-KFUOG,1,0,0,0,58,49-72 meses,One year,Bank transfer (automatic),Fiber optic,99.15,5720.95,No,0.3417,Medio,0.0
0463-ZSDNT,1,0,0,0,10,0-12 meses,Month-to-month,Bank transfer (automatic),DSL,56.75,503.25,No,0.5079,Medio,0.0
6502-MJQAE,1,0,0,0,1,0-12 meses,Month-to-month,Electronic check,Fiber optic,69.6,69.6,Yes,0.8915,Alto,69.6
6257-DTAYD,1,0,1,0,71,49-72 meses,Two year,Credit card (automatic),Fiber optic,104.15,7365.3,No,0.2585,Bajo,0.0
4616-ULAOA,0,0,1,1,65,49-72 meses,Two year,Credit card (automatic),Fiber optic,110.8,7245.9,No,0.2328,Bajo,0.0
7693-LCKZL,1,0,1,1,5,0-12 meses,Month-to-month,Electronic check,Fiber optic,80.15,385.0,Yes,0.8479,Alto,80.15
7746-AWNQW,0,0,0,0,28,25-48 meses,Month-to-month,Mailed check,DSL,35.75,961.4,No,0.3428,Medio,0.0
5996-EBTKM,0,0,1,1,67,49-72 meses,Two year,Bank transfer (automatic),DSL,69.9,4615.9,No,0.0869,Bajo,0.0
2758-RNWXS,1,0,0,0,35,25-48 meses,One year,Electronic check,Fiber optic,89.2,3251.3,No,0.4395,Medio,0.0
2314-TNDJQ,0,0,1,1,72,49-72 meses,Two year,Credit card (automatic),DSL,55.65,3880.05,No,0.0352,Bajo,0.0
2405-LBMUW,0,0,1,1,61,49-72 meses,One year,Bank transfer (automatic),DSL,50.7,3088.75,No,0.1435,Bajo,0.0
3454-JFUBC,1,1,0,0,68,49-72 meses,Two year,Credit card (automatic),No,20.0,1396.0,No,0.0537,Bajo,0.0
0032-PGELS,0,0,1,1,1,0-12 meses,Month-to-month,Bank transfer (automatic),DSL,30.5,30.5,Yes,0.6022,Alto,30.5
9039-ZVJDC,1,0,0,0,3,0-12 meses,Month-to-month,Mailed check,No,19.1,53.05,No,0.2254,Bajo,0.0
6797-LNAQX,1,0,1,1,70,49-72 meses,Two year,Bank transfer (automatic),Fiber optic,98.3,6859.5,Yes,0.2437,Bajo,0.0
9013-AQORL,0,0,0,1,48,25-48 meses,Month-to-month,Credit card (automatic),DSL,45.55,2108.35,No,0.3311,Medio,0.0
2898-MRKPI,1,0,1,1,68,49-72 meses,One year,Credit card (automatic),Fiber optic,101.05,6770.5,No,0.4051,Medio,0.0
2750-BJLSB,0,0,0,0,47,25-48 meses,One year,Electronic check,Fiber optic,103.7,4730.6,No,0.4772,Medio,0.0
3648-GZPHF,1,0,1,1,32,25-48 meses,One year,Mailed check,DSL,36.25,1151.05,No,0.2793,Bajo,0.0
2075-RMJIK,0,0,1,1,5,0-12 meses,Month-to-month,Mailed check,DSL,49.4,232.55,No,0.5112,Medio,0.0
9588-YRFHY,1,0,0,0,49,49-72 meses,Two year,Credit card (automatic),No,19.9,1022.6,No,0.0459,Bajo,0.0
6394-MFYNG,0,0,0,0,48,25-48 meses,Month-to-month,Bank transfer (automatic),Fiber optic,107.4,5121.3,Yes,0.5698,Medio,0.0
1564-NTYXF,0,1,0,0,13,13-24 meses,Month-to-month,Electronic check,Fiber optic,82.0,1127.2,Yes,0.8365,Alto,82.0
9364-YKUVW,1,0,0,0,15,13-24 meses,Month-to-month,Mailed check,No,19.8,309.4,No,0.2091,Bajo,0.0
5392-AKEMH,0,0,0,0,12,0-12 meses,Month-to-month,Electronic check,DSL,45.05,523.1,No,0.5902,Medio,0.0
2451-YMUXS,1,1,0,0,67,49-72 meses,Two year,Bank transfer (automatic),DSL,64.55,4250.1,No,0.0935,Bajo,0.0
3914-FDRHP,1,0,0,0,9,0-12 meses,Month-to-month,Electronic check,Fiber optic,86.25,770.5,No,0.736,Alto,86.25
3078-ZKNTS,0,0,1,1,13,13-24 meses,Two year,Bank transfer (automatic),No,19.75,246.7,No,0.1042,Bajo,0.0
1024-KPRBB,0,0,0,0,38,25-48 meses,One year,Mailed check,Fiber optic,89.1,3342.0,No,0.4925,Medio,0.0
4690-PKDQG,0,1,1,0,42,25-48 meses,Month-to-month,Electronic check,Fiber optic,95.55,3930.6,No,0.677,Alto,95.55
8155-IBNHG,0,0,1,0,24,13-24 meses,Month-to-month,Credit card (automatic),Fiber optic,75.4,1747.85,Yes,0.5821,Medio,0.0
0886-QGENL,0,1,1,0,27,25-48 meses,Month-to-month,Electronic check,Fiber optic,101.25,2754.45,Yes,0.6904,Alto,101.25
9547-ITEFG,1,0,1,1,9,0-12 meses,Month-to-month,Credit card (automatic),Fiber optic,102.6,897.75,No,0.7967,Alto,102.6
1264-FUHCX,0,0,1,0,49,49-72 meses,One year,Credit card (automatic),DSL,56.3,2780.6,No,0.2508,Bajo,0.0
7789-CRUVC,0,1,1,0,61,49-72 meses,Month-to-month,Credit card (automatic),Fiber optic,94.2,5895.45,No,0.2915,Bajo,0.0
6598-KELSS,1,0,0,1,50,49-72 meses,One year,Bank transfer (automatic),DSL,43.05,2208.05,No,0.2092,Bajo,0.0
8739-WWKDU,1,1,0,0,25,25-48 meses,Month-to-month,Electronic check,Fiber optic,89.5,2196.15,Yes,0.7604,Alto,89.5
8685-WHQPW,0,1,0,0,22,13-24 meses,Month-to-month,Bank transfer (automatic),Fiber optic,74.4,1692.6,Yes,0.6324,Alto,74.4
4745-LSPLO,1,0,0,0,1,0-12 meses,Month-to-month,Mailed check,No,20.5,20.5,Yes,0.5342,Medio,0.0
8083-YTZES,1,0,0,0,4,0-12 meses,Month-to-month,Electronic check,Fiber optic,74.35,265.35,Yes,0.8564,Alto,74.35
7240-FQLHE,0,1,1,0,18,13-24 meses,Month-to-month,Bank transfer (automatic),Fiber optic,99.75,1836.25,Yes,0.6431,Alto,99.75
6664-FPDAC,0,1,0,0,56,49-72 meses,One year,Electronic check,Fiber optic,111.95,6418.9,Yes,0.5032,Medio,0.0
9972-VAFJJ,0,1,1,0,53,49-72 meses,One year,Electronic check,Fiber optic,94.0,4871.45,No,0.3988,Medio,0.0
0422-UXFAP,0,0,1,0,51,49-72 meses,One year,Electronic check,Fiber optic,98.85,4947.55,No,0.5325,Medio,0.0
1904-WAJAA,0,0,1,1,24,13-24 meses,Two year,Electronic check,DSL,64.35,1558.65,No,0.195,Bajo,0.0
5130-YPIRV,0,0,1,0,62,49-72 meses,Two year,Credit card (automatic),DSL,72.0,4284.2,No,0.0818,Bajo,0.0
2843-CQMEG,1,0,0,0,24,13-24 meses,Month-to-month,Mailed check,DSL,49.7,1218.25,No,0.3788,Medio,0.0
6439-PKTRR,0,0,1,1,70,49-72 meses,Two year,Electronic check,DSL,80.7,5617.95,No,0.1127,Bajo,0.0
5351-QESIO,1,0,0,1,1,0-12 meses,Month-to-month,Mailed check,DSL,24.2,24.2,No,0.7008,Alto,24.2
0786-VSSUD,1,1,0,0,16,13-24 meses,Month-to-month,Mailed check,DSL,39.0,679.85,Yes,0.5178,Medio,0.0
5568-DMXZS,0,0,0,0,8,0-12 meses,Month-to-month,Electronic check,DSL,65.45,554.45,No,0.5138,Medio,0.0
8468-FZTOE,0,0,1,1,72,49-72 meses,Two year,Electronic check,DSL,74.35,5237.4,No,0.1039,Bajo,0.0
6633-SYEUS,0,0,0,0,23,13-24 meses,Month-to-month,Bank transfer (automatic),Fiber optic,83.2,2032.3,No,0.4274,Medio,0.0
6447-GORXK,1,0,0,1,31,25-48 meses,Month-to-month,Credit card (automatic),DSL,25.0,789.2,No,0.3699,Medio,0.0
6967-PEJLL,1,0,1,1,37,25-48 meses,One year,Electronic check,DSL,40.2,1525.35,No,0.2221,Bajo,0.0
3976-BWUCK,0,0,1,0,30,25-48 meses,Month-to-month,Credit card (automatic),Fiber optic,94.1,2804.45,Yes,0.531,Medio,0.0
5981-ZVXOT,0,1,0,0,35,25-48 meses,One year,Electronic check,Fiber optic,108.35,3726.15,No,0.5407,Medio,0.0
1684-FLBGS,0,0,1,1,23,13-24 meses,Month-to-month,Credit card (automatic),DSL,69.5,1652.1,No,0.2911,Bajo,0.0
1389-WNUIB,0,0,1,1,20,13-24 meses,One year,Bank transfer (automatic),DSL,76.0,1588.75,No,0.2588,Bajo,0.0
0376-OIWME,1,0,1,0,36,25-48 meses,Month-to-month,Electronic check,Fiber optic,93.6,3366.05,No,0.6168,Alto,93.6
3585-ISXZP,0,0,0,0,8,0-12 meses,Month-to-month,Bank transfer (automatic),Fiber optic,95.65,778.1,Yes,0.8299,Alto,95.65
0218-QNVAS,1,0,1,1,71,49-72 meses,One year,Bank transfer (automatic),Fiber optic,100.55,7113.75,No,0.3419,Medio,0.0
6583-QGCSI,0,1,1,0,50,49-72 meses,Month-to-month,Electronic check,Fiber optic,88.05,4367.35,Yes,0.654,Alto,88.05
0804-YGEQV,0,0,1,1,43,25-48 meses,One year,Bank transfer (automatic),No,24.45,993.15,No,0.0619,Bajo,0.0
7164-BPTUT,1,0,0,1,57,49-72 meses,Two year,Mailed check,DSL,89.55,5012.35,No,0.0687,Bajo,0.0
4174-LPGTI,0,0,1,1,41,25-48 meses,One year,Bank transfer (automatic),DSL,66.5,2728.6,Yes,0.2999,Bajo,0.0
2523-EWWZL,0,0,1,0,27,25-48 meses,Month-to-month,Electronic check,Fiber optic,76.1,2093.4,No,0.6432,Alto,76.1
0928-XUTSN,0,0,0,0,13,13-24 meses,Month-to-month,Electronic check,Fiber optic,80.5,1011.8,No,0.7864,Alto,80.5
2108-XWMPY,1,0,0,0,3,0-12 meses,Month-to-month,Mailed check,DSL,35.45,106.85,Yes,0.6329,Alto,35.45
0052-YNYOT,0,0,0,0,67,49-72 meses,One year,Electronic check,No,20.55,1343.4,No,0.1013,Bajo,0.0
6304-IJFSQ,1,0,0,0,3,0-12 meses,Month-to-month,Mailed check,DSL,49.9,130.1,Yes,0.6718,Alto,49.9
9586-JGQKH,0,0,1,0,64,49-72 meses,Two year,Bank transfer (automatic),Fiber optic,105.4,6794.75,No,0.2553,Bajo,0.0
4501-VCPFK,1,0,0,0,26,25-48 meses,Month-to-month,Electronic check,DSL,35.75,1022.5,No,0.3736,Medio,0.0
6075-SLNIL,1,0,0,0,38,25-48 meses,Month-to-month,Credit card (automatic),Fiber optic,95.1,3691.2,No,0.5495,Medio,0.0
9347-AERRL,1,0,1,0,23,13-24 meses,One year,Credit card (automatic),No,19.3,486.2,No,0.0584,Bajo,0.0
0093-XWZFY,1,0,0,0,40,25-48 meses,Month-to-month,Credit card (automatic),Fiber optic,104.5,4036.85,Yes,0.6093,Alto,104.5
2274-XUATA,1,1,1,0,72,49-72 meses,Two year,Bank transfer (automatic),DSL,63.1,4685.55,No,0.0662,Bajo,0.0
1980-KXVPM,0,1,0,0,3,0-12 meses,Month-to-month,Credit card (automatic),Fiber optic,75.05,256.25,Yes,0.8349,Alto,75.05
7703-ZEKEF,1,0,0,0,23,13-24 meses,Month-to-month,Electronic check,Fiber optic,81.0,1917.1,Yes,0.7107,Alto,81.0
0723-DRCLG,0,1,1,0,1,0-12 meses,Month-to-month,Electronic check,Fiber optic,74.45,74.45,Yes,0.8991,Alto,74.45
5482-NUPNA,0,0,0,0,4,0-12 meses,Month-to-month,Mailed check,DSL,60.4,272.15,Yes,0.4596,Medio,0.0
6691-CCIHA,0,0,1,0,62,49-72 meses,Two year,Electronic check,DSL,84.95,5150.55,No,0.1445,Bajo,0.0
1685-BQULA,0,0,0,0,40,25-48 meses,Month-to-month,Bank transfer (automatic),Fiber optic,93.4,3756.4,No,0.5557,Medio,0.0
9053-EJUNL,1,0,0,0,41,25-48 meses,Month-to-month,Electronic check,Fiber optic,89.2,3645.75,No,0.649,Alto,89.2
0666-UXTJO,1,1,1,0,34,25-48 meses,Month-to-month,Credit card (automatic),Fiber optic,85.2,2874.45,No,0.5582,Medio,0.0
1471-GIQKQ,0,0,0,0,1,0-12 meses,Month-to-month,Electronic check,DSL,49.95,49.95,No,0.6889,Alto,49.95
4807-IZYOZ,0,0,0,0,51,49-72 meses,Two year,Bank transfer (automatic),No,20.65,1020.75,No,0.0396,Bajo,0.0
1122-JWTJW,1,0,1,1,1,0-12 meses,Month-to-month,Mailed check,Fiber optic,70.65,70.65,Yes,0.8621,Alto,70.65
9710-NJERN,0,0,0,0,39,25-48 meses,Two year,Mailed check,No,20.15,826.0,No,0.0381,Bajo,0.0
9837-FWLCH,1,0,1,1,12,0-12 meses,Month-to-month,Electronic check,No,19.2,239.0,No,0.2076,Bajo,0.0
1699-HPSBG,1,0,0,0,12,0-12 meses,One year,Electronic check,DSL,59.8,727.8,Yes,0.4419,Medio,0.0
7203-OYKCT,1,0,0,0,72,49-72 meses,One year,Electronic check,Fiber optic,104.95,7544.3,No,0.4825,Medio,0.0
1035-IPQPU,0,1,1,0,63,49-72 meses,Month-to-month,Electronic check,Fiber optic,103.5,6479.4,No,0.6112,Alto,103.5
7398-LXGYX,1,0,1,0,44,25-48 meses,Month-to-month,Credit card (automatic),Fiber optic,84.8,3626.35,No,0.4486,Medio,0.0
2823-LKABH,0,0,0,0,18,13-24 meses,Month-to-month,Bank transfer (automatic),Fiber optic,95.05,1679.4,No,0.5979,Medio,0.0
8775-CEBBJ,0,0,0,0,9,0-12 meses,Month-to-month,Bank transfer (automatic),DSL,44.2,403.35,Yes,0.5552,Medio,0.0
0550-DCXLH,1,0,0,0,13,13-24 meses,Month-to-month,Mailed check,DSL,73.35,931.55,No,0.4199,Medio,0.0
9281-CEDRU,0,0,1,0,68,49-72 meses,Two year,Bank transfer (automatic),DSL,64.1,4326.25,No,0.0785,Bajo,0.0
2235-DWLJU,0,1,0,0,6,0-12 meses,Month-to-month,Electronic check,DSL,44.4,263.05,No,0.7389,Alto,44.4
0871-OPBXW,0,0,0,0,2,0-12 meses,Month-to-month,Mailed check,No,20.05,39.25,No,0.27,Bajo,0.0
3605-JISKB,1,1,1,0,55,49-72 meses,One year,Credit card (automatic),DSL,60.0,3316.1,No,0.2318,Bajo,0.0
6894-LFHLY,1,1,0,0,1,0-12 meses,Month-to-month,Electronic check,Fiber optic,75.75,75.75,Yes,0.9076,Alto,75.75
9767-FFLEM,1,0,0,0,38,25-48 meses,Month-to-month,Credit card (automatic),Fiber optic,69.5,2625.25,No,0.5257,Medio,0.0
0639-TSIQW,0,0,0,0,67,49-72 meses,Month-to-month,Credit card (automatic),Fiber optic,102.95,6886.25,Yes,0.3891,Medio,0.0
8456-QDAVC,1,0,0,0,19,13-24 meses,Month-to-month,Bank transfer (automatic),Fiber optic,78.7,1495.1,No,0.6101,Alto,78.7
7750-EYXWZ,0,0,0,0,12,0-12 meses,One year,Electronic check,DSL,60.65,743.3,No,0.3953,Medio,0.0
2569-WGERO,0,0,0,0,72,49-72 meses,Two year,Bank transfer (automatic),No,21.15,1419.4,No,0.0318,Bajo,0.0
6840-RESVB,1,0,1,1,24,13-24 meses,One year,Mailed check,DSL,84.8,1990.5,No,0.2544,Bajo,0.0
2234-XADUH,0,0,1,1,72,49-72 meses,One year,Credit card (automatic),Fiber optic,103.2,7362.9,No,0.3384,Medio,0.0
4801-JZAZL,0,0,1,1,11,0-12 meses,Month-to-month,Electronic check,DSL,29.6,346.45,No,0.5327,Medio,0.0
8361-LTMKD,1,1,1,0,4,0-12 meses,Month-to-month,Mailed check,Fiber optic,74.4,306.6,Yes,0.8381,Alto,74.4
3186-AJIEK,1,0,0,0,66,49-72 meses,Two year,Bank transfer (automatic),Fiber optic,105.65,6844.5,No,0.2666,Bajo,0.0
